service_id,monday,tuesday,wednesday,thursday,friday,saturday,sunday,start_date,end_date
ABR_Dissabtes,0,0,0,0,0,1,0,20241224,20261231
ABR_Diumenges,0,0,0,0,0,0,1,20241224,20261231
ABR_Laborables,1,1,1,1,1,0,0,20241227,20261231
ABR_Laborables escolar,1,1,1,1,1,0,0,20260107,20260630
ABR_Laborables escolar 2,1,1,1,1,1,0,0,20260901,20261231
ABR_Laborables estiu,1,1,1,1,1,0,0,20260701,20260830
ABR_diumenges estiu,0,0,0,0,0,0,1,20260701,20260831
ALS_000007200000111400000009,1,1,1,1,1,0,0,20260101,20280101
ALS_000007200000111400000010,1,1,1,1,1,0,0,20260908,20261221
ALS_000007200000111400000012,1,1,1,1,1,0,0,20260101,20280101
ALS_000007200000111500000007,1,1,1,1,1,0,0,20260101,20280101
ALS_000007200000111500000012,1,1,1,1,1,0,0,20260101,20280101
ALS_000007200000111500000013,1,1,1,1,1,0,0,20260908,20261221
ALS_000007200000115600000002,1,1,1,1,1,1,0,20260101,20280101
ALS_000007200000115600000003,1,1,1,1,1,1,0,20260101,20280101
ALS_000007200000115600000005,1,1,1,1,1,0,0,20260908,20261221
ALS_000007200000115700000002,1,1,1,1,1,1,0,20260101,20280101
ALS_000007200000115700000003,1,1,1,1,1,0,0,20260101,20280101
ALS_000007200000115700000005,1,1,1,1,1,0,0,20260908,20261221
ALS_000007200000204300000001,1,1,1,1,1,0,0,20260101,20280101
ALS_000007200000204300000002,1,1,1,1,1,0,0,20260101,20280101
ALS_000007200000204300000003,1,1,1,1,1,0,0,20260101,20280101
ALS_000007200000204300000004,1,1,1,1,1,0,0,20260101,20280101
ALS_000007200000204300000005,1,1,1,1,1,1,1,20260101,20280101
ALS_000007200000204300000006,1,1,1,1,1,0,0,20260101,20280101
ALS_000007200000204300000007,1,1,1,1,1,0,0,20260101,20280101
ALS_000007200000204300000008,1,1,1,1,1,1,0,20260101,20280101
ALS_000007200000204300000009,1,1,1,1,1,0,0,20260101,20280101
ALS_000007200000204300000010,1,1,1,1,1,0,0,20260908,20261221
ALS_000007200000204300000011,1,1,1,1,1,0,0,20260101,20280101
ALS_000007200000204300000012,1,1,1,1,1,0,0,20260101,20280101
ALS_000007200000204300000013,1,1,1,1,1,0,0,20260101,20280101
ALS_000007200000204300000014,1,1,1,1,1,1,1,20260101,20280101
ALS_000007200000204300000015,1,1,1,1,1,0,0,20260101,20280101
ALS_000007200000204300000016,1,1,1,1,1,0,0,20260101,20280101
ALS_000007200000204300000017,1,1,1,1,1,0,0,20260101,20280101
ALS_000007200000210000000001,1,0,0,0,0,0,0,20260101,20280101
ALS_000007200000210100000001,1,0,0,0,0,0,0,20260101,20280101
ALS_000007200000210200000023,1,1,1,1,1,0,0,20260101,20280101
ALS_000007200000210200000024,1,1,1,1,1,1,0,20260101,20280101
ALS_000007200000210200000025,1,1,1,1,1,0,0,20260101,20280101
ALS_000007200000210200000027,1,1,1,1,1,1,0,20260101,20280101
ALS_000007200000210200000029,1,1,1,1,1,0,0,20260101,20280101
ALS_000007200000210200000030,1,1,1,1,1,0,0,20260101,20280101
ALS_000007200000210200000031,0,0,0,0,0,1,0,20260101,20280101
ALS_000007200000210200000033,1,1,1,1,1,0,0,20260101,20280101
ALS_000007200000210200000034,1,1,1,1,1,0,0,20260908,20261221
ALS_000007200000210200000035,1,1,1,1,1,0,0,20260101,20280101
ALS_000007200000210200000038,0,0,0,0,0,1,0,20260101,20280101
ALS_000007200000210200000039,1,1,1,1,1,0,0,20260101,20280101
ALS_000007200000210200000040,1,1,1,1,1,1,0,20260101,20280101
ALS_000007200000210300000019,0,0,0,0,0,1,0,20260101,20280101
ALS_000007200000210300000026,0,0,0,0,0,1,0,20260101,20280101
ALS_000007200000210300000027,1,1,1,1,1,0,0,20260101,20280101
ALS_000007200000210300000030,1,1,1,1,1,0,0,20260908,20261221
ALS_000007200000210300000031,1,1,1,1,1,0,0,20260101,20280101
ALS_000007200000210300000032,0,0,0,0,0,1,0,20260101,20280101
ALS_000007200000210300000033,1,1,1,1,1,0,0,20260101,20280101
ALS_000007200000210300000034,1,1,1,1,1,0,0,20260101,20280101
ALS_000007200000210300000035,1,1,1,1,1,0,0,20260101,20280101
ALS_000007200000210300000036,1,1,1,1,1,1,0,20260101,20280101
ALS_000007200000210300000038,1,1,1,1,1,0,0,20260101,20280101
ALS_000007200000210300000039,1,1,1,1,1,0,0,20260908,20261221
ALS_000007200000210300000041,1,1,1,1,1,0,0,20260908,20261221
ALS_000007200000210300000043,0,0,0,0,0,1,0,20260101,20280101
ALS_000007200000210300000044,1,1,1,1,1,1,0,20260101,20280101
ALS_000007200000210300000045,1,1,1,1,1,0,0,20260101,20280101
ALS_000007200000210600000003,0,0,0,0,0,1,0,20260101,20280101
ALS_000007200000210600000004,0,0,0,0,0,1,0,20260101,20280101
ALS_000007200000210700000003,0,0,0,0,0,1,0,20260101,20280101
ALS_000007200000210700000004,0,0,0,0,0,1,0,20260101,20280101
ALS_000007200000214300000001,1,1,1,1,1,0,0,20260101,20280101
ALS_000007200000214300000002,1,1,1,1,1,0,0,20260101,20280101
ALS_000007200000214300000003,1,1,1,1,1,1,0,20260101,20280101
ALS_000007200000214300000004,1,1,1,1,1,0,0,20260101,20280101
ALS_000007200000214300000005,1,1,1,1,1,0,0,20260101,20280101
ALS_000007200000214300000006,1,1,1,1,1,1,1,20260101,20280101
ALS_000007200000214300000007,1,1,1,1,1,0,0,20260101,20280101
ALS_000007200000214300000008,1,1,1,1,1,0,0,20260101,20280101
ALS_000007200000214300000009,1,1,1,1,1,0,0,20260101,20280101
ALS_000007200000214300000010,1,1,1,1,1,0,0,20260908,20261221
ALS_000007200000214300000011,1,1,1,1,1,0,0,20260101,20280101
ALS_000007200000214300000012,1,1,1,1,1,0,0,20260101,20280101
ALS_000007200000214300000013,1,1,1,1,1,0,0,20260101,20280101
ALS_000007200000214300000014,1,1,1,1,1,0,0,20260101,20280101
ALS_000007200000214300000015,1,1,1,1,1,1,1,20260101,20280101
ALS_000007200000214300000016,1,1,1,1,1,0,0,20260101,20280101
ALS_000007200000214300000017,1,1,1,1,1,0,0,20260101,20280101
ALS_000007200000214300000018,1,1,1,1,1,0,0,20260101,20280101
ALS_000007200000220200000001,0,0,0,0,0,1,1,20260915,20270620
ALS_000007200000220300000006,1,1,1,1,1,0,0,20260908,20261221
ALS_000007200000220300000007,1,1,1,1,1,0,0,20260908,20261221
ALS_000007200000220900000011,1,1,1,1,1,0,0,20260101,20280101
ALS_000007200000221200000001,0,0,0,0,0,1,1,20260915,20270620
ALS_000007200000221300000005,1,1,1,1,1,0,0,20260908,20261221
ALS_000007200000221300000006,1,1,1,1,1,0,0,20260908,20261221
ALS_000007200000221900000008,1,1,1,1,1,0,0,20260101,20280101
ALS_000007200000221900000009,1,1,1,1,1,0,0,20260101,20280101
ALS_000007200000222000000001,1,1,1,1,1,1,0,20260101,20280101
ALS_000007200000222000000008,1,1,1,1,1,0,0,20260101,20280101
ALS_000007200000222100000001,0,0,0,0,0,0,1,20260101,20280101
ALS_000007200000222100000002,1,1,1,1,1,1,0,20260101,20280101
ALS_000007200000222100000005,1,1,1,1,1,0,0,20260101,20280101
ALS_000007200000222100000006,1,1,1,1,1,1,1,20260101,20280101
ALS_000007200000222100000007,0,0,1,0,0,0,0,20260101,20280101
ALS_000007200000222100000010,1,1,1,1,1,0,0,20260101,20280101
ALS_000007200000222100000012,1,1,1,1,1,0,1,20260101,20280101
ALS_000007200000222100000013,1,1,1,1,1,0,1,20260101,20280101
ALS_000007200000222100000015,1,1,1,1,1,0,0,20260101,20280101
ALS_000007200000222100000016,1,1,1,1,1,0,0,20260101,20280101
ALS_000007200000222100000017,1,1,1,1,1,0,0,20260101,20280101
ALS_000007200000222400000001,0,1,0,1,0,1,0,20260101,20280101
ALS_000007200000222500000014,1,1,1,1,1,0,0,20260101,20280101
ALS_000007200000222500000015,1,1,1,1,1,0,0,20260101,20280101
ALS_000007200000222500000017,0,0,0,0,0,1,1,20260101,20280101
ALS_000007200000222500000019,1,1,1,1,1,0,0,20260101,20280101
ALS_000007200000222500000020,1,1,1,1,1,0,0,20260101,20280101
ALS_000007200000222500000022,0,0,0,0,0,1,1,20260101,20280101
ALS_000007200000222500000024,1,1,1,1,1,0,0,20260101,20280101
ALS_000007200000222500000026,1,1,1,1,1,0,0,20260101,20280101
ALS_000007200000222500000027,1,1,1,1,1,0,0,20260101,20280101
ALS_000007200000222500000028,1,1,1,1,1,1,1,20260101,20280101
ALS_000007200000222500000030,1,1,1,1,1,0,0,20260101,20280101
ALS_000007200000222500000033,0,0,0,0,0,1,1,20260101,20280101
ALS_000007200000222500000036,0,0,0,0,0,1,1,20260101,20280101
ALS_000007200000222500000038,1,1,1,1,1,0,0,20260101,20280101
ALS_000007200000222600000020,0,0,0,0,0,0,1,20260908,20261221
ALS_000007200000222700000001,0,0,0,0,0,0,1,20260906,20261221
ALS_000007200000223000000001,1,1,1,1,1,1,0,20260101,20280101
ALS_000007200000223100000001,0,0,0,0,0,0,1,20260908,20261221
ALS_000007200000223100000005,1,1,1,1,1,0,0,20260101,20280101
ALS_000007200000223100000007,0,0,1,0,0,0,0,20260101,20280101
ALS_000007200000223100000009,1,1,1,1,1,1,1,20260101,20280101
ALS_000007200000223100000010,1,1,1,1,1,0,0,20260101,20280101
ALS_000007200000223100000015,1,1,1,1,1,0,1,20260101,20280101
ALS_000007200000223100000016,1,1,1,1,1,0,1,20260101,20280101
ALS_000007200000223100000017,1,1,1,1,1,0,0,20260101,20280101
ALS_000007200000223100000018,1,1,1,1,1,0,0,20260101,20280101
ALS_000007200000223100000019,1,1,1,1,1,0,0,20260101,20280101
ALS_000007200000223400000001,0,1,0,1,0,1,0,20260101,20280101
ALS_000007200000223500000014,1,1,1,1,1,0,0,20260101,20280101
ALS_000007200000223500000015,0,0,0,0,0,1,1,20260101,20280101
ALS_000007200000223500000019,1,1,1,1,1,0,0,20260101,20280101
ALS_000007200000223500000021,1,1,1,1,1,0,0,20260101,20280101
ALS_000007200000223500000023,0,0,0,0,0,1,1,20260101,20280101
ALS_000007200000223500000025,0,0,0,1,1,0,0,20260101,20280101
ALS_000007200000223500000026,1,1,1,1,1,0,0,20260101,20280101
ALS_000007200000223500000027,1,1,1,1,1,0,0,20260101,20280101
ALS_000007200000223500000028,1,1,1,1,1,0,0,20260101,20280101
ALS_000007200000223500000029,1,1,1,1,1,0,0,20260101,20280101
ALS_000007200000223500000033,1,1,1,1,1,0,0,20260101,20280101
ALS_000007200000223500000034,0,0,0,0,0,1,1,20260101,20280101
ALS_000007200000223500000036,1,1,1,1,1,0,0,20260101,20280101
ALS_000007200000223500000037,0,0,0,0,0,1,1,20260101,20280101
ALS_000007200000223500000039,1,1,1,1,1,0,0,20260908,20261221
ALS_000007200000223600000033,0,0,0,0,0,0,1,20260908,20261221
ALS_000007200000223700000001,0,0,0,0,1,0,0,20260908,20261221
ALS_000007200000224100000002,1,1,1,1,1,1,1,20260101,20280101
ALS_000007200000224100000004,1,1,1,1,1,1,1,20260101,20280101
ALS_000007200000224100000005,1,1,1,1,1,1,1,20260101,20280101
ALS_000007200000224100000006,1,1,1,1,1,0,1,20260101,20280101
ALS_000007200000224200000033,0,0,0,0,0,1,1,20260101,20280101
ALS_000007200000224200000046,1,1,1,1,1,0,0,20260908,20261221
ALS_000007200000224200000047,1,1,1,1,1,0,0,20260101,20280101
ALS_000007200000224200000052,0,0,0,0,0,0,1,20260101,20280101
ALS_000007200000224200000060,1,1,1,1,1,1,0,20260101,20280101
ALS_000007200000224200000061,1,1,1,1,1,0,0,20260101,20280101
ALS_000007200000224200000062,1,1,1,1,1,1,1,20260101,20280101
ALS_000007200000224200000063,1,1,1,1,1,0,0,20260101,20280101
ALS_000007200000224200000064,1,1,1,1,1,0,0,20260101,20280101
ALS_000007200000224200000065,1,1,1,1,1,0,0,20260101,20280101
ALS_000007200000224200000067,1,1,1,1,1,0,0,20260101,20280101
ALS_000007200000224200000068,1,1,1,1,1,1,0,20260101,20280101
ALS_000007200000224200000069,1,1,1,1,1,0,0,20260101,20280101
ALS_000007200000224200000071,1,1,1,1,1,1,0,20260101,20280101
ALS_000007200000224200000072,1,1,1,1,1,1,0,20260101,20280101
ALS_000007200000224200000073,0,0,0,0,0,1,0,20260101,20280101
ALS_000007200000224200000076,1,1,1,1,1,1,1,20260608,20280101
ALS_000007200000224200000077,1,1,1,1,1,1,1,20260713,20280101
ALS_000007200000224200000100,1,1,1,1,1,1,0,20260101,20280101
ALS_000007200000224400000013,1,1,1,1,1,1,1,20260101,20280101
ALS_000007200000224400000014,1,1,1,1,1,1,1,20260101,20280101
ALS_000007200000224400000017,1,1,1,1,1,1,1,20260101,20280101
ALS_000007200000224500000001,0,0,0,0,1,0,0,20260101,20280101
ALS_000007200000224500000002,1,1,1,1,0,0,0,20260101,20280101
ALS_000007200000224600000002,1,1,1,1,1,1,0,20260101,20280101
ALS_000007200000224600000003,1,1,1,1,1,0,0,20260101,20280101
ALS_000007200000224600000006,1,1,1,1,1,1,0,20260101,20280101
ALS_000007200000224600000013,1,1,1,1,1,1,0,20260101,20280101
ALS_000007200000224700000009,0,1,0,1,0,0,0,20260101,20280101
ALS_000007200000224700000010,1,1,1,1,1,0,0,20260101,20280101
ALS_000007200000224900000002,1,1,1,1,1,0,0,20260101,20280101
ALS_000007200000224900000003,1,1,1,1,1,0,0,20260907,20280101
ALS_000007200000225100000002,1,1,1,1,1,1,0,20260101,20280101
ALS_000007200000225100000004,1,1,1,1,1,1,1,20260101,20280101
ALS_000007200000225100000005,0,0,0,0,0,0,1,20260101,20280101
ALS_000007200000225100000006,1,1,1,1,1,1,1,20260101,20280101
ALS_000007200000225100000007,1,1,1,1,1,0,1,20260101,20280101
ALS_000007200000225200000033,0,0,0,0,0,1,1,20260101,20280101
ALS_000007200000225200000034,0,0,0,0,0,1,1,20260101,20280101
ALS_000007200000225200000050,1,1,1,1,1,0,0,20260101,20280101
ALS_000007200000225200000052,1,1,1,1,1,0,0,20260101,20280101
ALS_000007200000225200000053,0,0,0,0,0,0,1,20260908,20261221
ALS_000007200000225200000054,0,0,0,0,0,0,1,20260101,20280101
ALS_000007200000225200000060,1,1,1,1,1,0,0,20260101,20280101
ALS_000007200000225200000061,1,1,1,1,1,0,0,20260101,20280101
ALS_000007200000225200000062,1,1,1,1,1,1,0,20260101,20280101
ALS_000007200000225200000063,1,1,1,1,1,0,0,20260101,20280101
ALS_000007200000225200000064,1,1,1,1,1,1,0,20260101,20280101
ALS_000007200000225200000066,1,1,1,1,1,0,0,20260101,20280101
ALS_000007200000225200000068,1,1,1,1,1,1,0,20260101,20280101
ALS_000007200000225200000069,1,1,1,1,1,0,0,20260101,20280101
ALS_000007200000225200000070,1,1,1,1,1,0,0,20260101,20280101
ALS_000007200000225200000071,1,1,1,1,1,1,0,20260101,20280101
ALS_000007200000225200000072,1,1,1,1,1,1,0,20260101,20280101
ALS_000007200000225200000074,0,0,0,0,0,0,1,20260101,20280101
ALS_000007200000225200000078,1,1,1,1,1,1,1,20260420,20280101
ALS_000007200000225200000080,1,1,1,1,1,1,1,20260608,20280101
ALS_000007200000225400000007,1,1,1,1,1,1,1,20260101,20280101
ALS_000007200000225400000008,1,1,1,1,1,1,1,20260101,20280101
ALS_000007200000225500000001,1,1,1,1,1,1,0,20260101,20280101
ALS_000007200000225600000002,1,1,1,1,1,1,0,20260101,20280101
ALS_000007200000225600000004,1,1,1,1,1,1,0,20260101,20280101
ALS_000007200000225600000006,1,1,1,1,1,0,0,20260101,20280101
ALS_000007200000225600000009,1,1,1,1,1,1,0,20260101,20280101
ALS_000007200000225600000010,1,1,1,1,1,1,0,20260101,20280101
ALS_000007200000225700000010,1,1,1,1,1,0,0,20260101,20280101
ALS_000007200000225900000001,1,1,1,1,1,0,0,20260101,20280101
ALS_000007200000225900000002,1,1,1,1,1,0,0,20260101,20280101
ALS_000007200000226000000001,1,1,1,1,1,0,0,20260101,20280101
ALS_000007200000226000000002,1,1,1,1,1,0,0,20260101,20280101
ALS_000007200000226000000003,1,1,1,1,1,0,0,20260101,20280101
ALS_000007200000226000000008,0,0,0,0,0,1,0,20260101,20280101
ALS_000007200000226000000014,1,1,1,1,1,0,0,20260101,20280101
ALS_000007200000226000000021,1,1,1,1,1,0,0,20260101,20280101
ALS_000007200000226000000022,1,1,1,1,1,0,0,20260908,20261221
ALS_000007200000226000000024,1,1,1,1,1,0,0,20260101,20280101
ALS_000007200000226000000025,1,1,1,1,1,0,0,20260101,20280101
ALS_000007200000226000000026,1,1,1,1,1,0,1,20260101,20280101
ALS_000007200000226000000027,1,1,1,1,1,0,1,20260101,20280101
ALS_000007200000226000000028,0,0,0,0,0,0,1,20260101,20280101
ALS_000007200000226000000029,0,0,0,0,0,1,0,20260101,20280101
ALS_000007200000226000000030,0,0,0,0,0,1,1,20260101,20280101
ALS_000007200000226000000031,1,1,1,1,0,0,0,20260101,20280101
ALS_000007200000226000000032,0,0,0,0,1,0,0,20260101,20280101
ALS_000007200000226000000041,1,1,1,1,1,0,0,20260908,20261221
ALS_000007200000226000000042,1,1,1,1,1,0,0,20260908,20261221
ALS_000007200000226000000043,0,0,0,0,0,1,1,20260101,20280101
ALS_000007200000226300000003,1,1,1,1,1,0,0,20260908,20261221
ALS_000007200000226400000003,1,1,1,1,1,0,0,20260101,20280101
ALS_000007200000226400000004,1,1,1,1,1,1,0,20260101,20280101
ALS_000007200000226400000005,1,1,1,1,1,0,0,20260101,20280101
ALS_000007200000226400000006,1,1,1,1,1,0,0,20260101,20280101
ALS_000007200000226400000007,1,1,1,1,1,0,0,20260101,20280101
ALS_000007200000226400000008,1,1,1,1,1,0,0,20260101,20280101
ALS_000007200000226400000010,1,1,1,1,1,0,0,20260101,20280101
ALS_000007200000226400000011,1,1,1,1,1,0,0,20260101,20280101
ALS_000007200000226400000013,1,1,1,1,1,0,0,20260101,20280101
ALS_000007200000226400000014,0,0,0,0,0,0,1,20260908,20261221
ALS_000007200000226400000015,1,1,1,1,1,0,0,20260101,20280101
ALS_000007200000226400000016,1,1,1,1,1,0,0,20260101,20280101
ALS_000007200000226400000017,1,1,1,1,1,0,0,20260101,20280101
ALS_000007200000226400000018,1,1,1,1,1,0,0,20260101,20280101
ALS_000007200000226400000019,1,1,1,1,1,0,0,20260101,20280101
ALS_000007200000226400000021,0,0,0,0,0,0,1,20260601,20280101
ALS_000007200000226400000022,1,1,1,1,1,0,0,20260908,20261221
ALS_000007200000226500000001,1,1,1,1,1,0,0,20260101,20280101
ALS_000007200000226500000002,0,0,0,0,0,1,0,20260101,20280101
ALS_000007200000226500000003,1,1,1,1,1,0,0,20260101,20280101
ALS_000007200000226500000004,0,0,0,0,0,0,1,20260101,20280101
ALS_000007200000226500000029,0,0,0,0,1,0,0,20260908,20261221
ALS_000007200000226600000002,1,1,1,1,1,0,0,20260101,20280101
ALS_000007200000226600000004,1,1,1,1,1,0,0,20260101,20280101
ALS_000007200000226600000006,1,1,1,1,1,0,0,20260101,20280101
ALS_000007200000226600000007,1,1,1,1,1,0,0,20260101,20280101
ALS_000007200000226600000008,1,1,1,1,1,1,0,20260101,20280101
ALS_000007200000226600000010,1,1,1,1,1,0,0,20260101,20280101
ALS_000007200000226600000011,1,1,1,1,1,1,1,20260101,20280101
ALS_000007200000226600000013,1,1,1,1,1,0,0,20260101,20280101
ALS_000007200000226600000014,1,1,1,1,1,0,0,20260101,20280101
ALS_000007200000226600000015,1,1,1,1,1,0,0,20260101,20280101
ALS_000007200000226600000017,1,1,1,1,1,0,0,20260901,20270731
ALS_000007200000226600000018,0,0,0,0,0,1,1,20260101,20280101
ALS_000007200000226600000020,1,1,1,1,1,0,0,20260101,20280101
ALS_000007200000226600000021,0,0,0,0,0,1,1,20260101,20280101
ALS_000007200000226600000022,1,1,1,1,1,0,0,20260908,20261221
ALS_000007200000226600000024,0,0,0,0,0,0,1,20260101,20280101
ALS_000007200000226600000027,1,1,1,1,1,0,0,20260101,20280101
ALS_000007200000226600000028,1,1,1,1,1,0,0,20260908,20261221
ALS_000007200000226600000029,1,1,1,1,1,1,0,20260101,20280101
ALS_000007200000226600000030,1,1,1,1,1,1,0,20260101,20280101
ALS_000007200000226600000031,1,1,1,1,1,0,0,20260601,20280101
ALS_000007200000226600000032,1,1,1,1,1,0,0,20260601,20280101
ALS_000007200000226600000033,1,1,1,1,1,0,0,20260601,20280101
ALS_000007200000226600000034,1,1,1,1,1,0,0,20260601,20280101
ALS_000007200000226700000001,1,1,1,1,1,1,0,20260101,20280101
ALS_000007200000226700000003,0,0,0,0,0,0,1,20260101,20280101
ALS_000007200000226900000003,1,1,1,1,1,0,0,20260101,20280101
ALS_000007200000226900000004,0,0,0,0,0,1,0,20260101,20280101
ALS_000007200000227000000002,1,1,1,1,1,0,0,20260101,20280101
ALS_000007200000227000000003,1,1,1,1,1,0,0,20260101,20280101
ALS_000007200000227000000004,1,1,1,1,1,0,0,20260101,20280101
ALS_000007200000227000000012,0,0,0,0,0,1,0,20260101,20280101
ALS_000007200000227000000021,0,0,0,0,0,1,0,20260101,20280101
ALS_000007200000227000000023,1,1,1,1,1,0,0,20260908,20261221
ALS_000007200000227000000025,1,1,1,1,1,0,0,20260908,20261221
ALS_000007200000227000000027,1,1,1,1,1,0,0,20260101,20280101
ALS_000007200000227000000031,1,1,1,1,1,1,1,20260101,20280101
ALS_000007200000227000000032,1,1,1,1,1,0,1,20260101,20280101
ALS_000007200000227000000033,0,0,0,0,0,0,1,20260101,20280101
ALS_000007200000227000000034,0,0,0,0,0,1,0,20260101,20280101
ALS_000007200000227000000035,0,0,0,0,0,0,1,20260101,20280101
ALS_000007200000227000000036,0,0,0,0,0,1,0,20260101,20280101
ALS_000007200000227000000037,0,0,0,0,0,0,1,20260101,20280101
ALS_000007200000227000000038,1,1,1,1,0,0,0,20260101,20280101
ALS_000007200000227000000039,0,0,0,0,1,0,0,20260101,20280101
ALS_000007200000227000000040,1,1,1,1,1,0,0,20260101,20280101
ALS_000007200000227000000043,1,1,1,1,1,0,0,20260908,20261221
ALS_000007200000227400000001,1,1,1,1,1,0,0,20260101,20280101
ALS_000007200000227400000002,1,1,1,1,1,0,0,20260101,20280101
ALS_000007200000227400000003,1,1,1,1,1,1,0,20260101,20280101
ALS_000007200000227400000004,1,1,1,1,1,0,0,20260101,20280101
ALS_000007200000227400000005,0,0,0,0,0,0,1,20260101,20280101
ALS_000007200000227400000006,1,1,1,1,1,0,0,20260101,20280101
ALS_000007200000227400000007,1,1,1,1,1,0,0,20260101,20280101
ALS_000007200000227400000008,1,1,1,1,1,0,0,20260101,20280101
ALS_000007200000227400000009,1,1,1,1,1,0,0,20260101,20280101
ALS_000007200000227400000010,1,1,1,1,1,0,0,20260101,20280101
ALS_000007200000227400000011,1,1,1,1,1,0,0,20260101,20280101
ALS_000007200000227400000014,0,0,0,0,0,0,1,20260908,20261221
ALS_000007200000227400000016,1,1,1,1,1,0,0,20260101,20280101
ALS_000007200000227400000017,1,1,1,1,1,0,0,20260101,20280101
ALS_000007200000227400000018,1,1,1,1,1,0,0,20260101,20280101
ALS_000007200000227400000019,1,1,1,1,1,0,0,20260101,20280101
ALS_000007200000227400000020,1,1,1,1,1,0,0,20260101,20280101
ALS_000007200000227400000021,0,0,0,0,0,0,1,20260601,20280101
ALS_000007200000227400000022,1,1,1,1,1,0,0,20260908,20261221
ALS_000007200000227500000001,1,1,1,1,1,0,0,20260101,20280101
ALS_000007200000227500000002,0,0,0,0,0,1,0,20260101,20280101
ALS_000007200000227500000003,1,1,1,1,1,0,0,20260101,20280101
ALS_000007200000227500000004,0,0,0,0,0,0,1,20260101,20280101
ALS_000007200000227500000023,0,0,0,0,0,0,1,20260908,20261221
ALS_000007200000227600000001,1,1,1,1,1,0,0,20260101,20280101
ALS_000007200000227600000002,1,1,1,1,1,0,0,20260101,20280101
ALS_000007200000227600000003,1,1,1,1,1,1,1,20260101,20280101
ALS_000007200000227600000005,1,1,1,1,1,1,0,20260101,20280101
ALS_000007200000227600000006,1,1,1,1,1,1,0,20260101,20280101
ALS_000007200000227600000009,1,1,1,1,1,1,1,20260101,20280101
ALS_000007200000227600000012,1,1,1,1,1,0,0,20260101,20280101
ALS_000007200000227600000013,1,1,1,1,1,0,0,20260101,20280101
ALS_000007200000227600000014,1,1,1,1,1,0,0,20260101,20280101
ALS_000007200000227600000015,1,1,1,1,1,0,0,20260101,20280101
ALS_000007200000227600000016,1,1,1,1,1,0,0,20260101,20280101
ALS_000007200000227600000017,1,1,1,1,1,1,1,20260101,20280101
ALS_000007200000227600000018,1,1,1,1,1,0,0,20260901,20270731
ALS_000007200000227600000022,1,1,1,1,1,0,0,20260908,20261221
ALS_000007200000227600000023,0,0,0,0,0,1,1,20260101,20280101
ALS_000007200000227600000024,1,1,1,1,1,0,0,20260101,20280101
ALS_000007200000227600000025,1,1,1,1,1,0,0,20260101,20280101
ALS_000007200000227600000026,1,1,1,1,1,0,0,20260101,20280101
ALS_000007200000227600000027,1,1,1,1,1,0,0,20260908,20261221
ALS_000007200000227600000028,1,1,1,1,1,0,0,20260101,20280101
ALS_000007200000227600000029,1,1,1,1,1,0,0,20260101,20280101
ALS_000007200000227600000031,1,1,1,1,1,0,0,20260601,20280101
ALS_000007200000227600000032,1,1,1,1,1,0,0,20260601,20280101
ALS_000007200000227600000033,1,1,1,1,1,0,0,20260601,20280101
ALS_000007200000227600000034,1,1,1,1,1,0,0,20260601,20280101
ALS_000007200000227700000001,1,1,1,1,1,1,1,20260101,20280101
ALS_000007200000227700000002,0,0,0,0,0,0,1,20260908,20261221
ALS_000007200000227900000001,1,1,1,1,1,0,0,20260908,20261221
ALS_000007200000227900000003,0,0,0,0,0,1,0,20260101,20280101
ALS_000007200000228000000001,1,1,1,1,1,0,0,20260101,20280101
ALS_000007200000228000000003,1,1,1,1,1,1,0,20260101,20280101
ALS_000007200000228000000004,1,1,1,1,1,0,0,20260101,20280101
ALS_000007200000228000000005,1,1,1,1,1,0,0,20260908,20261221
ALS_000007200000228500000003,1,1,1,1,1,0,0,20260908,20261221
ALS_000007200000228600000001,1,1,1,1,1,0,0,20260908,20261221
ALS_000007200000228600000002,0,0,0,0,0,0,1,20260101,20280101
ALS_000007200000228600000003,1,1,1,1,1,0,0,20260101,20280101
ALS_000007200000228600000004,1,1,1,1,1,0,0,20260101,20280101
ALS_000007200000228600000005,1,1,1,1,1,1,0,20260101,20280101
ALS_000007200000228600000006,1,1,1,1,1,1,0,20260101,20280101
ALS_000007200000228600000007,1,1,1,1,1,1,0,20260101,20280101
ALS_000007200000228600000008,1,1,1,1,1,0,0,20260101,20280101
ALS_000007200000228600000009,1,1,1,1,1,0,0,20260101,20280101
ALS_000007200000228600000010,1,1,1,1,1,1,1,20260101,20280101
ALS_000007200000228600000011,1,1,1,1,1,0,0,20260101,20280101
ALS_000007200000228600000012,1,1,1,1,1,1,0,20260101,20280101
ALS_000007200000228600000013,1,1,1,1,1,1,1,20260101,20280101
ALS_000007200000228600000014,1,1,1,1,1,0,0,20260101,20280101
ALS_000007200000228600000015,1,1,1,1,1,0,0,20260101,20280101
ALS_000007200000228600000016,1,1,1,1,1,0,0,20260101,20280101
ALS_000007200000228600000017,1,1,1,1,1,0,0,20260101,20280101
ALS_000007200000228600000018,1,1,1,1,1,0,0,20260101,20280101
ALS_000007200000228600000019,1,1,1,1,1,0,0,20260101,20280101
ALS_000007200000228600000020,1,1,1,1,1,0,0,20260101,20280101
ALS_000007200000228600000021,1,1,1,1,1,0,0,20260101,20280101
ALS_000007200000228600000022,1,1,1,1,1,0,0,20260101,20280101
ALS_000007200000228600000023,1,1,1,1,1,0,0,20260101,20280101
ALS_000007200000228600000024,1,1,1,1,1,0,0,20260101,20280101
ALS_000007200000228600000025,1,1,1,1,1,0,0,20260101,20280101
ALS_000007200000228600000026,1,1,1,1,1,0,0,20260101,20280101
ALS_000007200000228600000027,1,1,1,1,1,0,0,20260101,20280101
ALS_000007200000228600000028,1,1,1,1,1,0,0,20260101,20280101
ALS_000007200000228600000029,1,1,1,1,1,0,0,20260101,20280101
ALS_000007200000228600000030,1,1,1,1,1,0,0,20260101,20280101
ALS_000007200000228600000031,1,1,1,1,1,0,0,20260101,20280101
ALS_000007200000228700000002,1,1,1,1,1,0,0,20260908,20261221
ALS_000007200000228800000002,1,1,1,1,1,0,0,20260908,20261221
ALS_000007200000228900000001,1,1,1,1,1,0,0,20260101,20280101
ALS_000007200000228900000002,1,1,1,1,1,0,0,20260101,20280101
ALS_000007200000229000000005,1,1,1,1,1,0,0,20260101,20280101
ALS_000007200000229000000006,1,1,1,1,1,0,0,20260101,20280101
ALS_000007200000229000000007,1,1,1,1,1,1,0,20260101,20280101
ALS_000007200000229500000003,1,1,1,1,1,0,0,20260908,20261221
ALS_000007200000229500000004,1,1,1,1,1,0,0,20260908,20261221
ALS_000007200000229600000002,1,1,1,1,1,1,0,20260101,20280101
ALS_000007200000229600000003,1,1,1,1,1,1,0,20260101,20280101
ALS_000007200000229600000004,1,1,1,1,1,1,0,20260101,20280101
ALS_000007200000229600000005,1,1,1,1,1,0,0,20260101,20280101
ALS_000007200000229600000006,1,1,1,1,1,0,0,20260101,20280101
ALS_000007200000229600000007,1,1,1,1,1,1,0,20260101,20280101
ALS_000007200000229600000008,1,1,1,1,1,1,1,20260101,20280101
ALS_000007200000229600000009,1,1,1,1,1,0,0,20260101,20280101
ALS_000007200000229600000010,1,1,1,1,1,1,0,20260101,20280101
ALS_000007200000229600000011,1,1,1,1,1,1,1,20260101,20280101
ALS_000007200000229600000012,1,1,1,1,1,0,0,20260101,20280101
ALS_000007200000229600000013,1,1,1,1,1,0,0,20260101,20280101
ALS_000007200000229600000014,1,1,1,1,1,0,0,20260101,20280101
ALS_000007200000229600000015,1,1,1,1,1,0,0,20260101,20280101
ALS_000007200000229600000016,1,1,1,1,1,0,0,20260101,20280101
ALS_000007200000229600000017,1,1,1,1,1,0,0,20260101,20280101
ALS_000007200000229600000018,1,1,1,1,1,0,0,20260101,20280101
ALS_000007200000229600000019,1,1,1,1,1,0,0,20260101,20280101
ALS_000007200000229600000020,1,1,1,1,1,0,0,20260101,20280101
ALS_000007200000229600000021,1,1,1,1,1,0,0,20260101,20280101
ALS_000007200000229600000022,1,1,1,1,1,0,0,20260101,20280101
ALS_000007200000229600000023,1,1,1,1,1,0,0,20260101,20280101
ALS_000007200000229600000024,1,1,1,1,1,0,0,20260101,20280101
ALS_000007200000229600000025,1,1,1,1,1,0,0,20260101,20280101
ALS_000007200000229600000026,1,1,1,1,1,0,0,20260101,20280101
ALS_000007200000229600000027,1,1,1,1,1,0,0,20260101,20280101
ALS_000007200000229600000028,1,1,1,1,1,0,0,20260101,20280101
ALS_000007200000229600000031,1,1,1,1,1,0,0,20260101,20280101
ALS_000007200000229600000032,1,1,1,1,1,0,0,20260101,20280101
ALS_000007200000229600000033,1,1,1,1,1,0,0,20260101,20280101
ALS_000007200000229600000034,1,1,1,1,1,0,0,20260101,20280101
ALS_000007200000229700000003,1,1,1,1,1,0,0,20260908,20261221
ALS_000007200000229700000005,1,1,1,1,1,0,0,20260620,20261221
ALS_000007200000229800000002,1,1,1,1,1,0,0,20260908,20261221
ALS_000007200000229900000002,1,1,1,1,1,0,0,20260101,20280101
ALS_000007200000321600000001,0,0,0,0,0,1,0,20260101,20280101
ALS_000007200000321600000002,0,0,0,0,0,1,0,20260101,20280101
ALS_000007200000321600000003,0,0,0,0,0,1,0,20260101,20280101
ALS_000007200000321600000005,1,1,1,1,1,0,0,20260908,20261221
ALS_000007200000321600000007,1,1,1,1,1,0,0,20260908,20261221
ALS_000007200000321600000008,1,1,1,1,1,0,0,20260908,20261221
ALS_000007200000321700000004,1,1,1,1,1,0,0,20260908,20261221
ALS_000007200000321700000005,1,1,1,1,1,0,0,20260908,20261221
ALS_000007200000321800000001,1,1,1,1,1,0,0,20260908,20261221
ALS_000007200000321800000002,1,1,1,1,1,0,0,20260908,20261221
ALS_000007200000322600000001,0,0,0,0,0,1,0,20260101,20280101
ALS_000007200000322600000003,0,0,0,0,0,1,0,20260101,20280101
ALS_000007200000322600000005,1,1,1,1,1,0,0,20260908,20261221
ALS_000007200000322600000007,0,0,0,0,0,1,0,20260101,20280101
ALS_000007200000322600000008,1,1,1,1,1,0,0,20260908,20261221
ALS_000007200000322600000009,1,1,1,1,1,0,0,20260908,20261221
ALS_000007200000322700000002,1,1,1,1,1,0,0,20260908,20261221
ALS_000007200000322700000004,1,1,1,1,1,0,0,20260908,20261221
ALS_000007200000322800000001,1,1,1,1,1,0,0,20260908,20261221
ALS_000007200000322800000002,1,1,1,1,1,0,0,20260908,20261221
ALS_000007200000322900000401,1,1,1,1,1,1,0,20260101,20280101
ALS_000007200000322900000402,1,1,1,1,1,1,0,20260101,20280101
ALS_000007200000322900000403,1,1,1,1,1,1,0,20260101,20280101
ALS_000007200000322900000405,1,1,1,1,1,1,0,20260101,20280101
ALS_000007200000322900000406,1,1,1,1,1,0,0,20260908,20270621
ALS_000007200000322900000407,1,1,1,1,1,0,0,20260908,20270621
ALS_000007200000322900000409,1,1,1,1,1,0,0,20260908,20270621
ALS_000007200000322900000410,1,1,1,1,1,0,0,20260620,20270621
ALS_000007200000322900000411,0,0,0,0,0,1,0,20260908,20270621
ALS_000007200000322900000412,0,0,0,0,0,1,0,20260101,20280101
ALS_000007200000322900000413,0,0,0,0,0,1,0,20260101,20280101
ALS_000007200000322900000414,1,1,1,1,1,0,0,20260620,20270621
ALS_000007200000322900000415,0,0,0,0,0,1,0,20260908,20270621
ALS_000007200000323100000003,1,1,1,1,1,1,1,20260101,20280101
ALS_000007200000323100000009,0,0,0,0,0,1,1,20260101,20280101
ALS_000007200000323100000011,0,0,0,0,1,0,0,20260504,20280101
ALS_000007200000323100000012,1,1,1,1,0,0,0,20260504,20280101
ALS_000007200000324100000002,0,0,0,0,0,0,1,20260101,20280101
ALS_000007200000324100000004,1,1,1,1,1,1,0,20260101,20280101
ALS_000007200000324100000005,1,1,1,1,1,1,1,20260101,20280101
ALS_000007200000332600000005,1,1,1,1,1,0,0,20260202,20280101
ALS_000007200000332600000006,1,1,1,1,1,0,0,20260101,20280101
ALS_000007200000333700000001,1,1,1,1,1,1,0,20260101,20280101
ALS_000007200000333700000003,1,1,1,1,1,1,0,20260101,20280101
ALS_000007200000333700000004,1,1,1,1,1,1,0,20260101,20280101
ALS_000007200000333700000006,1,1,1,1,1,1,0,20260101,20280101
ALS_000007200000333700000007,1,1,1,1,1,1,0,20260907,20280101
ALS_000007200000333700000008,1,1,1,1,1,1,0,20260907,20280101
ALS_000007200000333800000002,1,1,1,1,1,1,0,20260101,20280101
ALS_000007200000333800000003,1,1,1,1,1,1,0,20260101,20280101
ALS_000007200000333800000004,1,1,1,1,1,1,0,20260101,20280101
ALS_000007200000333800000006,1,1,1,1,1,1,0,20260907,20280101
ALS_000007200000341000000005,1,1,1,1,1,0,0,20260908,20261221
ALS_000007200000341000000006,1,1,1,1,1,0,0,20260908,20261221
ALS_000007200000341000000007,1,1,1,1,1,0,0,20260908,20261221
ALS_000007200000341000000008,1,1,1,1,1,0,0,20260908,20261221
ALS_000007200000342000000005,1,1,1,1,1,0,0,20260908,20261221
ALS_000007200000342000000006,1,1,1,1,1,0,0,20260908,20261221
ALS_000007200000342000000007,1,1,1,1,1,0,0,20260908,20261221
ALS_000007200000342000000008,1,1,1,1,1,0,0,20260908,20261221
ALS_000007200000370300000002,1,1,1,1,1,0,0,20260908,20270621
ALS_000007200000370300000003,1,1,1,1,1,0,0,20260908,20270621
ALS_000007200000370300000004,1,1,1,1,1,0,0,20260908,20270621
ALS_000007200000370300000005,1,1,1,1,1,0,0,20260908,20270621
ALS_000007200000370300000006,1,1,1,1,1,0,0,20260908,20270621
ALS_000007200000370300000007,1,1,1,1,1,0,0,20260908,20270621
ALS_000007200000370500000001,0,0,0,0,0,1,1,20260101,20280101
ALS_000007200000370500000002,1,1,1,1,1,0,0,20260101,20280101
ALS_000007200000370500000003,0,0,0,0,0,0,1,20260101,20280101
ALS_000007200000370500000004,0,0,0,0,0,0,1,20260101,20280101
ALS_000007200000370500000005,1,1,1,1,1,1,0,20260101,20280101
ALS_000007200000370500000006,1,1,1,1,1,0,0,20260101,20280101
ALS_000007200000370500000007,1,1,1,1,1,0,0,20260101,20280101
ALS_000007200000370500000008,1,1,1,1,1,0,0,20260101,20280101
ALS_000007200000370500000009,1,1,1,1,1,0,0,20260101,20280101
ALS_000007200000370500000010,1,1,1,1,1,0,0,20260101,20280101
ALS_000007200000370500000011,0,0,0,0,0,1,0,20260101,20280101
ALS_000007200000370500000012,0,0,0,0,0,1,0,20260101,20280101
ALS_000007200000370500000013,0,0,0,0,0,1,0,20260101,20280101
ALS_000007200000370500000014,0,0,0,0,0,0,1,20260101,20280101
ALS_000007200000370500000015,0,0,0,0,0,0,1,20260101,20280101
ALS_000007200000370500000016,1,1,1,1,1,0,0,20260907,20261221
ALS_000007200000370500000017,1,1,1,1,1,0,0,20260907,20261221
ALS_000007200000370500000018,1,1,1,1,1,0,0,20260907,20261221
ALS_000007200000370500000019,1,1,1,1,1,0,0,20260514,20280101
ALS_000007200000370500000020,1,1,1,1,1,0,0,20260514,20280101
ALS_000007200000370500000021,1,1,1,1,1,0,0,20260514,20280101
ALS_000007200000370500000022,1,1,1,1,1,0,0,20260514,20280101
ALS_000007200000370500000023,1,1,1,1,1,0,0,20260601,20280101
ALS_000007200000370500000024,1,1,1,1,1,0,0,20260601,20280101
ALS_000007200000370500000025,0,0,0,1,1,0,0,20260908,20261221
ALS_000007200000370500000026,1,1,1,1,1,0,0,20260601,20280101
ALS_000007200000370500000027,1,1,1,1,1,0,0,20260601,20280101
ALS_000007200000370500000028,1,1,1,1,1,0,0,20260601,20280101
ALS_000007200000370500000029,0,0,0,0,0,0,1,20260601,20280101
ALS_000007200000370500000030,0,0,0,0,0,1,0,20260622,20280101
ALS_000007200000370500000031,1,1,1,1,1,0,0,20260622,20280101
ALS_000007200000370500000032,1,1,1,1,1,0,0,20260622,20280101
ALS_000007200000370500000033,0,0,0,0,0,1,0,20260622,20280101
ALS_000007200000370500000034,1,1,1,1,1,0,0,20260622,20280101
ALS_000007200000370500000035,1,0,0,0,0,0,0,20260908,20261221
ALS_000007200000370600000001,1,1,1,1,1,1,0,20260101,20280101
ALS_000007200000370600000002,1,1,1,1,1,0,0,20260101,20280101
ALS_000007200000370600000003,1,1,1,1,1,1,1,20260101,20280101
ALS_000007200000370600000004,0,0,0,0,0,1,1,20260101,20280101
ALS_000007200000370600000005,0,0,0,0,0,0,1,20260101,20280101
ALS_000007200000370600000006,0,0,0,0,0,0,1,20260101,20280101
ALS_000007200000370600000007,1,1,1,1,1,0,0,20260101,20280101
ALS_000007200000370600000008,1,1,1,1,1,0,0,20260101,20280101
ALS_000007200000370600000009,1,1,1,1,1,0,0,20260101,20280101
ALS_000007200000370600000010,1,1,1,1,1,0,0,20260101,20280101
ALS_000007200000370600000011,0,0,0,0,0,1,1,20260101,20280101
ALS_000007200000370600000012,0,0,0,0,0,1,0,20260101,20280101
ALS_000007200000370600000013,0,0,0,0,0,0,1,20260101,20280101
ALS_000007200000370600000014,1,1,1,1,1,1,0,20260101,20280101
ALS_000007200000370600000015,1,1,1,1,1,0,0,20260907,20261221
ALS_000007200000370600000016,1,1,1,1,1,0,0,20260907,20261221
ALS_000007200000370600000017,1,1,1,1,1,0,0,20260907,20261221
ALS_000007200000370600000018,1,1,1,1,1,0,0,20260514,20280101
ALS_000007200000370600000019,1,1,1,1,1,0,0,20260514,20280101
ALS_000007200000370600000020,1,1,1,1,1,0,0,20260514,20280101
ALS_000007200000370600000021,1,1,1,1,1,0,0,20260514,20280101
ALS_000007200000370600000023,1,1,1,1,1,0,0,20260601,20280101
ALS_000007200000370600000024,1,1,1,1,1,0,0,20260601,20280101
ALS_000007200000370600000025,1,1,1,1,1,0,0,20260601,20280101
ALS_000007200000370600000026,0,0,0,1,1,0,0,20260908,20261221
ALS_000007200000370600000027,0,0,0,0,0,0,1,20260601,20280101
ALS_000007200000370600000028,1,1,1,1,1,0,0,20260601,20280101
ALS_000007200000370600000029,1,1,1,1,1,0,0,20260908,20261221
ALS_000007200000370600000031,1,1,1,1,1,0,0,20260622,20280101
ALS_000007200000370600000032,1,1,1,1,1,0,0,20260622,20280101
ALS_000007200000370600000033,0,0,0,0,0,1,0,20260622,20280101
ALS_000007200000370600000034,1,1,1,1,1,1,1,20260622,20280101
ALS_000007200000370600000036,1,0,0,0,0,0,0,20260908,20261221
ALS_000007200000370700000001,1,1,1,1,1,0,0,20260908,20261221
ALS_000007200000370700000002,1,1,1,1,1,0,0,20260908,20261221
ALS_000007200000370700000003,1,1,1,1,1,0,0,20260908,20261221
ALS_000007200000370700000004,1,1,1,1,1,0,0,20260908,20261221
ALS_000007200000370800000001,1,1,1,1,1,0,0,20260908,20261221
ALS_000007200000370800000002,1,1,1,1,1,0,0,20261001,20261221
ALS_000007200000370800000003,1,1,1,1,1,0,0,20260908,20261221
ALS_000007200000370800000004,1,1,1,1,1,0,0,20260908,20261221
ALS_000007200000371800000001,1,1,1,1,1,0,0,20260101,20280101
ALS_000007200000371900000001,1,1,1,1,1,0,0,20260101,20280101
ALS_000007200000372000000001,1,1,1,1,1,0,0,20260101,20280101
ALS_000007200000372000000002,1,1,1,1,1,0,0,20260101,20280101
ALS_000007200000372000000003,1,1,1,1,1,0,0,20260101,20280101
ALS_000007200000372000000005,1,1,1,1,1,0,0,20260101,20280101
ALS_000007200000372000000006,0,0,0,0,0,1,0,20260101,20280101
ALS_000007200000372000000007,1,1,1,1,1,0,0,20260101,20280101
ALS_000007200000372100000001,1,1,1,1,1,0,0,20260101,20280101
ALS_000007200000372100000002,1,1,1,1,1,0,0,20260101,20280101
ALS_000007200000372100000003,1,1,1,1,1,0,0,20260101,20280101
ALS_000007200000372100000004,1,1,1,1,1,1,0,20260101,20280101
ALS_000007200000372100000005,1,1,1,1,1,0,0,20260101,20280101
ALS_000007200000372100000007,1,1,1,1,1,0,0,20260101,20280101
ALS_000007200000765300000001,0,0,0,0,0,1,0,20260101,20280101
ALS_000007200000765300000002,0,0,0,0,0,1,0,20260101,20280101
ALS_000007200000765400000001,0,0,0,0,0,1,0,20260101,20280101
ALS_000007200000765400000002,0,0,0,0,0,1,0,20260101,20280101
ALS_000007200000842200000016,1,1,1,1,1,0,0,20260908,20261221
ALS_000007200000842300000012,1,1,1,1,1,0,0,20260908,20261221
ALS_000007200000842300000016,1,1,1,1,1,0,0,20260908,20261221
ALS_000007200000842400000008,1,1,1,1,1,1,0,20260101,20280101
ALS_000007200000842400000009,1,1,1,1,1,0,0,20260101,20280101
ALS_000007200000842400000010,1,1,1,1,1,0,0,20260101,20280101
ALS_000007200000842400000011,1,1,1,1,1,0,0,20260101,20280101
ALS_000007200000842500000007,1,1,1,1,1,1,0,20260101,20280101
ALS_000007200000842500000008,1,1,1,1,1,0,0,20260101,20280101
ALS_000007200000842500000009,1,1,1,1,1,0,0,20260101,20280101
ALS_000007200000842500000010,1,1,1,1,1,0,0,20260101,20280101
ALS_000007200000842600000004,1,1,1,1,1,0,0,20260101,20280101
ALS_000007200000842600000005,0,0,0,0,0,1,0,20260101,20280101
ALS_000007200000842700000003,1,1,1,1,1,1,0,20260101,20280101
ALS_000007200000842700000004,1,1,1,1,1,0,0,20260101,20280101
ALS_000007200000842800000005,1,1,1,1,1,0,0,20260101,20280101
ALS_000007200000842800000012,1,1,1,1,1,0,0,20260101,20280101
ALS_000007200000842800000013,1,1,1,1,1,1,0,20260101,20280101
ALS_000007200000842800000014,1,1,1,1,1,1,0,20260101,20280101
ALS_000007200000842800000015,1,1,1,1,1,0,0,20260908,20261221
ALS_000007200000842800000016,1,1,1,1,1,1,0,20260101,20280101
ALS_000007200000842900000004,1,1,1,1,1,1,0,20260101,20280101
ALS_000007200000842900000008,1,1,1,1,1,1,0,20260101,20280101
ALS_000007200000842900000009,1,1,1,1,1,1,0,20260101,20280101
ALS_000007200000842900000010,1,1,1,1,1,1,0,20260101,20280101
ALS_000007200000842900000011,1,1,1,1,1,0,0,20260101,20280101
ALS_000007200000843700000001,0,0,1,0,0,1,0,20260101,20280101
ALS_000007200000843700000009,1,1,1,1,1,0,0,20260101,20280101
ALS_000007200000843800000009,1,1,1,1,1,0,0,20260101,20280101
ALS_000007200000843800000010,1,1,1,1,1,0,0,20260908,20261221
ALS_000007200000843800000011,0,0,1,0,0,1,0,20260101,20280101
ALS_000007200000843900000012,1,1,1,1,1,0,0,20260101,20280101
ALS_000007200000843900000013,1,1,1,1,1,0,0,20260908,20261221
ALS_000007200000843900000014,1,1,1,1,1,0,0,20260908,20261221
ALS_000007200000844000000011,1,1,1,1,1,0,0,20260101,20280101
ALS_000007200000844000000012,1,1,1,1,1,0,0,20260101,20280101
ALS_000007200000844000000013,1,1,1,1,1,0,0,20260908,20261221
ALS_000007200000844000000014,1,1,1,1,1,0,0,20260908,20261221
ALS_000007200000844200000002,1,1,1,1,1,0,0,20260908,20261221
ALS_000007200000844500000029,1,1,1,1,1,0,0,20260101,20280101
ALS_000007200000844500000301,1,1,1,1,1,0,0,20260101,20280101
ALS_000007200000844500000302,1,1,1,1,1,0,0,20260101,20280101
ALS_000007200000844500000303,1,1,1,1,1,0,0,20260101,20280101
ALS_000007200000844500000304,1,1,1,1,1,0,0,20260101,20280101
ALS_000007200000844500000305,1,1,1,1,1,0,0,20260101,20280101
ALS_000007200000844500000306,1,1,1,1,1,0,0,20260101,20280101
ALS_000007200000844500000307,1,1,1,1,1,0,0,20260101,20280101
ALS_000007200000844500000308,1,1,1,1,1,0,0,20260101,20280101
ALS_000007200000844500000309,1,1,1,1,1,0,0,20260101,20280101
ALS_000007200000844500000310,1,1,1,1,1,0,0,20260101,20280101
ALS_000007200000844500000311,1,1,1,1,1,0,0,20260101,20280101
ALS_000007200000844500000312,1,1,1,1,1,0,0,20260101,20280101
ALS_000007200000844500000313,1,1,1,1,1,0,0,20260101,20280101
ALS_000007200000844500000314,1,1,1,1,1,0,0,20260101,20280101
ALS_000007200000844500000315,1,1,1,1,1,0,0,20260101,20280101
ALS_000007200000844500000316,1,1,1,1,1,0,0,20260101,20280101
ALS_000007200000844500000317,1,1,1,1,1,0,0,20260101,20280101
ALS_000007200000844500000318,1,1,1,1,1,0,0,20260101,20280101
ALS_000007200000844500000319,1,1,1,1,1,0,0,20260101,20280101
ALS_000007200000844500000320,1,1,1,1,1,0,0,20260101,20280101
ALS_000007200000844500000321,1,1,1,1,1,0,0,20260101,20280101
ALS_000007200000844500000322,1,1,1,1,1,0,0,20260101,20280101
ALS_000007200000913000000126,1,1,1,1,1,0,0,20260101,20280101
ALS_000007200000913000000128,1,1,1,1,1,0,0,20260101,20280101
ALS_000007200000913000000129,1,1,1,1,1,0,0,20260101,20280101
ALS_000007200000913000000130,1,1,1,1,1,0,0,20260101,20280101
ALS_000007200000913000000132,1,1,1,1,1,0,0,20260101,20280101
ALS_000007200000913000000136,1,1,1,1,1,0,0,20260101,20280101
ALS_000007200000913000000137,1,1,1,1,1,0,0,20260101,20280101
ALS_000007200000913000000138,1,1,1,1,1,0,0,20260101,20280101
ALS_000007200000913000000139,0,0,0,0,0,1,0,20260101,20280101
ALS_000007200000913000000140,0,0,0,0,0,1,0,20260101,20280101
ALS_000007200000913100000107,0,0,0,0,0,1,0,20260101,20280101
ALS_000007200000913100000109,0,0,0,0,0,1,0,20260101,20280101
ALS_000007200000913100000110,1,1,1,1,1,0,0,20260901,20270731
ALS_000007200000913100000113,1,1,1,1,1,0,0,20260901,20270731
ALS_000007200000913100000114,1,1,1,1,1,0,0,20260901,20270731
ALS_000007200000913100000115,1,1,1,1,1,0,0,20260901,20270731
ALS_000007200000913200000109,1,1,1,1,1,0,0,20260101,20280101
ALS_000007200000913200000112,0,0,0,0,0,1,0,20260101,20280101
ALS_000007200000913200000114,1,1,1,1,1,0,0,20260101,20280101
ALS_000007200000913200000115,1,1,1,1,1,0,0,20260101,20280101
ALS_000007200000913200000116,1,1,1,1,1,0,0,20260101,20280101
ALS_000007200000913200000117,1,1,1,1,1,0,0,20260101,20280101
ALS_000007200000913200000118,0,0,0,0,0,1,0,20260101,20280101
ALS_000007200000913500000001,1,1,1,1,1,0,0,20260101,20280101
ALS_000007200000913500000002,1,1,1,1,1,0,0,20260101,20280101
ALS_000007200000913500000003,1,1,1,1,1,0,0,20260101,20280101
ALS_000007200000913500000004,0,0,0,0,0,1,0,20260101,20280101
ALS_000007200000913600000001,1,1,1,1,1,0,0,20260101,20280101
ALS_000007200000913600000002,1,1,1,1,1,0,0,20260101,20280101
ALS_000007200000913600000003,1,1,1,1,1,0,0,20260101,20280101
ALS_000007200000913600000004,0,0,0,0,0,1,0,20260101,20280101
ALS_000007200000913700000001,1,1,1,1,1,0,0,20260101,20280101
ALS_000007200000913700000002,1,1,1,1,1,0,0,20260101,20280101
ALS_000007200000913700000003,0,0,0,0,0,1,0,20260101,20280101
ALS_000007200000913800000001,0,0,0,0,0,1,0,20260101,20280101
ALS_000007200000913800000002,1,1,1,1,1,0,0,20260101,20280101
ALS_000007200000913800000003,1,1,1,1,1,0,0,20260101,20280101
ALS_000007200000939300000003,1,1,1,1,1,0,0,20260101,20280101
ALS_000007200000939400000004,1,1,1,1,1,0,0,20260101,20280101
ALS_000007200000939500000001,1,1,1,1,1,0,0,20260908,20261221
ALS_000007200000939600000001,1,1,1,1,1,0,0,20260908,20261221
ALS_000007200000940300000013,1,1,1,1,1,0,0,20260908,20261221
ALS_000007200000940300000014,1,1,1,1,1,0,0,20260908,20261221
ALS_000007200000940300000015,1,1,1,1,1,0,0,20260908,20261221
ALS_000007200000940300000016,1,1,1,1,1,0,0,20260908,20261221
ALS_000007200000940400000013,0,0,1,0,0,0,0,20260101,20280101
ALS_000007200000940400000014,0,0,1,0,0,0,0,20260101,20280101
ALS_000007200000940400000015,0,0,1,0,0,0,0,20260101,20280101
ALS_000007200000940400000016,0,0,1,0,0,0,0,20260101,20280101
ALS_000007200000940400000017,0,0,1,0,0,0,0,20260101,20280101
ALS_000007200000940400000018,0,0,1,0,0,0,0,20260101,20280101
ALS_000007200000940400000019,0,0,1,0,0,0,0,20260101,20280101
ALS_000007200000940400000020,0,0,1,0,0,0,0,20260101,20280101
ALS_000007200000940500000001,1,1,1,1,1,0,0,20260908,20261221
ALS_000007200000940500000002,1,1,1,1,1,0,0,20260908,20261221
ALS_000007200000940500000011,1,1,1,1,1,0,0,20260908,20261221
ALS_000007200000940500000012,1,1,1,1,1,0,0,20260908,20261221
AMB_129.1558.20,0,0,0,0,0,0,0,20260420,20281231
AMB_129.314.20,0,0,0,0,0,0,1,20260420,20281231
AMB_129.494.20,0,0,0,0,0,1,0,20260420,20281231
AMB_129.793.20,1,1,1,1,1,0,0,20260420,20281231
AMB_130.2231.5,1,1,1,1,1,1,1,20210714,20261231
AMB_130.2232.5,0,0,0,0,0,0,0,20210714,20261231
AMB_132.1558.27,0,0,0,0,0,0,0,20260910,20281231
AMB_132.314.27,0,0,0,0,0,0,1,20260910,20281231
AMB_132.494.27,0,0,0,0,0,1,0,20260910,20281231
AMB_132.793.27,1,1,1,1,1,0,0,20260910,20281231
AMB_139.1603.15,1,1,1,1,1,0,0,20230918,20281231
AMB_139.494.15,0,0,0,0,0,1,0,20230918,20281231
AMB_141.1603.39,1,1,1,1,1,0,0,20260914,20281231
AMB_141.314.39,0,0,0,0,0,0,1,20260914,20281231
AMB_141.494.39,0,0,0,0,0,1,0,20260914,20281231
AMB_142.1558.52,0,0,0,0,0,0,0,20260914,20281231
AMB_142.314.52,0,0,0,0,0,0,1,20260914,20281231
AMB_142.494.52,0,0,0,0,0,1,0,20260914,20281231
AMB_142.494.53,0,0,0,0,0,1,0,20260914,20281231
AMB_142.793.52,1,1,1,1,1,0,0,20260914,20281231
AMB_143.314.31,0,0,0,0,0,0,1,20260803,20281231
AMB_143.764.31,0,0,0,0,0,1,0,20260803,20281231
AMB_143.793.31,1,1,1,1,1,0,0,20260803,20281231
AMB_146.1558.31,0,0,0,0,0,0,0,20260806,20281231
AMB_146.314.31,0,0,0,0,0,0,1,20260806,20281231
AMB_146.494.31,0,0,0,0,0,1,0,20260806,20281231
AMB_146.793.31,1,1,1,1,1,0,0,20260806,20281231
AMB_148.793.5,1,1,1,1,1,0,0,20260429,20281231
AMB_148.989.5,0,0,0,0,0,1,1,20260429,20281231
AMB_156.1603.25,1,1,1,1,1,0,0,20260925,20271231
AMB_156.314.25,0,0,0,0,0,0,1,20260925,20271231
AMB_156.494.25,0,0,0,0,0,1,0,20260925,20271231
AMB_157.1558.22,0,0,0,0,0,0,0,20260401,20271231
AMB_157.314.22,0,0,0,0,0,0,1,20260401,20271231
AMB_157.494.22,0,0,0,0,0,1,0,20260401,20271231
AMB_157.793.22,1,1,1,1,1,0,0,20260401,20271231
AMB_157.934.22,0,0,0,0,0,0,0,20260401,20271231
AMB_158.2253.11,1,1,1,1,1,0,0,20231129,20261231
AMB_158.764.11,0,0,0,0,0,1,0,20231129,20261231
AMB_163.2247.15,1,1,1,1,1,1,0,20260914,20271231
AMB_163.2248.15,0,0,0,0,0,0,1,20260914,20271231
AMB_164.1558.17,0,0,0,0,0,0,0,20260828,20281231
AMB_164.2170.17,1,1,1,1,1,0,0,20260828,20281231
AMB_164.314.17,0,0,0,0,0,0,1,20260828,20281231
AMB_164.494.17,0,0,0,0,0,1,0,20260828,20281231
AMB_164.793.17,1,1,1,1,1,0,0,20260828,20281231
AMB_165.764.23,0,0,0,0,0,1,0,20251229,20271231
AMB_165.764.24,0,0,0,0,0,1,0,20251229,20271231
AMB_165.793.23,1,1,1,1,1,0,0,20251229,20271231
AMB_165.793.24,1,1,1,1,1,0,0,20251229,20271231
AMB_173.314.17,0,0,0,0,0,0,1,20260312,20281231
AMB_173.764.17,0,0,0,0,0,1,0,20260312,20281231
AMB_173.793.17,1,1,1,1,1,0,0,20260312,20281231
AMB_177.2170.16,1,1,1,1,1,0,0,20251126,20281231
AMB_177.2170.17,1,1,1,1,1,0,0,20251126,20281231
AMB_177.2255.16,0,0,0,0,0,0,0,20251126,20281231
AMB_177.314.16,0,0,0,0,0,0,1,20251126,20281231
AMB_177.764.16,0,0,0,0,0,1,0,20251126,20281231
AMB_181.314.28,0,0,0,0,0,0,1,20260527,20271231
AMB_181.764.28,0,0,0,0,0,1,0,20260527,20271231
AMB_181.793.28,1,1,1,1,1,0,0,20260527,20271231
AMB_194.314.34,0,0,0,0,0,0,1,20260221,20271231
AMB_194.764.34,0,0,0,0,0,1,0,20260221,20271231
AMB_194.793.34,1,1,1,1,1,0,0,20260221,20271231
AMB_195.314.23,0,0,0,0,0,0,1,20230607,20271231
AMB_195.764.23,0,0,0,0,0,1,0,20230607,20271231
AMB_195.793.23,1,1,1,1,1,0,0,20230607,20271231
AMB_195.989.23,0,0,0,0,0,1,1,20230607,20271231
AMB_196.314.27,0,0,0,0,0,0,1,20260827,20281231
AMB_196.764.27,0,0,0,0,0,1,0,20260827,20281231
AMB_196.793.27,1,1,1,1,1,0,0,20260827,20281231
AMB_198.1603.17,1,1,1,1,1,0,0,20260910,20281231
AMB_198.314.17,0,0,0,0,0,0,1,20260910,20281231
AMB_198.494.17,0,0,0,0,0,1,0,20260910,20281231
AMB_199.2265.34,1,1,1,1,1,1,1,20260827,20281231
AMB_199.2266.34,0,0,0,0,0,0,0,20260827,20281231
AMB_200.314.33,0,0,0,0,0,0,1,20260701,20281231
AMB_200.764.33,0,0,0,0,0,1,0,20260701,20281231
AMB_200.793.33,1,1,1,1,1,0,0,20260701,20281231
AMB_202.1169.25,1,1,1,1,1,1,0,20260319,20281231
AMB_202.314.25,0,0,0,0,0,0,1,20260319,20281231
AMB_204.1558.40,0,0,0,0,0,0,0,20260709,20281231
AMB_204.494.40,0,0,0,0,0,1,0,20260709,20281231
AMB_204.793.40,1,1,1,1,1,0,0,20260709,20281231
AMB_204.934.40,0,0,0,0,0,0,0,20260709,20281231
AMB_206.1558.45,0,0,0,0,0,0,0,20260709,20281231
AMB_206.1654.45,0,0,0,0,0,1,1,20260709,20281231
AMB_206.793.45,1,1,1,1,1,0,0,20260709,20281231
AMB_206.934.45,0,0,0,0,0,0,0,20260709,20281231
AMB_207.1169.23,1,1,1,1,1,1,0,20250227,20261231
AMB_207.314.23,0,0,0,0,0,0,1,20250227,20261231
AMB_209.1169.20,1,1,1,1,1,1,0,20260909,20281231
AMB_209.314.20,0,0,0,0,0,0,1,20260909,20281231
AMB_210.2243.19,0,0,0,0,0,0,0,20260914,20271231
AMB_210.2244.19,1,1,1,1,1,1,1,20260914,20271231
AMB_211.2248.28,0,0,0,0,0,0,1,20260914,20271231
AMB_211.2291.28,1,1,0,1,1,1,1,20260914,20271231
AMB_211.2292.28,0,0,1,0,0,0,0,20260914,20271231
AMB_211.2292.29,0,0,1,0,0,0,0,20260914,20271231
AMB_211.2293.28,1,1,0,1,1,0,0,20260914,20271231
AMB_211.2294.28,0,0,1,0,0,0,0,20260914,20271231
AMB_211.2294.29,0,0,1,0,0,0,0,20260914,20271231
AMB_211.2295.28,0,0,0,0,0,1,0,20260914,20271231
AMB_212.2245.39,0,0,0,0,0,1,1,20260423,20271231
AMB_212.2246.39,0,0,0,0,0,0,0,20260423,20271231
AMB_212.2282.39,0,0,1,0,0,0,0,20260423,20271231
AMB_212.2282.40,0,0,1,0,0,0,0,20260423,20271231
AMB_212.2284.39,1,1,0,1,1,0,0,20260423,20271231
AMB_213.2282.31,0,0,1,0,0,0,0,20250506,20281231
AMB_213.2282.32,0,0,1,0,0,0,0,20250505,20281231
AMB_213.2284.31,1,1,0,1,1,0,0,20250506,20281231
AMB_213.314.31,0,0,0,0,0,0,1,20250506,20281231
AMB_213.494.31,0,0,0,0,0,1,0,20250506,20281231
AMB_214.314.24,0,0,0,0,0,0,1,20260915,20281231
AMB_214.764.24,0,0,0,0,0,1,0,20260915,20281231
AMB_214.793.24,1,1,1,1,1,0,0,20260915,20281231
AMB_215.2170.42,1,1,1,1,1,0,0,20260915,20281231
AMB_215.314.42,0,0,0,0,0,0,1,20260915,20281231
AMB_215.764.42,0,0,0,0,0,1,0,20260915,20281231
AMB_215.793.42,1,1,1,1,1,0,0,20260915,20281231
AMB_216.28.9,1,1,1,1,1,1,1,20250430,20271231
AMB_217.1654.29,0,0,0,0,0,1,1,20260330,20281231
AMB_217.2252.29,0,0,0,0,0,1,0,20260330,20281231
AMB_217.2268.28,1,1,1,1,1,0,1,20260330,20281231
AMB_217.28.28,1,1,1,1,1,1,1,20260330,20281231
AMB_218.28.34,1,1,1,1,1,1,1,20260803,20281231
AMB_219.2298.18,1,1,1,1,1,1,1,20260716,20271231
AMB_219.2299.18,0,0,0,0,0,0,0,20260716,20271231
AMB_219.28.18,1,1,1,1,1,1,1,20260716,20271231
AMB_220.2252.41,0,0,0,0,0,1,0,20260527,20271231
AMB_220.2268.41,1,1,1,1,1,0,1,20260527,20271231
AMB_221.2252.33,0,0,0,0,0,1,0,20260716,20281231
AMB_221.28.33,1,1,1,1,1,1,1,20260716,20281231
AMB_222.28.30,1,1,1,1,1,1,1,20260527,20281231
AMB_223.2256.38,0,0,0,0,0,1,0,20260716,20261231
AMB_223.2264.38,1,1,1,1,1,0,1,20260716,20261231
AMB_224.22.15,1,1,1,1,1,1,1,20231001,20281231
AMB_224.28.15,1,1,1,1,1,1,1,20231001,20281231
AMB_225.28.56,1,1,1,1,1,1,1,20260914,20271231
AMB_226.28.19,1,1,1,1,1,1,1,20260722,20281231
AMB_227.28.27,1,1,1,1,1,1,1,20260209,20281231
AMB_228.28.9,1,1,1,1,1,1,1,20250417,20261231
AMB_229.28.36,1,1,1,1,1,1,1,20260608,20271231
AMB_230.28.17,1,1,1,1,1,1,1,20250317,20281231
AMB_231.28.37,1,1,1,1,1,1,1,20260811,20281231
AMB_232.28.28,1,1,1,1,1,1,1,20260411,20281231
AMB_232.28.29,1,1,1,1,1,1,1,20260411,20281231
AMB_234.28.21,1,1,1,1,1,1,1,20260701,20281231
AMB_235.2259.19,0,0,0,0,0,0,1,20260701,20281231
AMB_235.2260.19,0,0,0,0,0,0,1,20260701,20281231
AMB_235.2261.19,1,1,1,1,1,0,0,20260701,20281231
AMB_235.2262.19,0,0,0,0,0,1,0,20260701,20281231
AMB_236.2258.26,0,0,0,0,0,1,1,20260701,20281231
AMB_237.1603.11,1,1,1,1,1,0,0,20231201,20271231
AMB_248.314.37,0,0,0,0,0,0,1,20260827,20281231
AMB_248.764.37,0,0,0,0,0,1,0,20260827,20281231
AMB_248.793.37,1,1,1,1,1,0,0,20260827,20281231
AMB_249.314.11,0,0,0,0,0,0,1,20220919,20281231
AMB_249.764.11,0,0,0,0,0,1,0,20220919,20281231
AMB_249.793.11,1,1,1,1,1,0,0,20220919,20281231
AMB_250.793.15,1,1,1,1,1,0,0,20260827,20281231
AMB_250.989.15,0,0,0,0,0,1,1,20260827,20281231
AMB_251.1558.10,0,0,0,0,0,0,0,20260511,20281231
AMB_251.793.10,1,1,1,1,1,0,0,20260511,20281231
AMB_252.2273.9,0,1,1,1,1,0,0,20260511,20281231
AMB_252.2274.9,0,1,1,1,1,0,0,20260511,20281231
AMB_252.2275.10,1,0,0,0,0,0,0,20260511,20281231
AMB_252.2275.9,1,0,0,0,0,0,0,20260511,20281231
AMB_252.2276.10,1,0,0,0,0,0,0,20260511,20281231
AMB_252.2276.9,1,0,0,0,0,0,0,20260511,20281231
AMB_264.1558.32,0,0,0,0,0,0,0,20260921,20281231
AMB_264.314.32,0,0,0,0,0,0,1,20260921,20281231
AMB_264.494.32,0,0,0,0,0,1,0,20260921,20281231
AMB_264.793.32,1,1,1,1,1,0,0,20260921,20281231
AMB_265.1558.30,0,0,0,0,0,0,0,20260921,20281231
AMB_265.314.30,0,0,0,0,0,0,1,20260921,20281231
AMB_265.494.30,0,0,0,0,0,1,0,20260921,20281231
AMB_265.793.30,1,1,1,1,1,0,0,20260921,20281231
AMB_266.1603.5,1,1,1,1,1,0,0,20260924,20281231
AMB_266.1654.5,0,0,0,0,0,1,1,20260924,20281231
AMB_268.28.26,1,1,1,1,1,1,1,20260929,20281231
AMB_269.2231.3,1,1,1,1,1,1,1,20210714,20261231
AMB_269.2232.3,0,0,0,0,0,0,0,20210714,20261231
AMB_297.1603.13,1,1,1,1,1,0,0,20250524,20281231
AMB_301.314.24,0,0,0,0,0,0,1,20260625,20281231
AMB_301.764.24,0,0,0,0,0,1,0,20260625,20281231
AMB_301.793.24,1,1,1,1,1,0,0,20260625,20281231
AMB_302.1558.43,0,0,0,0,0,0,0,20260919,20281231
AMB_302.314.43,0,0,0,0,0,0,1,20260919,20281231
AMB_302.494.41,0,0,0,0,0,1,0,20260608,20281231
AMB_302.494.43,0,0,0,0,0,1,0,20260919,20281231
AMB_302.793.43,1,1,1,1,1,0,0,20260919,20281231
AMB_303.314.18,0,0,0,0,0,0,1,20240801,20261231
AMB_303.764.18,0,0,0,0,0,1,0,20240801,20261231
AMB_303.793.18,1,1,1,1,1,0,0,20240801,20261231
AMB_307.2269.33,1,1,1,0,1,0,0,20260924,20281231
AMB_307.2270.33,1,1,1,0,1,0,0,20260924,20281231
AMB_307.2271.33,0,0,0,1,0,0,0,20260924,20281231
AMB_307.2271.34,0,0,0,1,0,0,0,20260924,20281231
AMB_307.2272.33,0,0,0,1,0,0,0,20260924,20281231
AMB_307.2272.34,0,0,0,1,0,0,0,20260924,20281231
AMB_307.314.33,0,0,0,0,0,0,1,20260924,20281231
AMB_307.314.36,0,0,0,0,0,0,1,20260924,20281231
AMB_307.494.33,0,0,0,0,0,1,0,20260924,20281231
AMB_307.494.35,0,0,0,0,0,1,0,20260924,20281231
AMB_310.1169.10,1,1,1,1,1,1,0,20260401,20281231
AMB_310.1169.9,1,1,1,1,1,1,0,20260401,20281231
AMB_313.1558.30,0,0,0,0,0,0,0,20260910,20281231
AMB_313.314.30,0,0,0,0,0,0,1,20260910,20281231
AMB_313.494.30,0,0,0,0,0,1,0,20260910,20281231
AMB_313.793.30,1,1,1,1,1,0,0,20260910,20281231
AMB_325.314.35,0,0,0,0,0,0,1,20260914,20271231
AMB_325.764.35,0,0,0,0,0,1,0,20260914,20271231
AMB_325.793.35,1,1,1,1,1,0,0,20260914,20271231
AMB_326.1558.50,0,0,0,0,0,0,0,20260803,20281231
AMB_326.314.51,0,0,0,0,0,0,1,20260803,20281231
AMB_326.314.52,0,0,0,0,0,0,1,20260803,20281231
AMB_326.494.50,0,0,0,0,0,1,0,20260803,20281231
AMB_326.793.50,1,1,1,1,1,0,0,20260803,20281231
AMB_327.1603.45,1,1,1,1,1,0,0,20260914,20281231
AMB_327.314.45,0,0,0,0,0,0,1,20260914,20281231
AMB_327.494.45,0,0,0,0,0,1,0,20260914,20281231
AMB_328.314.51,0,0,0,0,0,0,1,20260925,20281231
AMB_328.764.51,0,0,0,0,0,1,0,20260925,20281231
AMB_328.793.51,1,1,1,1,1,0,0,20260925,20281231
AMB_329.764.22,0,0,0,0,0,1,0,20260411,20281231
AMB_329.793.22,1,1,1,1,1,0,0,20260411,20281231
AMB_329.989.22,0,0,0,0,0,1,1,20260411,20281231
AMB_349.1654.8,0,0,0,0,0,1,1,20260228,20281231
AMB_361.1603.5,1,1,1,1,1,0,0,20260209,20271231
AMB_361.1603.6,1,1,1,1,1,0,0,20260209,20271231
AMB_366.2257.12,0,0,0,0,0,0,0,20260914,20281231
AMB_366.529.12,0,0,0,0,0,0,0,20260914,20281231
AMB_387.1294.8,0,0,0,0,0,1,0,20260302,20271231
AMB_387.1558.8,0,0,0,0,0,0,0,20260302,20271231
AMB_387.2170.8,1,1,1,1,1,0,0,20260302,20271231
AMB_387.2255.8,0,0,0,0,0,0,0,20260302,20271231
AMB_387.2296.8,0,0,0,0,0,0,1,20260302,20271231
AMB_388.1294.8,0,0,0,0,0,1,0,20260302,20271231
AMB_388.1558.8,0,0,0,0,0,0,0,20260302,20271231
AMB_388.2170.9,1,1,1,1,1,0,0,20260302,20271231
AMB_388.2255.9,0,0,0,0,0,0,0,20260302,20271231
AMB_388.2296.8,0,0,0,0,0,0,1,20260302,20271231
AMB_388.793.8,1,1,1,1,1,0,0,20260302,20271231
AMB_389.1558.10,0,0,0,0,0,0,0,20251024,20261231
AMB_389.1558.9,0,0,0,0,0,0,0,20250516,20261231
AMB_389.314.10,0,0,0,0,0,0,1,20251024,20261231
AMB_389.494.10,0,0,0,0,0,1,0,20251024,20261231
AMB_389.793.10,1,1,1,1,1,0,0,20251024,20261231
AMB_389.793.9,1,1,1,1,1,0,0,20250516,20261231
AMB_394.28.11,1,1,1,1,1,1,1,20251122,20271231
AMB_395.28.13,1,1,1,1,1,1,1,20250630,20281231
AMB_403.314.12,0,0,0,0,0,0,1,20250610,20281231
AMB_403.764.12,0,0,0,0,0,1,0,20250610,20281231
AMB_403.793.12,1,1,1,1,1,0,0,20250610,20281231
AMB_404.314.21,0,0,0,0,0,0,1,20260411,20281231
AMB_404.764.21,0,0,0,0,0,1,0,20260411,20281231
AMB_404.793.21,1,1,1,1,1,0,0,20260411,20281231
AMB_405.2277.27,1,1,0,1,1,0,0,20260401,20271231
AMB_405.2278.27,1,1,0,1,1,0,0,20260401,20271231
AMB_405.2280.27,0,0,1,0,0,0,0,20260401,20271231
AMB_405.2280.28,0,0,1,0,0,0,0,20260401,20271231
AMB_405.2281.27,0,0,1,0,0,0,0,20260401,20271231
AMB_405.2281.28,0,0,1,0,0,0,0,20260401,20271231
AMB_405.494.27,0,0,0,0,0,1,0,20260401,20271231
AMB_408.1558.17,0,0,0,0,0,0,0,20251003,20281231
AMB_408.314.17,0,0,0,0,0,0,1,20251003,20281231
AMB_408.494.17,0,0,0,0,0,1,0,20251003,20281231
AMB_408.793.17,1,1,1,1,1,0,0,20251003,20281231
AMB_413.1558.33,0,0,0,0,0,0,0,20260803,20281231
AMB_413.314.33,0,0,0,0,0,0,1,20260803,20281231
AMB_413.494.33,0,0,0,0,0,1,0,20260803,20281231
AMB_413.793.33,1,1,1,1,1,0,0,20260803,20281231
AMB_415.314.37,0,0,0,0,0,0,1,20260803,20281231
AMB_415.314.38,0,0,0,0,0,0,1,20260803,20281231
AMB_415.764.37,0,0,0,0,0,1,0,20260803,20281231
AMB_415.764.38,0,0,0,0,0,1,0,20260803,20281231
AMB_415.793.37,1,1,1,1,1,0,0,20260803,20281231
AMB_415.793.38,1,1,1,1,1,0,0,20260803,20281231
AMB_417.1558.31,0,0,0,0,0,0,0,20260709,20281231
AMB_417.314.31,0,0,0,0,0,0,1,20260709,20281231
AMB_417.494.31,0,0,0,0,0,1,0,20260709,20281231
AMB_417.793.31,1,1,1,1,1,0,0,20260709,20281231
AMB_418.1015.11,0,0,0,0,0,0,0,20240406,20281231
AMB_418.1558.11,0,0,0,0,0,0,0,20240406,20281231
AMB_418.314.11,0,0,0,0,0,0,1,20240406,20281231
AMB_418.494.11,0,0,0,0,0,1,0,20240406,20281231
AMB_418.790.11,1,1,1,1,1,0,0,20240406,20281231
AMB_418.793.11,1,1,1,1,1,0,0,20240406,20281231
AMB_418.880.11,0,0,0,0,0,1,0,20240406,20281231
AMB_418.925.11,0,0,0,0,0,0,1,20240406,20281231
AMB_419.314.1,0,0,0,0,0,0,1,20230515,20271231
AMB_419.764.1,0,0,0,0,0,1,0,20230515,20271231
AMB_419.793.1,1,1,1,1,1,0,0,20230515,20271231
AMB_420.2277.18,1,1,0,1,1,0,0,20250101,20281231
AMB_420.2280.18,0,0,1,0,0,0,0,20250101,20281231
AMB_420.2280.19,0,0,1,0,0,0,0,20250101,20281231
AMB_423.1558.20,0,0,0,0,0,0,0,20250102,20281231
AMB_423.793.20,1,1,1,1,1,0,0,20250102,20281231
AMB_424.793.20,1,1,1,1,1,0,0,20260220,20271231
AMB_425.1558.27,0,0,0,0,0,0,0,20260827,20281231
AMB_425.314.27,0,0,0,0,0,0,1,20260827,20281231
AMB_425.494.27,0,0,0,0,0,1,0,20260827,20281231
AMB_425.793.27,1,1,1,1,1,0,0,20260827,20281231
AMB_427.1603.11,1,1,1,1,1,0,0,20231214,20271231
AMB_427.494.11,0,0,0,0,0,1,0,20231214,20271231
AMB_430.1558.16,0,0,0,0,0,0,0,20260720,20281231
AMB_430.314.16,0,0,0,0,0,0,1,20260720,20281231
AMB_430.494.16,0,0,0,0,0,1,0,20260720,20281231
AMB_430.793.16,1,1,1,1,1,0,0,20260720,20281231
AMB_431.1558.24,0,0,0,0,0,0,0,20260520,20281231
AMB_431.314.24,0,0,0,0,0,0,1,20260520,20281231
AMB_431.494.24,0,0,0,0,0,1,0,20260520,20281231
AMB_431.793.24,1,1,1,1,1,0,0,20260520,20281231
AMB_432.314.21,0,0,0,0,0,0,1,20241118,20281231
AMB_432.764.21,0,0,0,0,0,1,0,20241118,20281231
AMB_432.793.21,1,1,1,1,1,0,0,20241118,20281231
AMB_435.1603.6,1,1,1,1,1,0,0,20250430,20261231
AMB_435.314.6,0,0,0,0,0,0,1,20250430,20261231
AMB_435.494.6,0,0,0,0,0,1,0,20250430,20261231
AMB_446.2226.1,0,0,0,0,0,1,0,20250305,20261231
AMB_446.793.1,1,1,1,1,1,0,0,20250305,20261231
AMB_447.2226.5,0,0,0,0,0,1,0,20240201,20261231
AMB_447.793.5,1,1,1,1,1,0,0,20240201,20261231
AMB_448.2226.3,0,0,0,0,0,1,0,20230313,20281231
AMB_448.793.3,1,1,1,1,1,0,0,20230313,20281231
AMB_449.2226.1,0,0,0,0,0,1,0,20220502,20261231
AMB_450.2170.1,1,1,1,1,1,0,0,20221029,20271231
AMB_471.28.17,1,1,1,1,1,1,1,20260929,20281231
AMB_472.1558.6,0,0,0,0,0,0,0,20260319,20281231
AMB_472.793.6,1,1,1,1,1,0,0,20260319,20281231
AMB_476.314.5,0,0,0,0,0,0,1,20250128,20281231
AMB_476.764.5,0,0,0,0,0,1,0,20250128,20281231
AMB_476.793.5,1,1,1,1,1,0,0,20250128,20281231
AMB_479.2279.10,1,1,0,1,1,1,0,20260925,20271231
AMB_479.2282.10,0,0,1,0,0,0,0,20260925,20271231
AMB_479.2282.11,0,0,1,0,0,0,0,20260925,20271231
AMB_479.314.10,0,0,0,0,0,0,1,20260925,20271231
AMB_481.1603.6,1,1,1,1,1,0,0,20260701,20281231
AMB_483.28.3,1,1,1,1,1,1,1,20251027,20271231
AMB_485.1603.7,1,1,1,1,1,0,0,20240724,20271231
AMB_485.1603.8,1,1,1,1,1,0,0,20240724,20271231
AMB_486.793.4,1,1,1,1,1,0,0,20260420,20281231
AMB_487.793.6,1,1,1,1,1,0,0,20260420,20281231
AMB_488.2247.2,1,1,1,1,1,1,0,20260914,20271231
AMB_488.2248.2,0,0,0,0,0,0,1,20260914,20271231
AMB_489.2170.10,1,1,1,1,1,0,0,20260514,20271231
AMB_489.2170.9,1,1,1,1,1,0,0,20250505,20281231
AMB_489.2249.10,0,0,0,0,0,0,0,20260514,20271231
AMB_489.2249.9,0,0,0,0,0,0,0,20250505,20281231
AMB_489.314.10,0,0,0,0,0,0,1,20260514,20271231
AMB_489.314.9,0,0,0,0,0,0,1,20250505,20281231
AMB_489.494.10,0,0,0,0,0,1,0,20260514,20271231
AMB_489.494.9,0,0,0,0,0,1,0,20250505,20281231
AMB_490.2170.3,1,1,1,1,1,0,0,20240916,20281231
AMB_492.1558.19,0,0,0,0,0,0,0,20260701,20281231
AMB_492.314.19,0,0,0,0,0,0,1,20260701,20281231
AMB_492.494.19,0,0,0,0,0,1,0,20260701,20281231
AMB_492.494.20,0,0,0,0,0,1,0,20260701,20281231
AMB_492.793.19,1,1,1,1,1,0,0,20260701,20281231
AMB_493.314.6,0,0,0,0,0,0,1,20260216,20281231
AMB_493.764.6,0,0,0,0,0,1,0,20260216,20281231
AMB_493.793.6,1,1,1,1,1,0,0,20260216,20281231
AMB_495.2263.7,0,0,0,0,0,0,0,20260731,20281231
AMB_496.28.4,1,1,1,1,1,1,1,20260722,20281231
AMB_497.28.3,1,1,1,1,1,1,1,20250630,20281231
AMB_501.1603.1,1,1,1,1,1,0,0,20250401,20281231
AMB_501.314.1,0,0,0,0,0,0,1,20250401,20281231
AMB_501.494.1,0,0,0,0,0,1,0,20250401,20281231
AMB_502.1603.6,1,1,1,1,1,0,0,20260901,20281231
AMB_502.1654.6,0,0,0,0,0,1,1,20260901,20281231
AMB_502.2170.7,1,1,1,1,1,0,0,20260901,20281231
AMB_503.1603.4,1,1,1,1,1,0,0,20260905,20271231
AMB_503.1603.5,1,1,1,1,1,0,0,20260905,20271231
AMB_503.1603.6,1,1,1,1,1,0,0,20260905,20271231
AMB_504.1603.4,1,1,1,1,1,0,0,20260905,20271231
AMB_504.1603.5,1,1,1,1,1,0,0,20260905,20271231
AMB_504.1603.6,1,1,1,1,1,0,0,20260905,20271231
AMB_507.1603.2,1,1,1,1,1,0,0,20260511,20281231
AMB_507.314.2,0,0,0,0,0,0,1,20260511,20281231
AMB_507.494.2,0,0,0,0,0,1,0,20260511,20281231
AMB_508.2255.14,0,0,0,0,0,0,0,20260930,20271231
AMB_508.764.15,0,0,0,0,0,1,0,20260930,20271231
AMB_508.793.14,1,1,1,1,1,0,0,20260930,20271231
AMB_508.793.15,1,1,1,1,1,0,0,20260930,20271231
AMB_508.989.14,0,0,0,0,0,1,1,20260930,20271231
AMB_508.989.15,0,0,0,0,0,1,1,20260930,20271231
AMB_509.793.7,1,1,1,1,1,0,0,20260901,20281231
AMB_509.793.8,1,1,1,1,1,0,0,20260901,20281231
AMB_509.989.7,0,0,0,0,0,1,1,20260901,20281231
AMB_510.2170.7,1,1,1,1,1,0,0,20260901,20281231
AMB_510.2170.8,1,1,1,1,1,0,0,20260901,20281231
AMB_510.2255.7,0,0,0,0,0,0,0,20260901,20281231
AMB_510.764.7,0,0,0,0,0,1,0,20260901,20281231
AMB_510.989.7,0,0,0,0,0,1,1,20260901,20281231
AMB_511.793.1,1,1,1,1,1,0,0,20260409,20281231
AMB_512.1603.1,1,1,1,1,1,0,0,20260409,20281231
AMB_512.1603.2,1,1,1,1,1,0,0,20260409,20281231
AMB_513.793.3,1,1,1,1,1,0,0,20260429,20281231
AMB_513.989.3,0,0,0,0,0,1,1,20260429,20281231
AMB_516.1558.8,0,0,0,0,0,0,0,20260720,20281231
AMB_516.314.8,0,0,0,0,0,0,1,20260720,20281231
AMB_516.494.8,0,0,0,0,0,1,0,20260720,20281231
AMB_516.793.8,1,1,1,1,1,0,0,20260720,20281231
AMB_518.2297.4,0,0,0,1,1,1,0,20260914,20271231
AMP_1,1,1,1,1,1,0,0,20250408,20261231
AMP_2,0,0,0,0,0,1,0,20250408,20261231
AUC_24_31_desembre,1,1,1,1,1,0,0,20250701,20260901
AUC_Agost_feiners,1,1,1,1,1,0,0,20260801,20260831
AUC_Escolars_corbera,1,1,1,1,1,0,0,20250909,20260619
AUC_Feiners,1,1,1,1,1,0,0,20250701,20260901
AUC_Feiners_No_Agost,1,1,1,1,1,0,0,20250701,20260901
AUC_Feiners_calendari_escolar,1,1,1,1,1,0,0,20250908,20260619
AUC_Nomes_dissabtes_no_festius,0,0,0,0,0,1,0,20250701,20260901
AUC_Nomes_diumenges_i_festius,0,0,0,0,0,0,1,20250701,20260901
AUC_Tots_dissabtes_nocturn,0,0,0,0,0,1,0,20250701,20260901
AUC_Tots_diumenges_nocturn,0,0,0,0,0,0,1,20250701,20260901
AVE_2026-09-232026-09-26031633,1,1,1,1,1,1,1,20260923,20260926
AVE_2026-09-232026-09-27097371,1,1,1,1,1,1,1,20260923,20260927
AVE_2026-09-232026-09-27097372,1,1,1,1,1,1,1,20260923,20260927
AVE_2026-09-232026-09-27097421,1,1,1,1,1,1,1,20260923,20260927
AVE_2026-09-232026-09-27097422,1,1,1,1,1,1,1,20260923,20260927
AVE_2026-09-232026-09-30010921,1,1,1,1,1,1,1,20260923,20260930
AVE_2026-09-232026-09-30030831,1,1,1,1,1,1,1,20260923,20260930
AVE_2026-09-232026-09-30030921,1,1,1,1,1,1,1,20260923,20260930
AVE_2026-09-232026-09-30030922,1,1,1,1,1,1,1,20260923,20260930
AVE_2026-09-232026-09-30030923,1,1,1,1,1,1,1,20260923,20260930
AVE_2026-09-232026-09-30031911,1,1,1,1,1,1,1,20260923,20260930
AVE_2026-09-232026-09-30031912,1,1,1,1,1,1,1,20260923,20260930
AVE_2026-09-232026-09-30083961,1,1,1,1,1,1,1,20260923,20260930
AVE_2026-09-232026-10-10031811,1,1,1,1,1,1,1,20260923,20261010
AVE_2026-09-232026-10-11080771,1,1,1,1,1,1,1,20260923,20261011
AVE_2026-09-232026-10-11081861,1,1,1,1,1,1,1,20260923,20261011
AVE_2026-09-232026-10-11082071,1,1,1,1,1,1,1,20260923,20261011
AVE_2026-09-232026-10-11082161,1,1,1,1,1,1,1,20260923,20261011
AVE_2026-09-232026-10-14030621,1,1,1,1,1,1,1,20260923,20261014
AVE_2026-09-232026-10-14030624,1,1,1,1,1,1,1,20260923,20261014
AVE_2026-09-232026-10-14030731,1,1,1,1,1,1,1,20260923,20261014
AVE_2026-09-232026-10-14030732,1,1,1,1,1,1,1,20260923,20261014
AVE_2026-09-232026-10-14030821,1,1,1,1,1,1,1,20260923,20261014
AVE_2026-09-232026-10-14030911,1,1,1,1,1,1,1,20260923,20261014
AVE_2026-09-232026-10-14030931,1,1,1,1,1,1,1,20260923,20261014
AVE_2026-09-232026-10-14030932,1,1,1,1,1,1,1,20260923,20261014
AVE_2026-09-232026-10-14031131,1,1,1,1,1,1,1,20260923,20261014
AVE_2026-09-232026-10-14031133,1,1,1,1,1,1,1,20260923,20261014
AVE_2026-09-232026-10-14031221,1,1,1,1,1,1,1,20260923,20261014
AVE_2026-09-232026-10-14031231,1,1,1,1,1,1,1,20260923,20261014
AVE_2026-09-232026-10-14031232,1,1,1,1,1,1,1,20260923,20261014
AVE_2026-09-232026-10-14031233,1,1,1,1,1,1,1,20260923,20261014
AVE_2026-09-232026-10-14031431,1,1,1,1,1,1,1,20260923,20261014
AVE_2026-09-232026-10-14031621,1,1,1,1,1,1,1,20260923,20261014
AVE_2026-09-232026-10-14031622,1,1,1,1,1,1,1,20260923,20261014
AVE_2026-09-232026-10-14031624,1,1,1,1,1,1,1,20260923,20261014
AVE_2026-09-232026-10-14031731,1,1,1,1,1,1,1,20260923,20261014
AVE_2026-09-232026-10-14031821,1,1,1,1,1,1,1,20260923,20261014
AVE_2026-09-232026-10-14031823,1,1,1,1,1,1,1,20260923,20261014
AVE_2026-09-232026-10-14031831,1,1,1,1,1,1,1,20260923,20261014
AVE_2026-09-232026-10-14031921,1,1,1,1,1,1,1,20260923,20261014
AVE_2026-09-232026-10-14031922,1,1,1,1,1,1,1,20260923,20261014
AVE_2026-09-232026-10-14033012,1,1,1,1,1,1,1,20260923,20261014
AVE_2026-09-232026-10-14033014,1,1,1,1,1,1,1,20260923,20261014
AVE_2026-09-232026-10-14033021,1,1,1,1,1,1,1,20260923,20261014
AVE_2026-09-232026-10-14033041,1,1,1,1,1,1,1,20260923,20261014
AVE_2026-09-232026-10-14033051,1,1,1,1,1,1,1,20260923,20261014
AVE_2026-09-232026-10-14033053,1,1,1,1,1,1,1,20260923,20261014
AVE_2026-09-232026-10-14033081,1,1,1,1,1,1,1,20260923,20261014
AVE_2026-09-232026-10-14033091,1,1,1,1,1,1,1,20260923,20261014
AVE_2026-09-232026-10-14033092,1,1,1,1,1,1,1,20260923,20261014
AVE_2026-09-232026-10-14033101,1,1,1,1,1,1,1,20260923,20261014
AVE_2026-09-232026-10-14033221,1,1,1,1,1,1,1,20260923,20261014
AVE_2026-09-232026-10-14033731,1,1,1,1,1,1,1,20260923,20261014
AVE_2026-09-232026-10-14036621,1,1,1,1,1,1,1,20260923,20261014
AVE_2026-09-232026-10-14036622,1,1,1,1,1,1,1,20260923,20261014
AVE_2026-09-232026-10-14039401,1,1,1,1,1,1,1,20260923,20261014
AVE_2026-09-232026-10-14039411,1,1,1,1,1,1,1,20260923,20261014
AVE_2026-09-232026-10-14039421,1,1,1,1,1,1,1,20260923,20261014
AVE_2026-09-232026-10-14039431,1,1,1,1,1,1,1,20260923,20261014
AVE_2026-09-232026-10-14097252,1,1,1,1,1,1,1,20260923,20261014
AVE_2026-09-232026-10-14097301,1,1,1,1,1,1,1,20260923,20261014
AVE_2026-09-232026-10-14097302,1,1,1,1,1,1,1,20260923,20261014
AVE_2026-09-232026-10-14097303,1,1,1,1,1,1,1,20260923,20261014
AVE_2026-09-232026-10-14340231,1,1,1,1,1,1,1,20260923,20261014
AVE_2026-09-232026-10-14340621,1,1,1,1,1,1,1,20260923,20261014
AVE_2026-09-232026-10-14340731,1,1,1,1,1,1,1,20260923,20261014
AVE_2026-09-232026-10-14340921,1,1,1,1,1,1,1,20260923,20261014
AVE_2026-09-232026-10-14340931,1,1,1,1,1,1,1,20260923,20261014
AVE_2026-09-232026-10-14341221,1,1,1,1,1,1,1,20260923,20261014
AVE_2026-09-232026-10-14341222,1,1,1,1,1,1,1,20260923,20261014
AVE_2026-09-232026-10-14341231,1,1,1,1,1,1,1,20260923,20261014
AVE_2026-09-232026-10-14341251,1,1,1,1,1,1,1,20260923,20261014
AVE_2026-09-232026-10-14341301,1,1,1,1,1,1,1,20260923,20261014
AVE_2026-09-232026-10-14341371,1,1,1,1,1,1,1,20260923,20261014
AVE_2026-09-232026-10-14341421,1,1,1,1,1,1,1,20260923,20261014
AVE_2026-09-232026-10-14341431,1,1,1,1,1,1,1,20260923,20261014
AVE_2026-09-232026-10-14341921,1,1,1,1,1,1,1,20260923,20261014
AVE_2026-09-232026-10-14342621,1,1,1,1,1,1,1,20260923,20261014
AVE_2026-09-232026-10-14342921,1,1,1,1,1,1,1,20260923,20261014
AVE_2026-09-232026-10-14343021,1,1,1,1,1,1,1,20260923,20261014
AVE_2026-09-232026-10-14343091,1,1,1,1,1,1,1,20260923,20261014
AVE_2026-09-232026-10-14343811,1,1,1,1,1,1,1,20260923,20261014
AVE_2026-09-232026-10-14346621,1,1,1,1,1,1,1,20260923,20261014
AVE_2026-09-232026-10-14347121,1,1,1,1,1,1,1,20260923,20261014
AVE_2026-09-232026-10-14348131,1,1,1,1,1,1,1,20260923,20261014
AVE_2026-09-232026-10-14348231,1,1,1,1,1,1,1,20260923,20261014
AVE_2026-09-232026-10-14348421,1,1,1,1,1,1,1,20260923,20261014
AVE_2026-09-232026-10-25011014,1,1,1,1,1,1,1,20260923,20261025
AVE_2026-09-232026-10-30010811,1,1,1,1,1,1,1,20260923,20261030
AVE_2026-09-232026-10-30010812,1,1,1,1,1,1,1,20260923,20261030
AVE_2026-09-232026-10-30012011,1,1,1,1,1,1,1,20260923,20261030
AVE_2026-09-232026-11-03010711,1,1,1,1,1,1,1,20260923,20261103
AVE_2026-09-232026-11-03010721,1,1,1,1,1,1,1,20260923,20261103
AVE_2026-09-232026-11-03011011,1,1,1,1,1,1,1,20260923,20261103
AVE_2026-09-232026-11-03011012,1,1,1,1,1,1,1,20260923,20261103
AVE_2026-09-232026-11-03011121,1,1,1,1,1,1,1,20260923,20261103
AVE_2026-09-232026-11-03011521,1,1,1,1,1,1,1,20260923,20261103
AVE_2026-09-232026-11-03011522,1,1,1,1,1,1,1,20260923,20261103
AVE_2026-09-232026-11-03011611,1,1,1,1,1,1,1,20260923,20261103
AVE_2026-09-232026-11-03011621,1,1,1,1,1,1,1,20260923,20261103
AVE_2026-09-232026-11-03011811,1,1,1,1,1,1,1,20260923,20261103
AVE_2026-09-232026-11-03011821,1,1,1,1,1,1,1,20260923,20261103
AVE_2026-09-232026-11-03011921,1,1,1,1,1,1,1,20260923,20261103
AVE_2026-09-232026-11-03039321,1,1,1,1,1,1,1,20260923,20261103
AVE_2026-09-232026-11-03039331,1,1,1,1,1,1,1,20260923,20261103
AVE_2026-09-232026-11-03039901,1,1,1,1,1,1,1,20260923,20261103
AVE_2026-09-232026-11-03039911,1,1,1,1,1,1,1,20260923,20261103
AVE_2026-09-232026-11-03080871,1,1,1,1,1,1,1,20260923,20261103
AVE_2026-09-232026-11-03081661,1,1,1,1,1,1,1,20260923,20261103
AVE_2026-09-232026-11-03081871,1,1,1,1,1,1,1,20260923,20261103
AVE_2026-09-232026-11-03082061,1,1,1,1,1,1,1,20260923,20261103
AVE_2026-09-232026-11-03082871,1,1,1,1,1,1,1,20260923,20261103
AVE_2026-09-232026-11-03082971,1,1,1,1,1,1,1,20260923,20261103
AVE_2026-09-232026-11-03083161,1,1,1,1,1,1,1,20260923,20261103
AVE_2026-09-232026-11-03083361,1,1,1,1,1,1,1,20260923,20261103
AVE_2026-09-232026-11-03083771,1,1,1,1,1,1,1,20260923,20261103
AVE_2026-09-232026-11-03340821,1,1,1,1,1,1,1,20260923,20261103
AVE_2026-09-232026-11-03341021,1,1,1,1,1,1,1,20260923,20261103
AVE_2026-09-232026-11-03341131,1,1,1,1,1,1,1,20260923,20261103
AVE_2026-09-232026-11-03341531,1,1,1,1,1,1,1,20260923,20261103
AVE_2026-09-232026-11-03341821,1,1,1,1,1,1,1,20260923,20261103
AVE_2026-09-232026-11-03344331,1,1,1,1,1,1,1,20260923,20261103
AVE_2026-09-232026-11-03346091,1,1,1,1,1,1,1,20260923,20261103
AVE_2026-09-232026-11-03346211,1,1,1,1,1,1,1,20260923,20261103
AVE_2026-09-232026-11-03346221,1,1,1,1,1,1,1,20260923,20261103
AVE_2026-09-232026-11-03358691,1,1,1,1,1,1,1,20260923,20261103
AVE_2026-09-232026-11-03359681,1,1,1,1,1,1,1,20260923,20261103
AVE_2026-09-242026-09-24005301,1,1,1,1,1,1,1,20260924,20260924
AVE_2026-09-242026-09-24005302,1,1,1,1,1,1,1,20260924,20260924
AVE_2026-09-242026-09-24005331,1,1,1,1,1,1,1,20260924,20260924
AVE_2026-09-242026-09-24031631,1,1,1,1,1,1,1,20260924,20260924
AVE_2026-09-242026-09-24031632,1,1,1,1,1,1,1,20260924,20260924
AVE_2026-09-242026-09-24033111,1,1,1,1,1,1,1,20260924,20260924
AVE_2026-09-242026-09-24033113,1,1,1,1,1,1,1,20260924,20260924
AVE_2026-09-242026-09-24097251,1,1,1,1,1,1,1,20260924,20260924
AVE_2026-09-242026-09-24097253,1,1,1,1,1,1,1,20260924,20260924
AVE_2026-09-242026-09-24341631,1,1,1,1,1,1,1,20260924,20260924
AVE_2026-09-242026-09-25004371,1,1,1,1,1,1,1,20260924,20260925
AVE_2026-09-242026-09-25004372,1,1,1,1,1,1,1,20260924,20260925
AVE_2026-09-242026-09-27006211,1,1,1,1,1,1,1,20260924,20260927
AVE_2026-09-242026-09-27006212,1,1,1,1,1,1,1,20260924,20260927
AVE_2026-09-242026-09-27006214,1,1,1,1,1,1,1,20260924,20260927
AVE_2026-09-242026-09-27006221,1,1,1,1,1,1,1,20260924,20260927
AVE_2026-09-242026-09-27006222,1,1,1,1,1,1,1,20260924,20260927
AVE_2026-09-242026-09-27006224,1,1,1,1,1,1,1,20260924,20260927
AVE_2026-09-242026-09-27006225,1,1,1,1,1,1,1,20260924,20260927
AVE_2026-09-242026-10-14004381,1,1,1,1,1,1,1,20260924,20261014
AVE_2026-09-242026-10-14004382,1,1,1,1,1,1,1,20260924,20261014
AVE_2026-09-242026-10-30006971,1,1,1,1,1,1,1,20260924,20261030
AVE_2026-09-242026-11-03006941,1,1,1,1,1,1,1,20260924,20261103
AVE_2026-09-252026-09-25005301,1,1,1,1,1,1,1,20260925,20260925
AVE_2026-09-252026-09-25005302,1,1,1,1,1,1,1,20260925,20260925
AVE_2026-09-252026-09-25005331,1,1,1,1,1,1,1,20260925,20260925
AVE_2026-09-252026-09-25031631,1,1,1,1,1,1,1,20260925,20260925
AVE_2026-09-252026-09-25031632,1,1,1,1,1,1,1,20260925,20260925
AVE_2026-09-252026-09-25097251,1,1,1,1,1,1,1,20260925,20260925
AVE_2026-09-252026-09-25097253,1,1,1,1,1,1,1,20260925,20260925
AVE_2026-09-252026-09-25341631,1,1,1,1,1,1,1,20260925,20260925
AVE_2026-09-252026-10-11033011,1,1,1,1,1,1,1,20260925,20261011
AVE_2026-09-252026-10-11033111,1,1,1,1,1,1,1,20260925,20261011
AVE_2026-09-262026-09-27004371,1,1,1,1,1,1,1,20260926,20260927
AVE_2026-09-262026-09-27004372,1,1,1,1,1,1,1,20260926,20260927
AVE_2026-09-262026-09-27005331,1,1,1,1,1,1,1,20260926,20260927
AVE_2026-09-262026-09-27097251,1,1,1,1,1,1,1,20260926,20260927
AVE_2026-09-262026-09-27097253,1,1,1,1,1,1,1,20260926,20260927
AVE_2026-09-262026-09-28005301,1,1,1,1,1,1,1,20260926,20260928
AVE_2026-09-262026-09-28005302,1,1,1,1,1,1,1,20260926,20260928
AVE_2026-09-262026-09-30031631,1,1,1,1,1,1,1,20260926,20260930
AVE_2026-09-262026-09-30031632,1,1,1,1,1,1,1,20260926,20260930
AVE_2026-09-262026-09-30341631,1,1,1,1,1,1,1,20260926,20260930
AVE_2026-09-272026-09-27031633,1,1,1,1,1,1,1,20260927,20260927
AVE_2026-09-282026-09-28005331,1,1,1,1,1,1,1,20260928,20260928
AVE_2026-09-282026-09-28006211,1,1,1,1,1,1,1,20260928,20260928
AVE_2026-09-282026-09-28006212,1,1,1,1,1,1,1,20260928,20260928
AVE_2026-09-282026-09-28006214,1,1,1,1,1,1,1,20260928,20260928
AVE_2026-09-282026-09-28006221,1,1,1,1,1,1,1,20260928,20260928
AVE_2026-09-282026-09-28006222,1,1,1,1,1,1,1,20260928,20260928
AVE_2026-09-282026-09-28006224,1,1,1,1,1,1,1,20260928,20260928
AVE_2026-09-282026-09-28006225,1,1,1,1,1,1,1,20260928,20260928
AVE_2026-09-282026-09-28097251,1,1,1,1,1,1,1,20260928,20260928
AVE_2026-09-282026-09-28097253,1,1,1,1,1,1,1,20260928,20260928
AVE_2026-09-282026-10-02097371,1,1,1,1,1,1,1,20260928,20261002
AVE_2026-09-282026-10-02097372,1,1,1,1,1,1,1,20260928,20261002
AVE_2026-09-282026-10-09004371,1,1,1,1,1,1,1,20260928,20261009
AVE_2026-09-282026-10-09004372,1,1,1,1,1,1,1,20260928,20261009
AVE_2026-09-282026-10-11097421,1,1,1,1,1,1,1,20260928,20261011
AVE_2026-09-282026-10-11097422,1,1,1,1,1,1,1,20260928,20261011
AVE_2026-09-292026-09-29005331,1,1,1,1,1,1,1,20260929,20260929
AVE_2026-09-292026-09-29097251,1,1,1,1,1,1,1,20260929,20260929
AVE_2026-09-292026-09-29097253,1,1,1,1,1,1,1,20260929,20260929
AVE_2026-09-292026-09-30005301,1,1,1,1,1,1,1,20260929,20260930
AVE_2026-09-292026-09-30005302,1,1,1,1,1,1,1,20260929,20260930
AVE_2026-09-292026-11-03006211,1,1,1,1,1,1,1,20260929,20261103
AVE_2026-09-292026-11-03006212,1,1,1,1,1,1,1,20260929,20261103
AVE_2026-09-292026-11-03006214,1,1,1,1,1,1,1,20260929,20261103
AVE_2026-09-292026-11-03006221,1,1,1,1,1,1,1,20260929,20261103
AVE_2026-09-292026-11-03006222,1,1,1,1,1,1,1,20260929,20261103
AVE_2026-09-292026-11-03006224,1,1,1,1,1,1,1,20260929,20261103
AVE_2026-09-292026-11-03006225,1,1,1,1,1,1,1,20260929,20261103
AVE_2026-09-302026-09-30005331,1,1,1,1,1,1,1,20260930,20260930
AVE_2026-09-302026-09-30097251,1,1,1,1,1,1,1,20260930,20260930
AVE_2026-09-302026-09-30097253,1,1,1,1,1,1,1,20260930,20260930
AVE_2026-10-012026-10-01005331,1,1,1,1,1,1,1,20261001,20261001
AVE_2026-10-012026-10-01097251,1,1,1,1,1,1,1,20261001,20261001
AVE_2026-10-012026-10-01097253,1,1,1,1,1,1,1,20261001,20261001
AVE_2026-10-012026-10-14030921,1,1,1,1,1,1,1,20261001,20261014
AVE_2026-10-012026-10-14031631,1,1,1,1,1,1,1,20261001,20261014
AVE_2026-10-012026-10-14341631,1,1,1,1,1,1,1,20261001,20261014
AVE_2026-10-012026-10-18005301,1,1,1,1,1,1,1,20261001,20261018
AVE_2026-10-012026-10-18005302,1,1,1,1,1,1,1,20261001,20261018
AVE_2026-10-012026-11-03010921,1,1,1,1,1,1,1,20261001,20261103
AVE_2026-10-012026-11-03083961,1,1,1,1,1,1,1,20261001,20261103
AVE_2026-10-022026-10-02005331,1,1,1,1,1,1,1,20261002,20261002
AVE_2026-10-022026-10-02097251,1,1,1,1,1,1,1,20261002,20261002
AVE_2026-10-022026-10-02097253,1,1,1,1,1,1,1,20261002,20261002
AVE_2026-10-032026-10-04005331,1,1,1,1,1,1,1,20261003,20261004
AVE_2026-10-032026-10-04097251,1,1,1,1,1,1,1,20261003,20261004
AVE_2026-10-032026-10-04097253,1,1,1,1,1,1,1,20261003,20261004
AVE_2026-10-032026-10-04097371,1,1,1,1,1,1,1,20261003,20261004
AVE_2026-10-032026-10-04097372,1,1,1,1,1,1,1,20261003,20261004
AVE_2026-10-052026-10-05097251,1,1,1,1,1,1,1,20261005,20261005
AVE_2026-10-052026-10-05097253,1,1,1,1,1,1,1,20261005,20261005
AVE_2026-10-052026-10-08005331,1,1,1,1,1,1,1,20261005,20261008
AVE_2026-10-052026-10-09097371,1,1,1,1,1,1,1,20261005,20261009
AVE_2026-10-052026-10-09097372,1,1,1,1,1,1,1,20261005,20261009
AVE_2026-10-062026-10-06097251,1,1,1,1,1,1,1,20261006,20261006
AVE_2026-10-062026-10-06097253,1,1,1,1,1,1,1,20261006,20261006
AVE_2026-10-072026-10-07097251,1,1,1,1,1,1,1,20261007,20261007
AVE_2026-10-072026-10-07097253,1,1,1,1,1,1,1,20261007,20261007
AVE_2026-10-082026-10-08097251,1,1,1,1,1,1,1,20261008,20261008
AVE_2026-10-082026-10-08097253,1,1,1,1,1,1,1,20261008,20261008
AVE_2026-10-092026-10-09005331,1,1,1,1,1,1,1,20261009,20261009
AVE_2026-10-092026-10-09097251,1,1,1,1,1,1,1,20261009,20261009
AVE_2026-10-092026-10-09097253,1,1,1,1,1,1,1,20261009,20261009
AVE_2026-10-102026-10-11004371,1,1,1,1,1,1,1,20261010,20261011
AVE_2026-10-102026-10-11004372,1,1,1,1,1,1,1,20261010,20261011
AVE_2026-10-102026-10-11005331,1,1,1,1,1,1,1,20261010,20261011
AVE_2026-10-102026-10-11097251,1,1,1,1,1,1,1,20261010,20261011
AVE_2026-10-102026-10-11097253,1,1,1,1,1,1,1,20261010,20261011
AVE_2026-10-102026-10-14097371,1,1,1,1,1,1,1,20261010,20261014
AVE_2026-10-102026-10-14097372,1,1,1,1,1,1,1,20261010,20261014
AVE_2026-10-122026-10-12005331,1,1,1,1,1,1,1,20261012,20261012
AVE_2026-10-122026-10-12033111,1,1,1,1,1,1,1,20261012,20261012
AVE_2026-10-122026-10-12097251,1,1,1,1,1,1,1,20261012,20261012
AVE_2026-10-122026-10-12097253,1,1,1,1,1,1,1,20261012,20261012
AVE_2026-10-122026-10-14004371,1,1,1,1,1,1,1,20261012,20261014
AVE_2026-10-122026-10-14004372,1,1,1,1,1,1,1,20261012,20261014
AVE_2026-10-122026-10-14031811,1,1,1,1,1,1,1,20261012,20261014
AVE_2026-10-122026-10-14033113,1,1,1,1,1,1,1,20261012,20261014
AVE_2026-10-122026-10-14097421,1,1,1,1,1,1,1,20261012,20261014
AVE_2026-10-122026-10-14097422,1,1,1,1,1,1,1,20261012,20261014
AVE_2026-10-122026-10-18080771,1,1,1,1,1,1,1,20261012,20261018
AVE_2026-10-122026-10-18081861,1,1,1,1,1,1,1,20261012,20261018
AVE_2026-10-122026-10-18082071,1,1,1,1,1,1,1,20261012,20261018
AVE_2026-10-122026-10-18082161,1,1,1,1,1,1,1,20261012,20261018
AVE_2026-10-132026-10-13097251,1,1,1,1,1,1,1,20261013,20261013
AVE_2026-10-132026-10-13097253,1,1,1,1,1,1,1,20261013,20261013
AVE_2026-10-132026-10-14033011,1,1,1,1,1,1,1,20261013,20261014
AVE_2026-10-132026-10-15005331,1,1,1,1,1,1,1,20261013,20261015
AVE_2026-10-142026-10-14097251,1,1,1,1,1,1,1,20261014,20261014
AVE_2026-10-142026-10-14097253,1,1,1,1,1,1,1,20261014,20261014
AVE_2026-10-152026-10-15097421,1,1,1,1,1,1,1,20261015,20261015
AVE_2026-10-152026-10-15097422,1,1,1,1,1,1,1,20261015,20261015
AVE_2026-10-152026-10-16097251,1,1,1,1,1,1,1,20261015,20261016
AVE_2026-10-152026-10-16097253,1,1,1,1,1,1,1,20261015,20261016
AVE_2026-10-152026-10-18097301,1,1,1,1,1,1,1,20261015,20261018
AVE_2026-10-152026-10-18097302,1,1,1,1,1,1,1,20261015,20261018
AVE_2026-10-152026-10-23004371,1,1,1,1,1,1,1,20261015,20261023
AVE_2026-10-152026-10-23004372,1,1,1,1,1,1,1,20261015,20261023
AVE_2026-10-152026-11-01033011,1,1,1,1,1,1,1,20261015,20261101
AVE_2026-10-152026-11-01033111,1,1,1,1,1,1,1,20261015,20261101
AVE_2026-10-152026-11-03004381,1,1,1,1,1,1,1,20261015,20261103
AVE_2026-10-152026-11-03004382,1,1,1,1,1,1,1,20261015,20261103
AVE_2026-10-152026-11-03030621,1,1,1,1,1,1,1,20261015,20261103
AVE_2026-10-152026-11-03030624,1,1,1,1,1,1,1,20261015,20261103
AVE_2026-10-152026-11-03030731,1,1,1,1,1,1,1,20261015,20261103
AVE_2026-10-152026-11-03030732,1,1,1,1,1,1,1,20261015,20261103
AVE_2026-10-152026-11-03030821,1,1,1,1,1,1,1,20261015,20261103
AVE_2026-10-152026-11-03030911,1,1,1,1,1,1,1,20261015,20261103
AVE_2026-10-152026-11-03030921,1,1,1,1,1,1,1,20261015,20261103
AVE_2026-10-152026-11-03030931,1,1,1,1,1,1,1,20261015,20261103
AVE_2026-10-152026-11-03030932,1,1,1,1,1,1,1,20261015,20261103
AVE_2026-10-152026-11-03031131,1,1,1,1,1,1,1,20261015,20261103
AVE_2026-10-152026-11-03031133,1,1,1,1,1,1,1,20261015,20261103
AVE_2026-10-152026-11-03031221,1,1,1,1,1,1,1,20261015,20261103
AVE_2026-10-152026-11-03031231,1,1,1,1,1,1,1,20261015,20261103
AVE_2026-10-152026-11-03031232,1,1,1,1,1,1,1,20261015,20261103
AVE_2026-10-152026-11-03031233,1,1,1,1,1,1,1,20261015,20261103
AVE_2026-10-152026-11-03031431,1,1,1,1,1,1,1,20261015,20261103
AVE_2026-10-152026-11-03031621,1,1,1,1,1,1,1,20261015,20261103
AVE_2026-10-152026-11-03031622,1,1,1,1,1,1,1,20261015,20261103
AVE_2026-10-152026-11-03031624,1,1,1,1,1,1,1,20261015,20261103
AVE_2026-10-152026-11-03031631,1,1,1,1,1,1,1,20261015,20261103
AVE_2026-10-152026-11-03031731,1,1,1,1,1,1,1,20261015,20261103
AVE_2026-10-152026-11-03031811,1,1,1,1,1,1,1,20261015,20261103
AVE_2026-10-152026-11-03031821,1,1,1,1,1,1,1,20261015,20261103
AVE_2026-10-152026-11-03031823,1,1,1,1,1,1,1,20261015,20261103
AVE_2026-10-152026-11-03031831,1,1,1,1,1,1,1,20261015,20261103
AVE_2026-10-152026-11-03031921,1,1,1,1,1,1,1,20261015,20261103
AVE_2026-10-152026-11-03031922,1,1,1,1,1,1,1,20261015,20261103
AVE_2026-10-152026-11-03033012,1,1,1,1,1,1,1,20261015,20261103
AVE_2026-10-152026-11-03033014,1,1,1,1,1,1,1,20261015,20261103
AVE_2026-10-152026-11-03033021,1,1,1,1,1,1,1,20261015,20261103
AVE_2026-10-152026-11-03033041,1,1,1,1,1,1,1,20261015,20261103
AVE_2026-10-152026-11-03033051,1,1,1,1,1,1,1,20261015,20261103
AVE_2026-10-152026-11-03033053,1,1,1,1,1,1,1,20261015,20261103
AVE_2026-10-152026-11-03033081,1,1,1,1,1,1,1,20261015,20261103
AVE_2026-10-152026-11-03033091,1,1,1,1,1,1,1,20261015,20261103
AVE_2026-10-152026-11-03033092,1,1,1,1,1,1,1,20261015,20261103
AVE_2026-10-152026-11-03033101,1,1,1,1,1,1,1,20261015,20261103
AVE_2026-10-152026-11-03033221,1,1,1,1,1,1,1,20261015,20261103
AVE_2026-10-152026-11-03033731,1,1,1,1,1,1,1,20261015,20261103
AVE_2026-10-152026-11-03036621,1,1,1,1,1,1,1,20261015,20261103
AVE_2026-10-152026-11-03036622,1,1,1,1,1,1,1,20261015,20261103
AVE_2026-10-152026-11-03039401,1,1,1,1,1,1,1,20261015,20261103
AVE_2026-10-152026-11-03039411,1,1,1,1,1,1,1,20261015,20261103
AVE_2026-10-152026-11-03039421,1,1,1,1,1,1,1,20261015,20261103
AVE_2026-10-152026-11-03039431,1,1,1,1,1,1,1,20261015,20261103
AVE_2026-10-152026-11-03097252,1,1,1,1,1,1,1,20261015,20261103
AVE_2026-10-152026-11-03097303,1,1,1,1,1,1,1,20261015,20261103
AVE_2026-10-152026-11-03097371,1,1,1,1,1,1,1,20261015,20261103
AVE_2026-10-152026-11-03097372,1,1,1,1,1,1,1,20261015,20261103
AVE_2026-10-152026-11-03340231,1,1,1,1,1,1,1,20261015,20261103
AVE_2026-10-152026-11-03340621,1,1,1,1,1,1,1,20261015,20261103
AVE_2026-10-152026-11-03340731,1,1,1,1,1,1,1,20261015,20261103
AVE_2026-10-152026-11-03340921,1,1,1,1,1,1,1,20261015,20261103
AVE_2026-10-152026-11-03340931,1,1,1,1,1,1,1,20261015,20261103
AVE_2026-10-152026-11-03341221,1,1,1,1,1,1,1,20261015,20261103
AVE_2026-10-152026-11-03341222,1,1,1,1,1,1,1,20261015,20261103
AVE_2026-10-152026-11-03341231,1,1,1,1,1,1,1,20261015,20261103
AVE_2026-10-152026-11-03341251,1,1,1,1,1,1,1,20261015,20261103
AVE_2026-10-152026-11-03341301,1,1,1,1,1,1,1,20261015,20261103
AVE_2026-10-152026-11-03341371,1,1,1,1,1,1,1,20261015,20261103
AVE_2026-10-152026-11-03341421,1,1,1,1,1,1,1,20261015,20261103
AVE_2026-10-152026-11-03341431,1,1,1,1,1,1,1,20261015,20261103
AVE_2026-10-152026-11-03341631,1,1,1,1,1,1,1,20261015,20261103
AVE_2026-10-152026-11-03341921,1,1,1,1,1,1,1,20261015,20261103
AVE_2026-10-152026-11-03342621,1,1,1,1,1,1,1,20261015,20261103
AVE_2026-10-152026-11-03342921,1,1,1,1,1,1,1,20261015,20261103
AVE_2026-10-152026-11-03343021,1,1,1,1,1,1,1,20261015,20261103
AVE_2026-10-152026-11-03343091,1,1,1,1,1,1,1,20261015,20261103
AVE_2026-10-152026-11-03343811,1,1,1,1,1,1,1,20261015,20261103
AVE_2026-10-152026-11-03346621,1,1,1,1,1,1,1,20261015,20261103
AVE_2026-10-152026-11-03347121,1,1,1,1,1,1,1,20261015,20261103
AVE_2026-10-152026-11-03348131,1,1,1,1,1,1,1,20261015,20261103
AVE_2026-10-152026-11-03348231,1,1,1,1,1,1,1,20261015,20261103
AVE_2026-10-152026-11-03348421,1,1,1,1,1,1,1,20261015,20261103
AVE_2026-10-162026-10-16005331,1,1,1,1,1,1,1,20261016,20261016
AVE_2026-10-162026-10-16097421,1,1,1,1,1,1,1,20261016,20261016
AVE_2026-10-162026-10-16097422,1,1,1,1,1,1,1,20261016,20261016
AVE_2026-10-172026-10-17097251,1,1,1,1,1,1,1,20261017,20261017
AVE_2026-10-172026-10-17097253,1,1,1,1,1,1,1,20261017,20261017
AVE_2026-10-172026-10-17097421,1,1,1,1,1,1,1,20261017,20261017
AVE_2026-10-172026-10-17097422,1,1,1,1,1,1,1,20261017,20261017
AVE_2026-10-172026-10-18005331,1,1,1,1,1,1,1,20261017,20261018
AVE_2026-10-182026-10-18097251,1,1,1,1,1,1,1,20261018,20261018
AVE_2026-10-182026-10-18097253,1,1,1,1,1,1,1,20261018,20261018
AVE_2026-10-182026-10-18097421,1,1,1,1,1,1,1,20261018,20261018
AVE_2026-10-182026-10-18097422,1,1,1,1,1,1,1,20261018,20261018
AVE_2026-10-192026-10-19097251,1,1,1,1,1,1,1,20261019,20261019
AVE_2026-10-192026-10-19097253,1,1,1,1,1,1,1,20261019,20261019
AVE_2026-10-192026-10-19097301,1,1,1,1,1,1,1,20261019,20261019
AVE_2026-10-192026-10-19097302,1,1,1,1,1,1,1,20261019,20261019
AVE_2026-10-192026-10-22005331,1,1,1,1,1,1,1,20261019,20261022
AVE_2026-10-192026-10-25005301,1,1,1,1,1,1,1,20261019,20261025
AVE_2026-10-192026-10-25005302,1,1,1,1,1,1,1,20261019,20261025
AVE_2026-10-192026-11-03080771,1,1,1,1,1,1,1,20261019,20261103
AVE_2026-10-192026-11-03081861,1,1,1,1,1,1,1,20261019,20261103
AVE_2026-10-192026-11-03082071,1,1,1,1,1,1,1,20261019,20261103
AVE_2026-10-192026-11-03082161,1,1,1,1,1,1,1,20261019,20261103
AVE_2026-10-192026-11-03097421,1,1,1,1,1,1,1,20261019,20261103
AVE_2026-10-192026-11-03097422,1,1,1,1,1,1,1,20261019,20261103
AVE_2026-10-202026-10-20097251,1,1,1,1,1,1,1,20261020,20261020
AVE_2026-10-202026-10-20097253,1,1,1,1,1,1,1,20261020,20261020
AVE_2026-10-202026-10-20097301,1,1,1,1,1,1,1,20261020,20261020
AVE_2026-10-202026-10-20097302,1,1,1,1,1,1,1,20261020,20261020
AVE_2026-10-212026-10-21097251,1,1,1,1,1,1,1,20261021,20261021
AVE_2026-10-212026-10-21097253,1,1,1,1,1,1,1,20261021,20261021
AVE_2026-10-212026-10-21097301,1,1,1,1,1,1,1,20261021,20261021
AVE_2026-10-212026-10-21097302,1,1,1,1,1,1,1,20261021,20261021
AVE_2026-10-222026-10-22097251,1,1,1,1,1,1,1,20261022,20261022
AVE_2026-10-222026-10-22097253,1,1,1,1,1,1,1,20261022,20261022
AVE_2026-10-222026-10-22097301,1,1,1,1,1,1,1,20261022,20261022
AVE_2026-10-222026-10-22097302,1,1,1,1,1,1,1,20261022,20261022
AVE_2026-10-232026-10-23097251,1,1,1,1,1,1,1,20261023,20261023
AVE_2026-10-232026-10-23097253,1,1,1,1,1,1,1,20261023,20261023
AVE_2026-10-232026-10-23097301,1,1,1,1,1,1,1,20261023,20261023
AVE_2026-10-232026-10-23097302,1,1,1,1,1,1,1,20261023,20261023
AVE_2026-10-232026-10-25005331,1,1,1,1,1,1,1,20261023,20261025
AVE_2026-10-242026-10-24097251,1,1,1,1,1,1,1,20261024,20261024
AVE_2026-10-242026-10-24097253,1,1,1,1,1,1,1,20261024,20261024
AVE_2026-10-242026-10-24097301,1,1,1,1,1,1,1,20261024,20261024
AVE_2026-10-242026-10-24097302,1,1,1,1,1,1,1,20261024,20261024
AVE_2026-10-242026-10-25004371,1,1,1,1,1,1,1,20261024,20261025
AVE_2026-10-242026-10-25004372,1,1,1,1,1,1,1,20261024,20261025
AVE_2026-10-252026-10-25097251,1,1,1,1,1,1,1,20261025,20261025
AVE_2026-10-252026-10-25097253,1,1,1,1,1,1,1,20261025,20261025
AVE_2026-10-252026-10-25097301,1,1,1,1,1,1,1,20261025,20261025
AVE_2026-10-252026-10-25097302,1,1,1,1,1,1,1,20261025,20261025
AVE_2026-10-262026-10-30097251,1,1,1,1,1,1,1,20261026,20261030
AVE_2026-10-262026-10-30097253,1,1,1,1,1,1,1,20261026,20261030
AVE_2026-10-262026-11-03004371,1,1,1,1,1,1,1,20261026,20261103
AVE_2026-10-262026-11-03004372,1,1,1,1,1,1,1,20261026,20261103
AVE_2026-10-262026-11-03005301,1,1,1,1,1,1,1,20261026,20261103
AVE_2026-10-262026-11-03005302,1,1,1,1,1,1,1,20261026,20261103
AVE_2026-10-262026-11-03005331,1,1,1,1,1,1,1,20261026,20261103
AVE_2026-10-262026-11-03097301,1,1,1,1,1,1,1,20261026,20261103
AVE_2026-10-262026-11-03097302,1,1,1,1,1,1,1,20261026,20261103
AVE_2026-10-312026-10-31097251,1,1,1,1,1,1,1,20261031,20261031
AVE_2026-10-312026-10-31097253,1,1,1,1,1,1,1,20261031,20261031
AVE_2026-10-312026-11-03006971,1,1,1,1,1,1,1,20261031,20261103
AVE_2026-10-312026-11-03010811,1,1,1,1,1,1,1,20261031,20261103
AVE_2026-10-312026-11-03010812,1,1,1,1,1,1,1,20261031,20261103
AVE_2026-10-312026-11-03012011,1,1,1,1,1,1,1,20261031,20261103
AVE_2026-11-012026-11-01097251,1,1,1,1,1,1,1,20261101,20261101
AVE_2026-11-012026-11-01097253,1,1,1,1,1,1,1,20261101,20261101
AVE_2026-11-022026-11-02033111,1,1,1,1,1,1,1,20261102,20261102
AVE_2026-11-022026-11-02033113,1,1,1,1,1,1,1,20261102,20261102
AVE_2026-11-022026-11-03097251,1,1,1,1,1,1,1,20261102,20261103
AVE_2026-11-022026-11-03097253,1,1,1,1,1,1,1,20261102,20261103
AVE_2026-11-032026-11-03033011,1,1,1,1,1,1,1,20261103,20261103
AVE_2026-11-042026-11-06097251,1,1,1,1,1,1,1,20261104,20261106
AVE_2026-11-042026-11-06097253,1,1,1,1,1,1,1,20261104,20261106
AVE_2026-11-042026-11-08033011,1,1,1,1,1,1,1,20261104,20261108
AVE_2026-11-042026-11-08033012,1,1,1,1,1,1,1,20261104,20261108
AVE_2026-11-042026-11-08033014,1,1,1,1,1,1,1,20261104,20261108
AVE_2026-11-042026-11-08033111,1,1,1,1,1,1,1,20261104,20261108
AVE_2026-11-042026-11-08097301,1,1,1,1,1,1,1,20261104,20261108
AVE_2026-11-042026-11-08097302,1,1,1,1,1,1,1,20261104,20261108
AVE_2026-11-042026-11-12097252,1,1,1,1,1,1,1,20261104,20261112
AVE_2026-11-042026-11-12341251,1,1,1,1,1,1,1,20261104,20261112
AVE_2026-11-042026-11-13097303,1,1,1,1,1,1,1,20261104,20261113
AVE_2026-11-042026-11-13097371,1,1,1,1,1,1,1,20261104,20261113
AVE_2026-11-042026-11-13097372,1,1,1,1,1,1,1,20261104,20261113
AVE_2026-11-042026-11-13097421,1,1,1,1,1,1,1,20261104,20261113
AVE_2026-11-042026-11-13097422,1,1,1,1,1,1,1,20261104,20261113
AVE_2026-11-042026-11-13341301,1,1,1,1,1,1,1,20261104,20261113
AVE_2026-11-042026-11-13341371,1,1,1,1,1,1,1,20261104,20261113
AVE_2026-11-042026-11-13341421,1,1,1,1,1,1,1,20261104,20261113
AVE_2026-11-042026-11-20004371,1,1,1,1,1,1,1,20261104,20261120
AVE_2026-11-042026-11-20004372,1,1,1,1,1,1,1,20261104,20261120
AVE_2026-11-042026-12-06030911,1,1,1,1,1,1,1,20261104,20261206
AVE_2026-11-042026-12-12004381,1,1,1,1,1,1,1,20261104,20261212
AVE_2026-11-042026-12-12004382,1,1,1,1,1,1,1,20261104,20261212
AVE_2026-11-042026-12-12005301,1,1,1,1,1,1,1,20261104,20261212
AVE_2026-11-042026-12-12005302,1,1,1,1,1,1,1,20261104,20261212
AVE_2026-11-042026-12-12005331,1,1,1,1,1,1,1,20261104,20261212
AVE_2026-11-042026-12-12006211,1,1,1,1,1,1,1,20261104,20261212
AVE_2026-11-042026-12-12006212,1,1,1,1,1,1,1,20261104,20261212
AVE_2026-11-042026-12-12006214,1,1,1,1,1,1,1,20261104,20261212
AVE_2026-11-042026-12-12006221,1,1,1,1,1,1,1,20261104,20261212
AVE_2026-11-042026-12-12006222,1,1,1,1,1,1,1,20261104,20261212
AVE_2026-11-042026-12-12006224,1,1,1,1,1,1,1,20261104,20261212
AVE_2026-11-042026-12-12006225,1,1,1,1,1,1,1,20261104,20261212
AVE_2026-11-042026-12-12006941,1,1,1,1,1,1,1,20261104,20261212
AVE_2026-11-042026-12-12006971,1,1,1,1,1,1,1,20261104,20261212
AVE_2026-11-042026-12-12010711,1,1,1,1,1,1,1,20261104,20261212
AVE_2026-11-042026-12-12010721,1,1,1,1,1,1,1,20261104,20261212
AVE_2026-11-042026-12-12010811,1,1,1,1,1,1,1,20261104,20261212
AVE_2026-11-042026-12-12010812,1,1,1,1,1,1,1,20261104,20261212
AVE_2026-11-042026-12-12010921,1,1,1,1,1,1,1,20261104,20261212
AVE_2026-11-042026-12-12011011,1,1,1,1,1,1,1,20261104,20261212
AVE_2026-11-042026-12-12011012,1,1,1,1,1,1,1,20261104,20261212
AVE_2026-11-042026-12-12011121,1,1,1,1,1,1,1,20261104,20261212
AVE_2026-11-042026-12-12011521,1,1,1,1,1,1,1,20261104,20261212
AVE_2026-11-042026-12-12011522,1,1,1,1,1,1,1,20261104,20261212
AVE_2026-11-042026-12-12011611,1,1,1,1,1,1,1,20261104,20261212
AVE_2026-11-042026-12-12011621,1,1,1,1,1,1,1,20261104,20261212
AVE_2026-11-042026-12-12011811,1,1,1,1,1,1,1,20261104,20261212
AVE_2026-11-042026-12-12011821,1,1,1,1,1,1,1,20261104,20261212
AVE_2026-11-042026-12-12011921,1,1,1,1,1,1,1,20261104,20261212
AVE_2026-11-042026-12-12012011,1,1,1,1,1,1,1,20261104,20261212
AVE_2026-11-042026-12-12030621,1,1,1,1,1,1,1,20261104,20261212
AVE_2026-11-042026-12-12030624,1,1,1,1,1,1,1,20261104,20261212
AVE_2026-11-042026-12-12030731,1,1,1,1,1,1,1,20261104,20261212
AVE_2026-11-042026-12-12030732,1,1,1,1,1,1,1,20261104,20261212
AVE_2026-11-042026-12-12030821,1,1,1,1,1,1,1,20261104,20261212
AVE_2026-11-042026-12-12030921,1,1,1,1,1,1,1,20261104,20261212
AVE_2026-11-042026-12-12030931,1,1,1,1,1,1,1,20261104,20261212
AVE_2026-11-042026-12-12030932,1,1,1,1,1,1,1,20261104,20261212
AVE_2026-11-042026-12-12031131,1,1,1,1,1,1,1,20261104,20261212
AVE_2026-11-042026-12-12031133,1,1,1,1,1,1,1,20261104,20261212
AVE_2026-11-042026-12-12031221,1,1,1,1,1,1,1,20261104,20261212
AVE_2026-11-042026-12-12031231,1,1,1,1,1,1,1,20261104,20261212
AVE_2026-11-042026-12-12031431,1,1,1,1,1,1,1,20261104,20261212
AVE_2026-11-042026-12-12031621,1,1,1,1,1,1,1,20261104,20261212
AVE_2026-11-042026-12-12031622,1,1,1,1,1,1,1,20261104,20261212
AVE_2026-11-042026-12-12031624,1,1,1,1,1,1,1,20261104,20261212
AVE_2026-11-042026-12-12031631,1,1,1,1,1,1,1,20261104,20261212
AVE_2026-11-042026-12-12031731,1,1,1,1,1,1,1,20261104,20261212
AVE_2026-11-042026-12-12031811,1,1,1,1,1,1,1,20261104,20261212
AVE_2026-11-042026-12-12031821,1,1,1,1,1,1,1,20261104,20261212
AVE_2026-11-042026-12-12031823,1,1,1,1,1,1,1,20261104,20261212
AVE_2026-11-042026-12-12031831,1,1,1,1,1,1,1,20261104,20261212
AVE_2026-11-042026-12-12031921,1,1,1,1,1,1,1,20261104,20261212
AVE_2026-11-042026-12-12031922,1,1,1,1,1,1,1,20261104,20261212
AVE_2026-11-042026-12-12033021,1,1,1,1,1,1,1,20261104,20261212
AVE_2026-11-042026-12-12033041,1,1,1,1,1,1,1,20261104,20261212
AVE_2026-11-042026-12-12033051,1,1,1,1,1,1,1,20261104,20261212
AVE_2026-11-042026-12-12033053,1,1,1,1,1,1,1,20261104,20261212
AVE_2026-11-042026-12-12033081,1,1,1,1,1,1,1,20261104,20261212
AVE_2026-11-042026-12-12033091,1,1,1,1,1,1,1,20261104,20261212
AVE_2026-11-042026-12-12033101,1,1,1,1,1,1,1,20261104,20261212
AVE_2026-11-042026-12-12033221,1,1,1,1,1,1,1,20261104,20261212
AVE_2026-11-042026-12-12033731,1,1,1,1,1,1,1,20261104,20261212
AVE_2026-11-042026-12-12036621,1,1,1,1,1,1,1,20261104,20261212
AVE_2026-11-042026-12-12036622,1,1,1,1,1,1,1,20261104,20261212
AVE_2026-11-042026-12-12039321,1,1,1,1,1,1,1,20261104,20261212
AVE_2026-11-042026-12-12039331,1,1,1,1,1,1,1,20261104,20261212
AVE_2026-11-042026-12-12039401,1,1,1,1,1,1,1,20261104,20261212
AVE_2026-11-042026-12-12039411,1,1,1,1,1,1,1,20261104,20261212
AVE_2026-11-042026-12-12039421,1,1,1,1,1,1,1,20261104,20261212
AVE_2026-11-042026-12-12039431,1,1,1,1,1,1,1,20261104,20261212
AVE_2026-11-042026-12-12039901,1,1,1,1,1,1,1,20261104,20261212
AVE_2026-11-042026-12-12039911,1,1,1,1,1,1,1,20261104,20261212
AVE_2026-11-042026-12-12082871,1,1,1,1,1,1,1,20261104,20261212
AVE_2026-11-042026-12-12082971,1,1,1,1,1,1,1,20261104,20261212
AVE_2026-11-042026-12-12083161,1,1,1,1,1,1,1,20261104,20261212
AVE_2026-11-042026-12-12083361,1,1,1,1,1,1,1,20261104,20261212
AVE_2026-11-042026-12-12083771,1,1,1,1,1,1,1,20261104,20261212
AVE_2026-11-042026-12-12083961,1,1,1,1,1,1,1,20261104,20261212
AVE_2026-11-042026-12-12340231,1,1,1,1,1,1,1,20261104,20261212
AVE_2026-11-042026-12-12340621,1,1,1,1,1,1,1,20261104,20261212
AVE_2026-11-042026-12-12340731,1,1,1,1,1,1,1,20261104,20261212
AVE_2026-11-042026-12-12340821,1,1,1,1,1,1,1,20261104,20261212
AVE_2026-11-042026-12-12340921,1,1,1,1,1,1,1,20261104,20261212
AVE_2026-11-042026-12-12340931,1,1,1,1,1,1,1,20261104,20261212
AVE_2026-11-042026-12-12341021,1,1,1,1,1,1,1,20261104,20261212
AVE_2026-11-042026-12-12341131,1,1,1,1,1,1,1,20261104,20261212
AVE_2026-11-042026-12-12341221,1,1,1,1,1,1,1,20261104,20261212
AVE_2026-11-042026-12-12341222,1,1,1,1,1,1,1,20261104,20261212
AVE_2026-11-042026-12-12341231,1,1,1,1,1,1,1,20261104,20261212
AVE_2026-11-042026-12-12341431,1,1,1,1,1,1,1,20261104,20261212
AVE_2026-11-042026-12-12341531,1,1,1,1,1,1,1,20261104,20261212
AVE_2026-11-042026-12-12341631,1,1,1,1,1,1,1,20261104,20261212
AVE_2026-11-042026-12-12341821,1,1,1,1,1,1,1,20261104,20261212
AVE_2026-11-042026-12-12341921,1,1,1,1,1,1,1,20261104,20261212
AVE_2026-11-042026-12-12342621,1,1,1,1,1,1,1,20261104,20261212
AVE_2026-11-042026-12-12342921,1,1,1,1,1,1,1,20261104,20261212
AVE_2026-11-042026-12-12343021,1,1,1,1,1,1,1,20261104,20261212
AVE_2026-11-042026-12-12343091,1,1,1,1,1,1,1,20261104,20261212
AVE_2026-11-042026-12-12343811,1,1,1,1,1,1,1,20261104,20261212
AVE_2026-11-042026-12-12344331,1,1,1,1,1,1,1,20261104,20261212
AVE_2026-11-042026-12-12346091,1,1,1,1,1,1,1,20261104,20261212
AVE_2026-11-042026-12-12346211,1,1,1,1,1,1,1,20261104,20261212
AVE_2026-11-042026-12-12346221,1,1,1,1,1,1,1,20261104,20261212
AVE_2026-11-042026-12-12346621,1,1,1,1,1,1,1,20261104,20261212
AVE_2026-11-042026-12-12347121,1,1,1,1,1,1,1,20261104,20261212
AVE_2026-11-042026-12-12348131,1,1,1,1,1,1,1,20261104,20261212
AVE_2026-11-042026-12-12348231,1,1,1,1,1,1,1,20261104,20261212
AVE_2026-11-042026-12-12348421,1,1,1,1,1,1,1,20261104,20261212
AVE_2026-11-072026-11-07097251,1,1,1,1,1,1,1,20261107,20261107
AVE_2026-11-072026-11-07097253,1,1,1,1,1,1,1,20261107,20261107
AVE_2026-11-082026-11-08031232,1,1,1,1,1,1,1,20261108,20261108
AVE_2026-11-082026-11-08097251,1,1,1,1,1,1,1,20261108,20261108
AVE_2026-11-082026-11-08097253,1,1,1,1,1,1,1,20261108,20261108
AVE_2026-11-092026-11-09033111,1,1,1,1,1,1,1,20261109,20261109
AVE_2026-11-092026-11-09033113,1,1,1,1,1,1,1,20261109,20261109
AVE_2026-11-092026-11-09097251,1,1,1,1,1,1,1,20261109,20261109
AVE_2026-11-092026-11-09097253,1,1,1,1,1,1,1,20261109,20261109
AVE_2026-11-092026-11-09097301,1,1,1,1,1,1,1,20261109,20261109
AVE_2026-11-092026-11-09097302,1,1,1,1,1,1,1,20261109,20261109
AVE_2026-11-092026-12-12031232,1,1,1,1,1,1,1,20261109,20261212
AVE_2026-11-102026-11-10097251,1,1,1,1,1,1,1,20261110,20261110
AVE_2026-11-102026-11-10097253,1,1,1,1,1,1,1,20261110,20261110
AVE_2026-11-102026-11-10097301,1,1,1,1,1,1,1,20261110,20261110
AVE_2026-11-102026-11-10097302,1,1,1,1,1,1,1,20261110,20261110
AVE_2026-11-102026-12-06033011,1,1,1,1,1,1,1,20261110,20261206
AVE_2026-11-102026-12-06033012,1,1,1,1,1,1,1,20261110,20261206
AVE_2026-11-102026-12-06033014,1,1,1,1,1,1,1,20261110,20261206
AVE_2026-11-102026-12-06033111,1,1,1,1,1,1,1,20261110,20261206
AVE_2026-11-112026-11-11097251,1,1,1,1,1,1,1,20261111,20261111
AVE_2026-11-112026-11-11097253,1,1,1,1,1,1,1,20261111,20261111
AVE_2026-11-112026-11-11097301,1,1,1,1,1,1,1,20261111,20261111
AVE_2026-11-112026-11-11097302,1,1,1,1,1,1,1,20261111,20261111
AVE_2026-11-122026-11-12097251,1,1,1,1,1,1,1,20261112,20261112
AVE_2026-11-122026-11-12097253,1,1,1,1,1,1,1,20261112,20261112
AVE_2026-11-122026-11-12097301,1,1,1,1,1,1,1,20261112,20261112
AVE_2026-11-122026-11-12097302,1,1,1,1,1,1,1,20261112,20261112
AVE_2026-11-132026-11-13097252,1,1,1,1,1,1,1,20261113,20261113
AVE_2026-11-132026-11-13097301,1,1,1,1,1,1,1,20261113,20261113
AVE_2026-11-132026-11-13097302,1,1,1,1,1,1,1,20261113,20261113
AVE_2026-11-142026-11-14097252,1,1,1,1,1,1,1,20261114,20261114
AVE_2026-11-142026-11-14097303,1,1,1,1,1,1,1,20261114,20261114
AVE_2026-11-152026-11-15097251,1,1,1,1,1,1,1,20261115,20261115
AVE_2026-11-152026-11-15097252,1,1,1,1,1,1,1,20261115,20261115
AVE_2026-11-152026-11-15097253,1,1,1,1,1,1,1,20261115,20261115
AVE_2026-11-152026-11-15097303,1,1,1,1,1,1,1,20261115,20261115
AVE_2026-11-152026-11-19341251,1,1,1,1,1,1,1,20261115,20261119
AVE_2026-11-152026-11-20097371,1,1,1,1,1,1,1,20261115,20261120
AVE_2026-11-152026-11-20097372,1,1,1,1,1,1,1,20261115,20261120
AVE_2026-11-152026-11-20097421,1,1,1,1,1,1,1,20261115,20261120
AVE_2026-11-152026-11-20097422,1,1,1,1,1,1,1,20261115,20261120
AVE_2026-11-152026-11-20341371,1,1,1,1,1,1,1,20261115,20261120
AVE_2026-11-152026-11-20341421,1,1,1,1,1,1,1,20261115,20261120
AVE_2026-11-162026-11-16097303,1,1,1,1,1,1,1,20261116,20261116
AVE_2026-11-162026-11-19097251,1,1,1,1,1,1,1,20261116,20261119
AVE_2026-11-162026-11-19097252,1,1,1,1,1,1,1,20261116,20261119
AVE_2026-11-162026-11-19097253,1,1,1,1,1,1,1,20261116,20261119
AVE_2026-11-162026-11-20097301,1,1,1,1,1,1,1,20261116,20261120
AVE_2026-11-162026-11-20097302,1,1,1,1,1,1,1,20261116,20261120
AVE_2026-11-162026-11-20341301,1,1,1,1,1,1,1,20261116,20261120
AVE_2026-11-172026-11-20097303,1,1,1,1,1,1,1,20261117,20261120
AVE_2026-11-202026-11-20097252,1,1,1,1,1,1,1,20261120,20261120
AVE_2026-11-212026-11-21097252,1,1,1,1,1,1,1,20261121,20261121
AVE_2026-11-212026-11-21097303,1,1,1,1,1,1,1,20261121,20261121
AVE_2026-11-212026-11-22004371,1,1,1,1,1,1,1,20261121,20261122
AVE_2026-11-212026-11-22004372,1,1,1,1,1,1,1,20261121,20261122
AVE_2026-11-222026-11-22097251,1,1,1,1,1,1,1,20261122,20261122
AVE_2026-11-222026-11-22097252,1,1,1,1,1,1,1,20261122,20261122
AVE_2026-11-222026-11-22097253,1,1,1,1,1,1,1,20261122,20261122
AVE_2026-11-222026-11-22097303,1,1,1,1,1,1,1,20261122,20261122
AVE_2026-11-222026-11-27341251,1,1,1,1,1,1,1,20261122,20261127
AVE_2026-11-222026-11-28097371,1,1,1,1,1,1,1,20261122,20261128
AVE_2026-11-222026-11-28097372,1,1,1,1,1,1,1,20261122,20261128
AVE_2026-11-222026-11-28097421,1,1,1,1,1,1,1,20261122,20261128
AVE_2026-11-222026-11-28097422,1,1,1,1,1,1,1,20261122,20261128
AVE_2026-11-222026-11-28341371,1,1,1,1,1,1,1,20261122,20261128
AVE_2026-11-222026-11-28341421,1,1,1,1,1,1,1,20261122,20261128
AVE_2026-11-232026-11-23097251,1,1,1,1,1,1,1,20261123,20261123
AVE_2026-11-232026-11-23097253,1,1,1,1,1,1,1,20261123,20261123
AVE_2026-11-232026-11-23097303,1,1,1,1,1,1,1,20261123,20261123
AVE_2026-11-232026-11-27004371,1,1,1,1,1,1,1,20261123,20261127
AVE_2026-11-232026-11-27004372,1,1,1,1,1,1,1,20261123,20261127
AVE_2026-11-232026-11-27097252,1,1,1,1,1,1,1,20261123,20261127
AVE_2026-11-232026-11-28097301,1,1,1,1,1,1,1,20261123,20261128
AVE_2026-11-232026-11-28097302,1,1,1,1,1,1,1,20261123,20261128
AVE_2026-11-232026-11-28341301,1,1,1,1,1,1,1,20261123,20261128
AVE_2026-11-242026-11-27097251,1,1,1,1,1,1,1,20261124,20261127
AVE_2026-11-242026-11-27097253,1,1,1,1,1,1,1,20261124,20261127
AVE_2026-11-242026-11-28097303,1,1,1,1,1,1,1,20261124,20261128
AVE_2026-11-282026-11-28097252,1,1,1,1,1,1,1,20261128,20261128
AVE_2026-11-282026-11-29004371,1,1,1,1,1,1,1,20261128,20261129
AVE_2026-11-282026-11-29004372,1,1,1,1,1,1,1,20261128,20261129
AVE_2026-11-292026-11-29097251,1,1,1,1,1,1,1,20261129,20261129
AVE_2026-11-292026-11-29097252,1,1,1,1,1,1,1,20261129,20261129
AVE_2026-11-292026-11-29097253,1,1,1,1,1,1,1,20261129,20261129
AVE_2026-11-292026-11-29097303,1,1,1,1,1,1,1,20261129,20261129
AVE_2026-11-292026-12-12341251,1,1,1,1,1,1,1,20261129,20261212
AVE_2026-11-302026-11-30097251,1,1,1,1,1,1,1,20261130,20261130
AVE_2026-11-302026-11-30097253,1,1,1,1,1,1,1,20261130,20261130
AVE_2026-11-302026-11-30097303,1,1,1,1,1,1,1,20261130,20261130
AVE_2026-11-302026-12-11004371,1,1,1,1,1,1,1,20261130,20261211
AVE_2026-11-302026-12-11004372,1,1,1,1,1,1,1,20261130,20261211
AVE_2026-11-302026-12-12097252,1,1,1,1,1,1,1,20261130,20261212
AVE_2026-11-302026-12-12097301,1,1,1,1,1,1,1,20261130,20261212
AVE_2026-11-302026-12-12097302,1,1,1,1,1,1,1,20261130,20261212
AVE_2026-11-302026-12-12097371,1,1,1,1,1,1,1,20261130,20261212
AVE_2026-11-302026-12-12097372,1,1,1,1,1,1,1,20261130,20261212
AVE_2026-11-302026-12-12097421,1,1,1,1,1,1,1,20261130,20261212
AVE_2026-11-302026-12-12097422,1,1,1,1,1,1,1,20261130,20261212
AVE_2026-11-302026-12-12341301,1,1,1,1,1,1,1,20261130,20261212
AVE_2026-11-302026-12-12341371,1,1,1,1,1,1,1,20261130,20261212
AVE_2026-11-302026-12-12341421,1,1,1,1,1,1,1,20261130,20261212
AVE_2026-12-012026-12-04097251,1,1,1,1,1,1,1,20261201,20261204
AVE_2026-12-012026-12-04097253,1,1,1,1,1,1,1,20261201,20261204
AVE_2026-12-012026-12-12097303,1,1,1,1,1,1,1,20261201,20261212
AVE_2026-12-052026-12-05097251,1,1,1,1,1,1,1,20261205,20261205
AVE_2026-12-052026-12-05097253,1,1,1,1,1,1,1,20261205,20261205
AVE_2026-12-062026-12-06097251,1,1,1,1,1,1,1,20261206,20261206
AVE_2026-12-062026-12-06097253,1,1,1,1,1,1,1,20261206,20261206
AVE_2026-12-072026-12-07097251,1,1,1,1,1,1,1,20261207,20261207
AVE_2026-12-072026-12-07097253,1,1,1,1,1,1,1,20261207,20261207
AVE_2026-12-072026-12-08033111,1,1,1,1,1,1,1,20261207,20261208
AVE_2026-12-072026-12-08033113,1,1,1,1,1,1,1,20261207,20261208
AVE_2026-12-082026-12-11097251,1,1,1,1,1,1,1,20261208,20261211
AVE_2026-12-082026-12-11097253,1,1,1,1,1,1,1,20261208,20261211
AVE_2026-12-092026-12-12030911,1,1,1,1,1,1,1,20261209,20261212
AVE_2026-12-092026-12-12033011,1,1,1,1,1,1,1,20261209,20261212
AVE_2026-12-092026-12-12033012,1,1,1,1,1,1,1,20261209,20261212
AVE_2026-12-092026-12-12033014,1,1,1,1,1,1,1,20261209,20261212
AVE_2026-12-092026-12-12033111,1,1,1,1,1,1,1,20261209,20261212
AVE_2026-12-122026-12-12004371,1,1,1,1,1,1,1,20261212,20261212
AVE_2026-12-122026-12-12004372,1,1,1,1,1,1,1,20261212,20261212
AVE_2026-12-122026-12-12097251,1,1,1,1,1,1,1,20261212,20261212
AVE_2026-12-122026-12-12097253,1,1,1,1,1,1,1,20261212,20261212
BGE_07500011445,1,1,1,1,1,1,0,20200622,20261231
BGE_07501011520,1,1,1,1,1,1,0,20200622,20261231
BGE_07501021345,1,1,1,1,1,1,0,20230904,20261231
BGE_07520060745,1,1,1,1,1,1,0,20200622,20261231
BGE_07520061630,0,0,0,0,0,1,0,20200622,20261231
BGE_07520071630,1,1,1,1,1,0,0,20211112,20261231
BGE_07521060820,0,0,0,0,0,1,0,20200622,20261231
BGE_07521061720,1,1,1,1,1,1,0,20200622,20261231
BGE_07521070820,1,1,1,1,1,0,0,20211112,20261231
BGE_07580010630,1,1,1,1,1,1,0,20200623,20261231
BGE_07581010730,1,1,1,1,1,1,0,20200623,20261231
BGE_07770011000,1,1,1,1,1,0,0,20240909,20271231
BGE_07770020830,1,1,1,1,1,0,0,20200914,20271231
BGE_07770041645,1,1,1,1,1,0,0,20200914,20271231
BGE_07770100650,1,1,1,1,1,0,0,20200914,20271231
BGE_07770101330,0,0,0,0,1,0,0,20200914,20271231
BGE_07770101445,1,1,1,1,1,0,0,20200914,20271231
BGE_07770101600,1,1,1,1,0,0,0,20200914,20271231
BGE_07771011815,1,1,1,1,1,0,0,20200914,20271231
BGE_07771020725,1,1,1,1,1,0,0,20200914,20271231
BGE_07771020905,1,1,1,1,1,0,0,20200914,20271231
BGE_07771021405,0,0,0,0,1,0,0,20200914,20271231
BGE_07771021550,1,1,1,1,1,0,0,20200914,20271231
BGE_07771021635,1,1,1,1,0,0,0,20200914,20271231
BGE_07771031515,1,1,1,1,1,0,0,20200914,20271231
BGE_07771040745,1,1,1,1,1,0,0,20180101,20271231
BGE_07771100905,1,1,1,1,1,0,0,20200914,20271231
BGE_07790011445,1,1,1,1,1,0,0,20200914,20271231
BGE_07791020715,1,1,1,1,1,0,0,20200914,20271231
BGE_07810040600,1,1,1,1,1,1,0,20250506,20261231
BGE_07810040800,1,1,1,1,1,1,0,20250506,20261231
BGE_07810041000,1,1,1,1,1,1,0,20250506,20261231
BGE_07810041200,1,1,1,1,1,1,0,20250506,20261231
BGE_07810041400,1,1,1,1,1,1,0,20250506,20261231
BGE_07810041600,1,1,1,1,1,1,0,20250506,20261231
BGE_07810041800,1,1,1,1,1,1,0,20250506,20261231
BGE_07810042000,1,1,1,1,1,1,0,20250506,20261231
BGE_07811030705,1,1,1,1,1,1,0,20230904,20261231
BGE_07811030905,1,1,1,1,1,1,0,20230904,20261231
BGE_07811031105,1,1,1,1,1,1,0,20230904,20261231
BGE_07811031305,1,1,1,1,1,1,0,20230904,20261231
BGE_07811031505,1,1,1,1,1,1,0,20230904,20261231
BGE_07811031705,1,1,1,1,1,1,0,20230904,20261231
BGE_07811031905,1,1,1,1,1,1,0,20230904,20261231
BGE_07811032105,1,1,1,1,1,1,0,20230904,20261231
BGE_07820010615,1,1,1,1,1,0,0,20231204,20261231
BGE_07820010700,1,1,1,1,1,0,0,20231204,20261231
BGE_07820010715,0,0,0,0,0,1,0,20231204,20261231
BGE_07820010815,1,1,1,1,1,1,0,20231204,20261231
BGE_07820010845,1,1,1,1,1,0,0,20231204,20261231
BGE_07820010915,1,1,1,1,1,1,0,20231204,20261231
BGE_07820010945,1,1,1,1,1,1,0,20231204,20261231
BGE_07820011015,1,1,1,1,1,1,0,20231204,20261231
BGE_07820011045,1,1,1,1,1,1,0,20231204,20261231
BGE_07820011115,1,1,1,1,1,1,0,20231204,20261231
BGE_07820011215,1,1,1,1,1,1,0,20231204,20261231
BGE_07820011315,1,1,1,1,1,1,0,20231204,20261231
BGE_07820011415,1,1,1,1,1,0,0,20231204,20261231
BGE_07820011515,1,1,1,1,1,0,0,20231204,20261231
BGE_07820011615,1,1,1,1,1,0,0,20231204,20261231
BGE_07820011715,1,1,1,1,1,0,0,20231204,20261231
BGE_07820011815,1,1,1,1,1,0,0,20231204,20261231
BGE_07820011915,1,1,1,1,1,0,0,20231204,20261231
BGE_07820011945,1,1,1,1,1,0,0,20231204,20261231
BGE_07820012015,1,1,1,1,1,0,0,20231204,20261231
BGE_07820012115,1,1,1,1,1,0,0,20231204,20261231
BGE_07820021415,0,0,0,0,0,1,0,20231204,20261231
BGE_07820021515,0,0,0,0,0,1,0,20231204,20261231
BGE_07820021615,0,0,0,0,0,1,0,20231204,20261231
BGE_07820021715,0,0,0,0,0,1,0,20231204,20261231
BGE_07820021815,0,0,0,0,0,1,0,20231204,20261231
BGE_07820021915,0,0,0,0,0,1,0,20231204,20261231
BGE_07820022015,0,0,0,0,0,1,0,20231204,20261231
BGE_07820022115,0,0,0,0,0,1,0,20231204,20261231
BGE_07821010630,1,1,1,1,1,0,0,20231204,20261231
BGE_07821010700,1,1,1,1,1,0,0,20231204,20261231
BGE_07821010800,1,1,1,1,1,1,0,20231204,20261231
BGE_07821010900,1,1,1,1,1,1,0,20231204,20261231
BGE_07821010930,1,1,1,1,1,0,0,20231204,20261231
BGE_07821011000,1,1,1,1,1,1,0,20231204,20261231
BGE_07821011030,1,1,1,1,1,1,0,20231204,20261231
BGE_07821011100,1,1,1,1,1,1,0,20231204,20261231
BGE_07821011130,1,1,1,1,1,1,0,20231204,20261231
BGE_07821011200,1,1,1,1,1,1,0,20231204,20261231
BGE_07821011300,1,1,1,1,1,1,0,20231204,20261231
BGE_07821011400,1,1,1,1,1,0,0,20231204,20261231
BGE_07821011500,1,1,1,1,1,0,0,20231204,20261231
BGE_07821011600,1,1,1,1,1,0,0,20231204,20261231
BGE_07821011700,1,1,1,1,1,0,0,20231204,20261231
BGE_07821011800,1,1,1,1,1,0,0,20231204,20261231
BGE_07821011900,1,1,1,1,1,0,0,20231204,20261231
BGE_07821012000,1,1,1,1,1,0,0,20231204,20261231
BGE_07821012030,1,1,1,1,1,0,0,20231204,20261231
BGE_07821012100,1,1,1,1,1,0,0,20231204,20261231
BGE_07821021400,0,0,0,0,0,1,0,20231204,20261231
BGE_07821021500,0,0,0,0,0,1,0,20231204,20261231
BGE_07821021600,0,0,0,0,0,1,0,20231204,20261231
BGE_07821021700,0,0,0,0,0,1,0,20231204,20261231
BGE_07821021800,0,0,0,0,0,1,0,20231204,20261231
BGE_07821021900,0,0,0,0,0,1,0,20231204,20261231
BGE_07821022000,0,0,0,0,0,1,0,20231204,20261231
BGE_07821022100,0,0,0,0,0,1,0,20231204,20261231
BGE_07840030900,1,1,1,1,1,1,0,20250506,20261231
BGE_07840031100,1,1,1,1,1,1,0,20250506,20261231
BGE_07840031500,1,1,1,1,1,1,0,20250506,20261231
BGE_07840031700,1,1,1,1,1,1,0,20250506,20261231
BGE_07840040700,0,0,0,0,0,1,0,20250506,20261231
BGE_07840041300,1,1,1,1,1,1,0,20250506,20261231
BGE_07840041900,1,1,1,1,1,1,0,20250506,20261231
BGE_07840042100,1,1,1,1,1,1,0,20250506,20261231
BGE_07840050700,1,1,1,1,1,0,0,20250506,20271231
BGE_07840060615,1,1,1,1,1,0,0,20230904,20261231
BGE_07860010945,1,1,1,1,1,1,0,20241104,20261231
BGE_07860011300,1,1,1,1,1,1,0,20241104,20261231
BGE_07860011830,1,1,1,1,1,1,0,20241104,20261231
BGE_07861011030,1,1,1,1,1,1,0,20241104,20261231
BGE_07861011345,1,1,1,1,1,1,0,20241104,20261231
BGE_07861011915,1,1,1,1,1,1,0,20241104,20261231
BGS_04980010900,1,1,1,1,1,1,0,20220919,20261231
BGS_04980011200,1,1,1,1,1,0,0,20220919,20261231
BGS_04980011430,0,0,0,0,0,1,0,20220919,20261231
BGS_04980011600,1,1,1,1,1,0,0,20220919,20261231
BGS_04981010930,1,1,1,1,1,1,0,20220919,20261231
BGS_04981011230,1,1,1,1,1,0,0,20220919,20261231
BGS_04981011500,0,0,0,0,0,1,0,20220919,20261231
BGS_04981011630,1,1,1,1,1,0,0,20220919,20261231
BGS_07030021230,0,0,0,0,0,1,0,20221010,20261231
BGS_07030021905,1,1,1,1,1,0,0,20221010,20261231
BGS_07030031330,1,1,1,1,1,0,0,20221010,20261231
BGS_07031020630,1,1,1,1,1,0,0,20221010,20261231
BGS_07031020740,0,0,0,0,0,1,0,20221010,20261231
BGS_07031031445,1,1,1,1,1,0,0,20221010,20261231
BGS_07050010630,1,1,1,1,1,0,0,20250401,20261231
BGS_07050010700,1,1,1,1,1,0,0,20250401,20261231
BGS_07050010730,1,1,1,1,1,0,0,20250401,20261231
BGS_07050010800,1,1,1,1,1,0,0,20250401,20261231
BGS_07050010830,1,1,1,1,1,1,0,20250401,20261231
BGS_07050010900,1,1,1,1,1,1,0,20250401,20261231
BGS_07050010930,1,1,1,1,1,1,1,20250401,20261231
BGS_07050011000,1,1,1,1,1,1,0,20250401,20261231
BGS_07050011030,1,1,1,1,1,1,0,20250401,20261231
BGS_07050011100,1,1,1,1,1,1,0,20250401,20261231
BGS_07050011130,1,1,1,1,1,1,0,20250401,20261231
BGS_07050011200,1,1,1,1,1,1,0,20250401,20261231
BGS_07050011230,1,1,1,1,1,1,0,20250401,20261231
BGS_07050011300,1,1,1,1,1,1,1,20250401,20261231
BGS_07050011330,1,1,1,1,1,1,0,20250401,20261231
BGS_07050011400,1,1,1,1,1,1,0,20250401,20261231
BGS_07050011430,1,1,1,1,1,1,0,20250401,20261231
BGS_07050011500,1,1,1,1,1,1,0,20250401,20261231
BGS_07050011530,1,1,1,1,1,1,1,20250401,20261231
BGS_07050011600,1,1,1,1,1,1,0,20250401,20261231
BGS_07050011630,1,1,1,1,1,1,0,20250401,20261231
BGS_07050011700,1,1,1,1,1,1,0,20250401,20261231
BGS_07050011730,1,1,1,1,1,1,0,20250401,20261231
BGS_07050011800,1,1,1,1,1,1,0,20250401,20261231
BGS_07050011830,1,1,1,1,1,1,0,20250401,20261231
BGS_07050011900,1,1,1,1,1,1,0,20250401,20261231
BGS_07050011930,1,1,1,1,1,1,1,20250401,20261231
BGS_07050012000,1,1,1,1,1,1,0,20250401,20261231
BGS_07050012030,1,1,1,1,1,1,0,20250401,20261231
BGS_07050012100,1,1,1,1,1,1,0,20250401,20261231
BGS_07050012130,1,1,1,1,1,1,1,20250401,20261231
BGS_07050012200,1,1,1,1,1,1,0,20250401,20261231
BGS_07051010618,1,1,1,1,1,0,0,20180101,20261231
BGS_07051010648,1,1,1,1,1,0,0,20200518,20261231
BGS_07051010718,1,1,1,1,1,0,0,20200928,20261231
BGS_07051010748,1,1,1,1,1,0,0,20200101,20261231
BGS_07051010818,1,1,1,1,1,1,0,20200518,20261231
BGS_07051010848,1,1,1,1,1,1,0,20200518,20261231
BGS_07051010918,1,1,1,1,1,1,1,20200518,20261231
BGS_07051010948,1,1,1,1,1,1,0,20200518,20261231
BGS_07051011018,1,1,1,1,1,1,0,20200518,20261231
BGS_07051011048,1,1,1,1,1,1,0,20200518,20261231
BGS_07051011118,1,1,1,1,1,1,0,20200518,20261231
BGS_07051011148,1,1,1,1,1,1,0,20200518,20261231
BGS_07051011218,1,1,1,1,1,1,0,20200518,20261231
BGS_07051011248,1,1,1,1,1,1,1,20200518,20261231
BGS_07051011318,1,1,1,1,1,1,0,20200928,20261231
BGS_07051011348,1,1,1,1,1,1,0,20200518,20261231
BGS_07051011418,1,1,1,1,1,1,0,20200518,20261231
BGS_07051011448,1,1,1,1,1,1,0,20200518,20261231
BGS_07051011518,1,1,1,1,1,1,1,20200518,20261231
BGS_07051011548,1,1,1,1,1,1,0,20200518,20261231
BGS_07051011618,1,1,1,1,1,1,0,20200518,20261231
BGS_07051011648,1,1,1,1,1,1,0,20200518,20261231
BGS_07051011718,1,1,1,1,1,1,0,20200518,20261231
BGS_07051011748,1,1,1,1,1,1,0,20200518,20261231
BGS_07051011818,1,1,1,1,1,1,0,20200928,20261231
BGS_07051011848,1,1,1,1,1,1,0,20200518,20261231
BGS_07051011918,1,1,1,1,1,1,1,20200518,20261231
BGS_07051011948,1,1,1,1,1,1,0,20200518,20261231
BGS_07051012018,1,1,1,1,1,1,0,20200518,20261231
BGS_07051012048,1,1,1,1,1,1,0,20200518,20261231
BGS_07051012118,1,1,1,1,1,1,1,20200518,20261231
BGS_07051012148,1,1,1,1,1,1,0,20200518,20261231
BGS_07051012218,1,1,1,1,1,1,0,20200518,20261231
BGS_07080011845,1,1,1,1,1,0,0,20180101,20261231
BGS_07080020555,1,1,1,1,1,0,0,20200914,20261231
BGS_07080021315,1,1,1,1,1,0,0,20200914,20261231
BGS_07080021445,1,1,1,1,1,0,0,20200914,20261231
BGS_07081020655,1,1,1,1,1,0,0,20200914,20261231
BGS_07081020845,1,1,1,1,1,0,0,20200914,20261231
BGS_07081021550,1,1,1,1,1,0,0,20230731,20261231
BGS_07081022005,1,1,1,1,1,0,0,20230731,20261231
BGS_07090010810,1,1,1,1,1,0,0,20221010,20261231
BGS_07090011545,1,1,1,1,1,0,0,20251001,20261231
BGS_07090031100,1,1,1,1,1,0,0,20221010,20261231
BGS_07090041240,1,1,1,1,1,0,0,20200921,20261231
BGS_07091010900,1,1,1,1,1,0,0,20221010,20261231
BGS_07091021640,1,1,1,1,1,0,0,20200921,20261231
BGS_07091031150,1,1,1,1,1,0,0,20221010,20261231
BGS_07091041300,1,1,1,1,1,0,0,20200921,20261231
BGS_07100020940,1,1,1,1,1,0,0,20220905,20261231
BGS_07100021020,0,0,0,0,0,1,1,20200914,20261231
BGS_07100021050,1,1,1,1,1,0,0,20220905,20261231
BGS_07100021135,1,1,1,1,1,0,0,20200914,20261231
BGS_07100021400,1,1,1,1,1,0,0,20200914,20261231
BGS_07100021610,1,1,1,1,1,0,0,20200914,20261231
BGS_07100022010,0,0,0,0,0,1,0,20200914,20261231
BGS_07100030755,1,1,1,1,1,0,0,20220905,20261231
BGS_07100031445,0,0,0,0,0,1,1,20200914,20261231
BGS_07100031450,1,1,1,1,1,0,0,20221017,20271231
BGS_07100031645,0,0,0,0,0,1,1,20200914,20261231
BGS_07100031750,1,1,1,1,1,0,0,20220523,20261231
BGS_07100042010,0,0,0,0,0,0,1,20250101,20261231
BGS_07100052110,1,1,1,1,1,0,0,20220523,20261231
BGS_07100060552,1,1,1,1,1,0,0,20241118,20261231
BGS_07100071930,1,1,1,1,1,0,0,20220523,20261231
BGS_07100090650,1,1,1,1,1,0,0,20221017,20271231
BGS_07101020600,1,1,1,1,1,0,0,20221017,20261231
BGS_07101020845,1,1,1,1,1,0,0,20220905,20261231
BGS_07101021000,1,1,1,1,1,0,0,20220905,20261231
BGS_07101021040,1,1,1,1,1,0,0,20200914,20261231
BGS_07101021305,1,1,1,1,1,0,0,20200914,20261231
BGS_07101021515,1,1,1,1,1,0,0,20220523,20261231
BGS_07101031330,0,0,0,0,0,1,1,20200914,20261231
BGS_07101031355,1,1,1,1,1,0,0,20221017,20271231
BGS_07101031530,0,0,0,0,0,1,1,20200914,20261231
BGS_07101031705,1,1,1,1,1,0,0,20220523,20261231
BGS_07101032025,1,1,1,1,1,0,0,20220523,20261231
BGS_07101040940,0,0,0,0,0,1,1,20200914,20261231
BGS_07101041930,0,0,0,0,0,1,1,20200914,20261231
BGS_07101050715,1,1,1,1,1,0,0,20241118,20261231
BGS_07101080505,1,1,1,1,1,0,0,20241118,20261231
BGS_07101091835,1,1,1,1,1,0,0,20241118,20261231
BGS_07120010630,1,1,1,1,1,0,0,20241113,20261231
BGS_07120010830,1,1,1,1,1,0,0,20241113,20261231
BGS_07120011015,0,0,0,0,0,1,1,20241113,20261231
BGS_07120011030,1,1,1,1,1,0,0,20241113,20261231
BGS_07120011230,1,1,1,1,1,0,0,20241113,20261231
BGS_07120011430,1,1,1,1,1,0,0,20241113,20261231
BGS_07120011630,1,1,1,1,1,0,0,20241113,20261231
BGS_07120011730,0,0,0,0,0,1,1,20241113,20261231
BGS_07120011830,1,1,1,1,1,0,0,20241113,20261231
BGS_07120012030,1,1,1,1,1,0,0,20241113,20261231
BGS_07121010730,1,1,1,1,1,0,0,20241113,20261231
BGS_07121010930,1,1,1,1,1,0,0,20241113,20261231
BGS_07121011115,0,0,0,0,0,1,1,20241113,20261231
BGS_07121011130,1,1,1,1,1,0,0,20241113,20261231
BGS_07121011330,1,1,1,1,1,0,0,20241113,20261231
BGS_07121011530,1,1,1,1,1,0,0,20241113,20261231
BGS_07121011730,1,1,1,1,1,0,0,20241113,20261231
BGS_07121011830,0,0,0,0,0,1,1,20241113,20261231
BGS_07121011930,1,1,1,1,1,0,0,20241113,20261231
BGS_07121012130,1,1,1,1,1,0,0,20241113,20261231
BGS_07140011715,0,0,0,0,0,1,1,20220905,20261231
BGS_07140060750,0,0,0,0,0,1,1,20220905,20261231
BGS_07141010910,0,0,0,0,0,1,1,20220905,20261231
BGS_07141041940,0,0,0,0,0,1,1,20220905,20261231
BGS_07150010545,1,1,1,1,1,0,0,20220905,20261231
BGS_07150010745,1,1,1,1,1,0,0,20220905,20261231
BGS_07150010945,1,1,1,1,1,0,0,20220905,20261231
BGS_07150011200,1,1,1,1,1,0,0,20220905,20261231
BGS_07150011400,1,1,1,1,1,0,0,20220905,20261231
BGS_07150011600,1,1,1,1,1,0,0,20220905,20261231
BGS_07150011800,1,1,1,1,1,0,0,20220905,20261231
BGS_07150012000,1,1,1,1,1,0,0,20220905,20261231
BGS_07151010645,1,1,1,1,1,0,0,20220905,20261231
BGS_07151010845,1,1,1,1,1,0,0,20220905,20261231
BGS_07151011045,1,1,1,1,1,0,0,20220905,20261231
BGS_07151011300,1,1,1,1,1,0,0,20220905,20261231
BGS_07151011500,1,1,1,1,1,0,0,20220905,20261231
BGS_07151011700,1,1,1,1,1,0,0,20220905,20261231
BGS_07151011900,1,1,1,1,1,0,0,20220905,20261231
BGS_07151012100,1,1,1,1,1,0,0,20220905,20261231
BGS_07220020530,1,1,1,1,1,0,0,20220905,20261231
BGS_07220020545,1,1,1,1,1,0,0,20220905,20261231
BGS_07220020615,1,1,1,1,1,0,0,20220905,20261231
BGS_07220020730,1,1,1,1,1,0,0,20220905,20261231
BGS_07220020745,1,1,1,1,1,0,0,20220905,20261231
BGS_07220020815,0,0,0,0,0,1,1,20220905,20261231
BGS_07220020830,1,1,1,1,1,0,0,20220905,20261231
BGS_07220020930,1,1,1,1,1,0,0,20220905,20261231
BGS_07220021030,1,1,1,1,1,0,0,20220905,20261231
BGS_07220021130,1,1,1,1,1,0,0,20220905,20261231
BGS_07220021230,1,1,1,1,1,0,0,20220905,20261231
BGS_07220021330,1,1,1,1,1,1,1,20220905,20261231
BGS_07220021430,1,1,1,1,1,0,0,20220905,20261231
BGS_07220021450,1,1,1,1,1,0,0,20220905,20261231
BGS_07220021530,1,1,1,1,1,1,1,20220905,20261231
BGS_07220021645,1,1,1,1,1,0,0,20220905,20261231
BGS_07220021730,1,1,1,1,1,0,0,20220905,20261231
BGS_07220021845,1,1,1,1,1,0,0,20220905,20261231
BGS_07220021930,1,1,1,1,1,1,1,20220905,20261231
BGS_07220022100,1,1,1,1,1,0,0,20220905,20261231
BGS_07221020630,1,1,1,1,1,0,0,20220905,20261231
BGS_07221020645,1,1,1,1,1,0,0,20220905,20261231
BGS_07221020715,1,1,1,1,1,0,0,20220905,20261231
BGS_07221020830,1,1,1,1,1,0,0,20220905,20261231
BGS_07221020845,1,1,1,1,1,0,0,20220905,20261231
BGS_07221020915,0,0,0,0,0,1,1,20220905,20261231
BGS_07221020930,1,1,1,1,1,0,0,20220905,20261231
BGS_07221021030,1,1,1,1,1,0,0,20220905,20261231
BGS_07221021130,1,1,1,1,1,0,0,20220905,20261231
BGS_07221021230,1,1,1,1,1,0,0,20220905,20261231
BGS_07221021330,1,1,1,1,1,0,0,20220905,20261231
BGS_07221021430,1,1,1,1,1,1,1,20220905,20261231
BGS_07221021530,1,1,1,1,1,0,0,20230906,20261231
BGS_07221021545,1,1,1,1,1,0,0,20220905,20261231
BGS_07221021630,1,1,1,1,1,1,1,20220905,20261231
BGS_07221021745,1,1,1,1,1,0,0,20220905,20261231
BGS_07221021830,1,1,1,1,1,0,0,20220905,20261231
BGS_07221021945,1,1,1,1,1,0,0,20220905,20261231
BGS_07221022030,1,1,1,1,1,1,1,20220905,20261231
BGS_07221022200,1,1,1,1,1,0,0,20220905,20261231
BGS_07250020725,1,1,1,1,1,0,0,20220926,20261231
BGS_07250030700,1,1,1,1,1,1,0,20200921,20261231
BGS_07250030930,1,1,1,1,1,0,0,20200921,20261231
BGS_07250031500,1,1,1,1,1,0,0,20200921,20261231
BGS_07250031745,1,1,1,1,1,0,0,20200921,20261231
BGS_07251030745,1,1,1,1,1,0,0,20200921,20261231
BGS_07251031015,1,1,1,1,1,0,0,20200921,20261231
BGS_07251031340,0,0,0,0,0,1,0,20200921,20261231
BGS_07251031545,1,1,1,1,1,0,0,20200921,20261231
BGS_07251031825,1,1,1,1,1,0,0,20200921,20261231
BGS_07251032020,1,1,1,1,1,0,0,20200921,20261231
BGS_07300031635,1,1,1,1,1,0,0,20251201,20271231
BGS_07300040605,1,1,1,1,1,0,0,20251201,20271231
BGS_07300041730,1,1,1,1,1,0,0,20251201,20271231
BGS_07301040700,1,1,1,1,1,0,0,20251201,20271231
BGS_07301041825,1,1,1,1,1,0,0,20251201,20271231
BGS_07301060818,1,1,1,1,1,0,0,20251201,20271231
BGS_07400010800,1,1,1,1,1,0,0,20230201,20261231
BGS_07400011010,0,0,0,0,0,1,1,20201113,20261231
BGS_07400011025,1,1,1,1,1,0,0,20230201,20261231
BGS_07400011110,0,0,0,0,0,1,1,20201113,20261231
BGS_07400011210,0,0,0,0,0,1,1,20230201,20261231
BGS_07400011310,0,0,0,0,0,1,1,20201113,20261231
BGS_07400011410,0,0,0,0,0,1,1,20201113,20261231
BGS_07400011525,1,1,1,1,1,0,0,20230201,20261231
BGS_07400011610,0,0,0,0,0,1,1,20201113,20261231
BGS_07400011710,0,0,0,0,0,1,1,20201113,20261231
BGS_07400011825,0,0,0,0,0,1,1,20201113,20261231
BGS_07400011925,1,1,1,1,1,0,0,20230201,20261231
BGS_07400011955,0,0,0,0,0,1,1,20201113,20261231
BGS_07400020810,0,0,0,0,0,1,1,20201113,20261231
BGS_07401010825,0,0,0,0,0,1,1,20201113,20261231
BGS_07401011035,0,0,0,0,0,1,1,20230201,20261231
BGS_07401011100,1,1,1,1,1,0,0,20230201,20261231
BGS_07401011135,0,0,0,0,0,1,1,20230201,20261231
BGS_07401011235,0,0,0,0,0,1,1,20230201,20261231
BGS_07401011335,0,0,0,0,0,1,1,20201113,20261231
BGS_07401011435,0,0,0,0,0,1,1,20201113,20261231
BGS_07401011600,1,1,1,1,1,0,0,20230201,20261231
BGS_07401011635,0,0,0,0,0,1,1,20230201,20261231
BGS_07401011735,0,0,0,0,0,1,1,20230201,20261231
BGS_07401011850,0,0,0,0,0,1,1,20230201,20261231
BGS_07401012000,1,1,1,1,1,0,0,20230201,20261231
BGS_07401012020,0,0,0,0,0,1,1,20230201,20261231
BGS_07401020830,1,1,1,1,1,0,0,20230201,20261231
BGS_07600010530,1,1,1,1,1,0,0,20251201,20261231
BGS_07600010531,0,0,0,0,0,1,0,20251201,20261231
BGS_07600010600,1,1,1,1,1,0,0,20251201,20261231
BGS_07600010630,1,1,1,1,1,0,0,20251201,20261231
BGS_07600010631,0,0,0,0,0,1,0,20251201,20261231
BGS_07600010700,1,1,1,1,1,0,0,20251201,20261231
BGS_07600010730,1,1,1,1,1,0,0,20251201,20261231
BGS_07600010731,0,0,0,0,0,1,0,20251201,20261231
BGS_07600010732,0,0,0,0,0,0,1,20251201,20261231
BGS_07600010800,1,1,1,1,1,0,0,20251201,20261231
BGS_07600010830,1,1,1,1,1,0,0,20251201,20261231
BGS_07600010831,0,0,0,0,0,1,0,20251201,20261231
BGS_07600010832,0,0,0,0,0,0,1,20251201,20261231
BGS_07600010900,1,1,1,1,1,0,0,20251201,20261231
BGS_07600010930,1,1,1,1,1,0,0,20251201,20261231
BGS_07600010931,0,0,0,0,0,1,0,20251201,20261231
BGS_07600010932,0,0,0,0,0,0,1,20251201,20261231
BGS_07600011000,1,1,1,1,1,0,0,20251201,20261231
BGS_07600011030,1,1,1,1,1,0,0,20251201,20261231
BGS_07600011031,0,0,0,0,0,1,0,20251201,20261231
BGS_07600011032,0,0,0,0,0,0,1,20251201,20261231
BGS_07600011100,1,1,1,1,1,0,0,20251201,20261231
BGS_07600011130,1,1,1,1,1,0,0,20251201,20261231
BGS_07600011131,0,0,0,0,0,1,0,20251201,20261231
BGS_07600011132,0,0,0,0,0,0,1,20251201,20261231
BGS_07600011200,1,1,1,1,1,0,0,20251201,20261231
BGS_07600011230,1,1,1,1,1,0,0,20251201,20261231
BGS_07600011231,0,0,0,0,0,1,0,20251201,20261231
BGS_07600011232,0,0,0,0,0,0,1,20251201,20261231
BGS_07600011300,1,1,1,1,1,0,0,20251201,20261231
BGS_07600011330,1,1,1,1,1,0,0,20251201,20261231
BGS_07600011331,0,0,0,0,0,1,0,20251201,20261231
BGS_07600011332,0,0,0,0,0,0,1,20251201,20261231
BGS_07600011400,1,1,1,1,1,0,0,20251201,20261231
BGS_07600011430,1,1,1,1,1,0,0,20251201,20261231
BGS_07600011431,0,0,0,0,0,1,0,20251201,20261231
BGS_07600011432,0,0,0,0,0,0,1,20251201,20261231
BGS_07600011500,1,1,1,1,1,0,0,20251201,20261231
BGS_07600011530,1,1,1,1,1,0,0,20251201,20261231
BGS_07600011531,0,0,0,0,0,1,0,20251201,20261231
BGS_07600011532,0,0,0,0,0,0,1,20251201,20261231
BGS_07600011600,1,1,1,1,1,0,0,20251201,20261231
BGS_07600011630,1,1,1,1,1,0,0,20251201,20261231
BGS_07600011631,0,0,0,0,0,1,0,20251201,20261231
BGS_07600011632,0,0,0,0,0,0,1,20251201,20261231
BGS_07600011700,1,1,1,1,1,0,0,20251201,20261231
BGS_07600011730,1,1,1,1,1,0,0,20251201,20261231
BGS_07600011731,0,0,0,0,0,1,0,20251201,20261231
BGS_07600011732,0,0,0,0,0,0,1,20251201,20261231
BGS_07600011800,1,1,1,1,1,0,0,20251201,20261231
BGS_07600011830,1,1,1,1,1,0,0,20251201,20261231
BGS_07600011831,0,0,0,0,0,1,0,20251201,20261231
BGS_07600011832,0,0,0,0,0,0,1,20251201,20261231
BGS_07600011900,1,1,1,1,1,0,0,20251201,20261231
BGS_07600011930,1,1,1,1,1,0,0,20251201,20261231
BGS_07600011931,0,0,0,0,0,1,0,20251201,20261231
BGS_07600011932,0,0,0,0,0,0,1,20251201,20261231
BGS_07600012000,1,1,1,1,1,0,0,20251201,20261231
BGS_07600012030,1,1,1,1,1,0,0,20251201,20261231
BGS_07600012031,0,0,0,0,0,1,0,20251201,20261231
BGS_07600012032,0,0,0,0,0,0,1,20251201,20261231
BGS_07600012100,1,1,1,1,1,0,0,20251201,20261231
BGS_07600012130,1,1,1,1,1,0,0,20251201,20261231
BGS_07600012131,0,0,0,0,0,1,0,20251201,20261231
BGS_07600012132,0,0,0,0,0,0,1,20251201,20261231
BGS_07600012200,1,1,1,1,1,0,0,20251201,20261231
BGS_07600020518,1,1,1,1,1,0,0,20251201,20261231
BGS_07600030530,0,0,0,0,0,0,1,20251201,20261231
BGS_07600030600,0,0,0,0,0,0,1,20251201,20261231
BGS_07600030601,0,0,0,0,0,1,0,20251201,20261231
BGS_07600030630,0,0,0,0,0,0,1,20251201,20261231
BGS_07600030700,0,0,0,0,0,0,1,20251201,20261231
BGS_07600030701,0,0,0,0,0,1,0,20251201,20261231
BGS_07600030800,0,0,0,0,0,0,1,20251201,20261231
BGS_07600030801,0,0,0,0,0,1,0,20251201,20261231
BGS_07600030900,0,0,0,0,0,0,1,20251201,20261231
BGS_07600030901,0,0,0,0,0,1,0,20251201,20261231
BGS_07600031000,0,0,0,0,0,0,1,20251201,20261231
BGS_07600031001,0,0,0,0,0,1,0,20251201,20261231
BGS_07600031100,0,0,0,0,0,0,1,20251201,20261231
BGS_07600031101,0,0,0,0,0,1,0,20251201,20261231
BGS_07600031200,0,0,0,0,0,0,1,20251201,20261231
BGS_07600031201,0,0,0,0,0,1,0,20251201,20261231
BGS_07600031300,0,0,0,0,0,0,1,20251201,20261231
BGS_07600031301,0,0,0,0,0,1,0,20251201,20261231
BGS_07600031400,0,0,0,0,0,0,1,20251201,20261231
BGS_07600031401,0,0,0,0,0,1,0,20251201,20261231
BGS_07600031700,0,0,0,0,0,0,1,20251201,20261231
BGS_07600031701,0,0,0,0,0,1,0,20251201,20261231
BGS_07600031800,0,0,0,0,0,0,1,20251201,20261231
BGS_07600031801,0,0,0,0,0,1,0,20251201,20261231
BGS_07600031900,0,0,0,0,0,0,1,20251201,20261231
BGS_07600031901,0,0,0,0,0,1,0,20251201,20261231
BGS_07600032000,0,0,0,0,0,0,1,20251201,20261231
BGS_07600032001,0,0,0,0,0,1,0,20251201,20261231
BGS_07600032100,0,0,0,0,0,0,1,20251201,20261231
BGS_07600032101,0,0,0,0,0,1,0,20251201,20261231
BGS_07600032200,0,0,0,0,0,0,1,20251201,20261231
BGS_07600032201,0,0,0,0,0,1,0,20251201,20261231
BGS_07600032230,0,0,0,0,0,0,1,20251201,20261231
BGS_07600032231,1,1,1,1,1,1,0,20251201,20261231
BGS_07600032300,1,1,1,1,1,1,0,20251201,20261231
BGS_07600032330,0,0,0,0,0,1,0,20251201,20261231
BGS_07601010600,1,1,1,1,1,0,0,20251201,20261231
BGS_07601010630,1,1,1,1,1,0,0,20251201,20261231
BGS_07601010631,0,0,0,0,0,1,0,20251201,20261231
BGS_07601010700,1,1,1,1,1,0,0,20251201,20261231
BGS_07601010730,1,1,1,1,1,0,0,20251201,20261231
BGS_07601010731,0,0,0,0,0,1,0,20251201,20261231
BGS_07601010800,1,1,1,1,1,0,0,20251201,20261231
BGS_07601010830,1,1,1,1,1,0,0,20251201,20261231
BGS_07601010831,0,0,0,0,0,1,0,20251201,20261231
BGS_07601010832,0,0,0,0,0,0,1,20251201,20261231
BGS_07601010900,1,1,1,1,1,0,0,20251201,20261231
BGS_07601010930,1,1,1,1,1,0,0,20251201,20261231
BGS_07601010931,0,0,0,0,0,1,0,20251201,20261231
BGS_07601010932,0,0,0,0,0,0,1,20251201,20261231
BGS_07601011000,1,1,1,1,1,0,0,20251201,20261231
BGS_07601011030,1,1,1,1,1,0,0,20251201,20261231
BGS_07601011031,0,0,0,0,0,1,0,20251201,20261231
BGS_07601011032,0,0,0,0,0,0,1,20251201,20261231
BGS_07601011100,1,1,1,1,1,0,0,20251201,20261231
BGS_07601011130,1,1,1,1,1,0,0,20251201,20261231
BGS_07601011131,0,0,0,0,0,1,0,20251201,20261231
BGS_07601011132,0,0,0,0,0,0,1,20251201,20261231
BGS_07601011200,1,1,1,1,1,0,0,20251201,20261231
BGS_07601011230,1,1,1,1,1,0,0,20251201,20261231
BGS_07601011231,0,0,0,0,0,1,0,20251201,20261231
BGS_07601011232,0,0,0,0,0,0,1,20251201,20261231
BGS_07601011300,1,1,1,1,1,0,0,20251201,20261231
BGS_07601011330,1,1,1,1,1,0,0,20251201,20261231
BGS_07601011331,0,0,0,0,0,1,0,20251201,20261231
BGS_07601011332,0,0,0,0,0,0,1,20251201,20261231
BGS_07601011400,1,1,1,1,1,0,0,20251201,20261231
BGS_07601011430,1,1,1,1,1,0,0,20251201,20261231
BGS_07601011431,0,0,0,0,0,1,0,20251201,20261231
BGS_07601011432,0,0,0,0,0,0,1,20251201,20261231
BGS_07601011500,1,1,1,1,1,0,0,20251201,20261231
BGS_07601011530,1,1,1,1,1,0,0,20251201,20261231
BGS_07601011531,0,0,0,0,0,1,0,20251201,20261231
BGS_07601011532,0,0,0,0,0,0,1,20251201,20261231
BGS_07601011600,1,1,1,1,1,0,0,20251201,20261231
BGS_07601011630,1,1,1,1,1,0,0,20251201,20261231
BGS_07601011631,0,0,0,0,0,1,0,20251201,20261231
BGS_07601011632,0,0,0,0,0,0,1,20251201,20261231
BGS_07601011700,1,1,1,1,1,0,0,20251201,20261231
BGS_07601011730,1,1,1,1,1,0,0,20251201,20261231
BGS_07601011731,0,0,0,0,0,1,0,20251201,20261231
BGS_07601011732,0,0,0,0,0,0,1,20251201,20261231
BGS_07601011800,1,1,1,1,1,0,0,20251201,20261231
BGS_07601011830,1,1,1,1,1,0,0,20251201,20261231
BGS_07601011831,0,0,0,0,0,1,0,20251201,20261231
BGS_07601011832,0,0,0,0,0,0,1,20251201,20261231
BGS_07601011900,1,1,1,1,1,0,0,20251201,20261231
BGS_07601011930,1,1,1,1,1,0,0,20251201,20261231
BGS_07601011931,0,0,0,0,0,1,0,20251201,20261231
BGS_07601011932,0,0,0,0,0,0,1,20251201,20261231
BGS_07601012000,1,1,1,1,1,0,0,20251201,20261231
BGS_07601012030,1,1,1,1,1,0,0,20251201,20261231
BGS_07601012031,0,0,0,0,0,1,0,20251201,20261231
BGS_07601012032,0,0,0,0,0,0,1,20251201,20261231
BGS_07601012100,1,1,1,1,1,0,0,20251201,20261231
BGS_07601012130,1,1,1,1,1,0,0,20251201,20261231
BGS_07601012131,0,0,0,0,0,1,0,20251201,20261231
BGS_07601012132,0,0,0,0,0,0,1,20251201,20261231
BGS_07601012200,1,1,1,1,1,0,0,20251201,20261231
BGS_07601012230,0,0,0,0,0,1,0,20251201,20261231
BGS_07601022230,1,1,1,1,1,0,0,20251201,20261231
BGS_07601022300,1,1,1,1,1,0,0,20251201,20261231
BGS_07601030456,1,1,1,1,1,0,0,20251201,20261231
BGS_07601030500,0,0,0,0,0,1,1,20251201,20261231
BGS_07601030526,1,1,1,1,1,0,0,20251201,20261231
BGS_07601030530,0,0,0,0,0,1,1,20251201,20261231
BGS_07601030556,1,1,1,1,1,0,0,20251201,20261231
BGS_07601030600,0,0,0,0,0,1,1,20251201,20261231
BGS_07601030630,0,0,0,0,0,1,1,20251201,20261231
BGS_07601030700,0,0,0,0,0,0,1,20251201,20261231
BGS_07601030730,0,0,0,0,0,1,1,20251201,20261231
BGS_07601030800,0,0,0,0,0,0,1,20251201,20261231
BGS_07601030830,0,0,0,0,0,1,1,20251201,20261231
BGS_07601030930,0,0,0,0,0,1,1,20251201,20261231
BGS_07601031030,0,0,0,0,0,1,1,20251201,20261231
BGS_07601031130,0,0,0,0,0,1,1,20251201,20261231
BGS_07601031230,0,0,0,0,0,1,1,20251201,20261231
BGS_07601031330,0,0,0,0,0,1,1,20251201,20261231
BGS_07601031430,0,0,0,0,0,1,1,20251201,20261231
BGS_07601031630,0,0,0,0,0,1,1,20251201,20261231
BGS_07601031730,0,0,0,0,0,1,1,20251201,20261231
BGS_07601031830,0,0,0,0,0,1,1,20251201,20261231
BGS_07601031930,0,0,0,0,0,1,1,20251201,20261231
BGS_07601032030,0,0,0,0,0,1,1,20251201,20261231
BGS_07601032130,0,0,0,0,0,1,1,20251201,20261231
BGS_07601032230,0,0,0,0,0,1,1,20251201,20261231
BGS_07601032300,0,0,0,0,0,0,1,20251201,20261231
BGS_07601032330,0,0,0,0,0,1,0,20251201,20261231
BGS_07601032400,0,0,0,0,0,1,0,20251201,20261231
BGS_07610010645,1,1,1,1,1,0,0,20251201,20261231
BGS_07610010715,1,1,1,1,1,0,0,20251201,20261231
BGS_07610010815,1,1,1,1,1,0,0,20251201,20261231
BGS_07610010845,1,1,1,1,1,0,0,20251201,20261231
BGS_07610010945,1,1,1,1,1,0,0,20251201,20261231
BGS_07610011015,1,1,1,1,1,0,0,20251201,20261231
BGS_07610011115,1,1,1,1,1,0,0,20251201,20261231
BGS_07610011145,1,1,1,1,1,0,0,20251201,20261231
BGS_07610011245,1,1,1,1,1,0,0,20251201,20261231
BGS_07610011315,1,1,1,1,1,0,0,20251201,20261231
BGS_07610011415,1,1,1,1,1,0,0,20251201,20261231
BGS_07610011445,1,1,1,1,1,0,0,20251201,20261231
BGS_07610011545,1,1,1,1,1,0,0,20251201,20261231
BGS_07610011615,1,1,1,1,1,0,0,20251201,20261231
BGS_07610011715,1,1,1,1,1,0,0,20251201,20261231
BGS_07610011745,1,1,1,1,1,0,0,20251201,20261231
BGS_07610011845,1,1,1,1,1,0,0,20251201,20261231
BGS_07610011915,1,1,1,1,1,0,0,20251201,20261231
BGS_07610012015,1,1,1,1,1,0,0,20251201,20261231
BGS_07610012045,1,1,1,1,1,0,0,20251201,20261231
BGS_07611010740,1,1,1,1,1,0,0,20251201,20261231
BGS_07611010810,1,1,1,1,1,0,0,20251201,20261231
BGS_07611010910,1,1,1,1,1,0,0,20251201,20261231
BGS_07611010940,1,1,1,1,1,0,0,20251201,20261231
BGS_07611011040,1,1,1,1,1,0,0,20251201,20261231
BGS_07611011110,1,1,1,1,1,0,0,20251201,20261231
BGS_07611011210,1,1,1,1,1,0,0,20251201,20261231
BGS_07611011240,1,1,1,1,1,0,0,20251201,20261231
BGS_07611011340,1,1,1,1,1,0,0,20251201,20261231
BGS_07611011410,1,1,1,1,1,0,0,20251201,20261231
BGS_07611011510,1,1,1,1,1,0,0,20251201,20261231
BGS_07611011540,1,1,1,1,1,0,0,20251201,20261231
BGS_07611011640,1,1,1,1,1,0,0,20251201,20261231
BGS_07611011710,1,1,1,1,1,0,0,20251201,20261231
BGS_07611011810,1,1,1,1,1,0,0,20251201,20261231
BGS_07611011840,1,1,1,1,1,0,0,20251201,20261231
BGS_07611011940,1,1,1,1,1,0,0,20251201,20261231
BGS_07611012010,1,1,1,1,1,0,0,20251201,20261231
BGS_07611012110,1,1,1,1,1,0,0,20251201,20261231
BGS_07611020617,1,1,1,1,1,0,0,20251201,20261231
BGS_07611020647,1,1,1,1,1,0,0,20251201,20261231
BIS_1,1,1,1,1,1,0,0,20251029,20261231
BIS_2,1,1,1,1,1,1,1,20251029,20261231
BLB_1,0,0,1,0,0,0,0,20251016,20261231
CAL_1,1,1,1,1,1,0,0,20251223,20261231
CAL_2,1,1,1,1,1,1,1,20251223,20261231
CIN_04220011030,0,0,0,1,0,0,0,20201112,20261231
CIN_04221010915,0,0,0,1,0,0,0,20201112,20261231
CIN_05500071910,1,1,1,1,1,0,0,20210315,20261231
CIN_05500080700,1,1,1,1,1,0,0,20210315,20261231
CIN_05500081510,1,1,1,1,1,0,0,20210315,20261231
CIN_05501071830,1,1,1,1,1,0,0,20210315,20261231
CIN_05501080620,1,1,1,1,1,0,0,20210315,20261231
CIN_05501081430,1,1,1,1,1,0,0,20210315,20261231
CIN_05510080520,1,1,1,1,1,0,0,20220613,20261231
CIN_05510081050,1,1,1,1,1,0,0,20220613,20261231
CIN_05510081450,1,1,1,1,1,0,0,20220613,20261231
CIN_05510090750,1,1,1,1,1,0,0,20220613,20261231
CIN_05510090950,1,1,1,1,1,0,0,20220613,20261231
CIN_05510091150,1,1,1,1,1,0,0,20220613,20261231
CIN_05510091350,1,1,1,1,1,0,0,20220613,20261231
CIN_05510091550,1,1,1,1,1,0,0,20220613,20261231
CIN_05510091750,1,1,1,1,1,0,0,20220613,20261231
CIN_05510091950,1,1,1,1,1,0,0,20220613,20261231
CIN_05510100850,1,1,1,1,1,0,0,20220613,20261231
CIN_05510101250,1,1,1,1,1,0,0,20220613,20261231
CIN_05510101650,1,1,1,1,1,0,0,20220613,20261231
CIN_05510101850,1,1,1,1,1,0,0,20220613,20261231
CIN_05510112050,1,1,1,1,1,0,0,20220613,20261231
CIN_05511020950,1,1,1,1,1,0,0,20220613,20261231
CIN_05511021148,1,1,1,1,1,0,0,20220613,20261231
CIN_05511021350,1,1,1,1,1,0,0,20220613,20261231
CIN_05511021548,1,1,1,1,1,0,0,20220613,20261231
CIN_05511021750,1,1,1,1,1,0,0,20220613,20261231
CIN_05511021950,1,1,1,1,1,0,0,20220613,20261231
CIN_05511030834,1,1,1,1,1,0,0,20220613,20261231
CIN_05511031634,1,1,1,1,1,0,0,20220613,20261231
CIN_05511031834,1,1,1,1,1,0,0,20220613,20261231
CIN_05511032034,1,1,1,1,1,0,0,20220613,20261231
CIN_05511041034,1,1,1,1,1,0,0,20220613,20261231
CIN_05511041234,1,1,1,1,1,0,0,20220613,20261231
CIN_05511041434,1,1,1,1,1,0,0,20220613,20261231
CIN_05511052157,1,1,1,1,1,0,0,20220613,20261231
CIN_05530160550,1,1,1,1,1,0,0,20220613,20261231
CIN_05530160620,1,1,1,1,1,0,0,20220613,20261231
CIN_05530160905,0,0,0,0,0,1,1,20220613,20261231
CIN_05530161105,0,0,0,0,0,1,1,20220613,20261231
CIN_05530161705,0,0,0,0,0,1,1,20220613,20261231
CIN_05530161905,0,0,0,0,0,1,1,20220613,20261231
CIN_05530170650,1,1,1,1,1,0,0,20220613,20261231
CIN_05530170705,0,0,0,0,0,1,1,20220613,20261231
CIN_05530171305,0,0,0,0,0,1,1,20220613,20261231
CIN_05530171505,0,0,0,0,0,1,1,20220613,20261231
CIN_05530180820,1,1,1,1,1,0,0,20220613,20261231
CIN_05530180920,1,1,1,1,1,0,0,20220613,20261231
CIN_05530181020,1,1,1,1,1,0,0,20220613,20261231
CIN_05530181120,1,1,1,1,1,0,0,20220613,20261231
CIN_05530181220,1,1,1,1,1,0,0,20220613,20261231
CIN_05530181320,1,1,1,1,1,0,0,20220613,20261231
CIN_05530181620,1,1,1,1,1,0,0,20220613,20261231
CIN_05530181720,1,1,1,1,1,0,0,20220613,20261231
CIN_05530181820,1,1,1,1,1,0,0,20220613,20261231
CIN_05530181920,1,1,1,1,1,0,0,20220613,20261231
CIN_05530182020,1,1,1,1,1,0,0,20220613,20261231
CIN_05530182120,1,1,1,1,1,0,0,20220613,20261231
CIN_05530191420,1,1,1,1,1,0,0,20220613,20261231
CIN_05530192005,0,0,0,0,0,1,1,20220613,20261231
CIN_05530200805,0,0,0,0,0,1,1,20220613,20261231
CIN_05530201005,0,0,0,0,0,1,1,20220613,20261231
CIN_05530201205,0,0,0,0,0,1,1,20220613,20261231
CIN_05530201405,0,0,0,0,0,1,1,20220613,20261231
CIN_05530201605,0,0,0,0,0,1,1,20220613,20261231
CIN_05530201805,0,0,0,0,0,1,1,20220613,20261231
CIN_05531050636,1,1,1,1,1,0,0,20220613,20261231
CIN_05531050706,1,1,1,1,1,0,0,20220613,20261231
CIN_05531050754,0,0,0,0,0,1,1,20220613,20261231
CIN_05531060606,1,1,1,1,1,0,0,20220613,20261231
CIN_05531070838,1,1,1,1,1,0,0,20220613,20261231
CIN_05531070938,1,1,1,1,1,0,0,20220613,20261231
CIN_05531071038,1,1,1,1,1,0,0,20220613,20261231
CIN_05531071138,1,1,1,1,1,0,0,20220613,20261231
CIN_05531071238,1,1,1,1,1,0,0,20220613,20261231
CIN_05531071338,1,1,1,1,1,0,0,20220613,20261231
CIN_05531071638,1,1,1,1,1,0,0,20220613,20261231
CIN_05531071738,1,1,1,1,1,0,0,20220613,20261231
CIN_05531071838,1,1,1,1,1,0,0,20220613,20261231
CIN_05531071938,1,1,1,1,1,0,0,20220613,20261231
CIN_05531072038,1,1,1,1,1,0,0,20220613,20261231
CIN_05531072138,1,1,1,1,1,0,0,20220613,20261231
CIN_05531080849,0,0,0,0,0,1,1,20220613,20261231
CIN_05531081045,0,0,0,0,0,1,1,20220613,20261231
CIN_05531081245,0,0,0,0,0,1,1,20220613,20261231
CIN_05531081448,0,0,0,0,0,1,1,20220613,20261231
CIN_05531081648,0,0,0,0,0,1,1,20220613,20261231
CIN_05531081845,0,0,0,0,0,1,1,20220613,20261231
CIN_05531091006,0,0,0,0,0,1,1,20220613,20261231
CIN_05531091206,0,0,0,0,0,1,1,20220613,20261231
CIN_05531091406,0,0,0,0,0,1,1,20220613,20261231
CIN_05531091521,1,1,1,1,1,0,0,20220613,20261231
CIN_05531091606,0,0,0,0,0,1,1,20220613,20261231
CIN_05531091806,0,0,0,0,0,1,1,20220613,20261231
CIN_05531092006,0,0,0,0,0,1,1,20220613,20261231
CIN_05531102109,0,0,0,0,0,1,1,20220613,20261231
CIN_05531110738,1,1,1,1,1,0,0,20240506,20271231
CIN_05540010605,1,1,1,1,1,0,0,20220613,20261231
CIN_05540010635,1,1,1,1,1,1,0,20220613,20261231
CIN_05540010705,1,1,1,1,1,0,0,20220613,20261231
CIN_05540010735,0,0,0,0,0,1,0,20220613,20261231
CIN_05540010805,1,1,1,1,1,0,0,20220613,20261231
CIN_05540010835,1,1,1,1,1,1,1,20220613,20261231
CIN_05540010905,1,1,1,1,1,0,0,20220613,20261231
CIN_05540010935,1,1,1,1,1,1,1,20220613,20261231
CIN_05540011005,1,1,1,1,1,0,0,20220613,20261231
CIN_05540011035,1,1,1,1,1,1,1,20220613,20261231
CIN_05540011105,1,1,1,1,1,0,0,20220613,20261231
CIN_05540011135,1,1,1,1,1,1,1,20220613,20261231
CIN_05540011205,1,1,1,1,1,0,0,20220613,20261231
CIN_05540011235,1,1,1,1,1,1,1,20220613,20261231
CIN_05540011305,1,1,1,1,1,0,0,20220613,20261231
CIN_05540011335,1,1,1,1,1,1,1,20220613,20261231
CIN_05540011405,1,1,1,1,1,0,0,20220613,20261231
CIN_05540011435,1,1,1,1,1,1,1,20220613,20261231
CIN_05540011505,1,1,1,1,1,0,0,20220613,20261231
CIN_05540011535,1,1,1,1,1,1,1,20220613,20261231
CIN_05540011605,1,1,1,1,1,0,0,20220613,20261231
CIN_05540011635,1,1,1,1,1,1,1,20220613,20261231
CIN_05540011705,1,1,1,1,1,0,0,20220613,20261231
CIN_05540011735,1,1,1,1,1,1,1,20220613,20261231
CIN_05540011805,1,1,1,1,1,0,0,20220613,20261231
CIN_05540011835,1,1,1,1,1,1,1,20220613,20261231
CIN_05540011905,1,1,1,1,1,0,0,20220613,20261231
CIN_05540011935,1,1,1,1,1,1,1,20220613,20261231
CIN_05540012005,1,1,1,1,1,0,0,20220613,20261231
CIN_05540012035,1,1,1,1,1,1,1,20220613,20261231
CIN_05540012105,1,1,1,1,1,0,0,20220613,20261231
CIN_05540012135,1,1,1,1,1,1,1,20220613,20261231
CIN_05540012205,1,1,1,1,1,0,0,20220613,20261231
CIN_05540012235,0,0,0,0,0,1,1,20220613,20261231
CIN_05540020730,1,1,1,1,1,0,0,20220613,20261231
CIN_05541010623,1,1,1,1,1,0,0,20220613,20261231
CIN_05541010653,1,1,1,1,1,1,0,20220613,20261231
CIN_05541010723,1,1,1,1,1,0,0,20220613,20261231
CIN_05541010748,1,1,1,1,1,0,0,20220613,20261231
CIN_05541010753,0,0,0,0,0,1,0,20220613,20261231
CIN_05541010823,1,1,1,1,1,0,0,20220613,20261231
CIN_05541010853,1,1,1,1,1,1,1,20220613,20261231
CIN_05541010923,1,1,1,1,1,0,0,20220613,20261231
CIN_05541010953,1,1,1,1,1,1,1,20220613,20261231
CIN_05541011023,1,1,1,1,1,0,0,20220613,20261231
CIN_05541011053,1,1,1,1,1,1,1,20220613,20261231
CIN_05541011123,1,1,1,1,1,0,0,20220613,20261231
CIN_05541011153,1,1,1,1,1,1,1,20220613,20261231
CIN_05541011223,1,1,1,1,1,0,0,20220613,20261231
CIN_05541011253,1,1,1,1,1,1,1,20220613,20261231
CIN_05541011323,1,1,1,1,1,0,0,20220613,20261231
CIN_05541011353,1,1,1,1,1,1,1,20220613,20261231
CIN_05541011423,1,1,1,1,1,0,0,20220613,20261231
CIN_05541011453,1,1,1,1,1,1,1,20220613,20261231
CIN_05541011523,1,1,1,1,1,0,0,20220613,20261231
CIN_05541011553,1,1,1,1,1,1,1,20220613,20261231
CIN_05541011623,1,1,1,1,1,0,0,20220613,20261231
CIN_05541011653,1,1,1,1,1,1,1,20220613,20261231
CIN_05541011723,1,1,1,1,1,0,0,20220613,20261231
CIN_05541011753,1,1,1,1,1,1,1,20220613,20261231
CIN_05541011823,1,1,1,1,1,0,0,20220613,20261231
CIN_05541011853,1,1,1,1,1,1,1,20220613,20261231
CIN_05541011923,1,1,1,1,1,0,0,20220613,20261231
CIN_05541011953,1,1,1,1,1,1,1,20220613,20261231
CIN_05541012023,1,1,1,1,1,0,0,20220613,20261231
CIN_05541012053,1,1,1,1,1,1,1,20220613,20261231
CIN_05541012123,1,1,1,1,1,0,0,20220613,20261231
CIN_05541012153,1,1,1,1,1,1,1,20220613,20261231
CIN_05541032223,1,1,1,1,1,0,0,20220613,20261231
CIN_05541032253,0,0,0,0,0,1,1,20220613,20261231
CIN_05550010550,1,1,1,1,1,0,0,20250915,20261231
CIN_05550010620,1,1,1,1,1,1,1,20250915,20261231
CIN_05550010644,1,1,1,1,1,0,0,20250915,20261231
CIN_05550010700,1,1,1,1,1,0,0,20200914,20261231
CIN_05550010730,1,1,1,1,1,0,0,20200914,20261231
CIN_05550010735,0,0,0,0,0,1,1,20200914,20261231
CIN_05550010810,1,1,1,1,1,0,0,20250915,20261231
CIN_05550010835,0,0,0,0,0,1,1,20210328,20261231
CIN_05550010845,1,1,1,1,1,0,0,20250915,20261231
CIN_05550010945,1,1,1,1,1,0,0,20200914,20261231
CIN_05550010950,0,0,0,0,0,1,1,20200914,20261231
CIN_05550011015,1,1,1,1,1,0,0,20200914,20261231
CIN_05550011050,0,0,0,0,0,1,1,20210328,20261231
CIN_05550011051,1,1,1,1,1,0,0,20250915,20261231
CIN_05550011130,1,1,1,1,1,0,0,20250915,20261231
CIN_05550011205,0,0,0,0,0,1,1,20200914,20261231
CIN_05550011219,1,1,1,1,1,0,0,20240402,20261231
CIN_05550011245,1,1,1,1,1,0,0,20200928,20261231
CIN_05550011305,0,0,0,0,0,1,1,20210328,20261231
CIN_05550011325,1,1,1,1,1,0,0,20250915,20261231
CIN_05550011405,1,1,1,1,1,0,0,20240402,20261231
CIN_05550011420,0,0,0,0,0,1,1,20200914,20261231
CIN_05550011423,1,1,1,1,1,0,0,20250915,20261231
CIN_05550011445,1,1,1,1,1,0,0,20200914,20261231
CIN_05550011520,0,0,0,0,0,1,1,20240402,20261231
CIN_05550011525,1,1,1,1,1,0,0,20250915,20261231
CIN_05550011600,1,1,1,1,1,0,0,20250915,20261231
CIN_05550011630,1,1,1,1,1,0,0,20240402,20261231
CIN_05550011635,0,0,0,0,0,1,1,20200914,20261231
CIN_05550011654,1,1,1,1,1,0,0,20250915,20261231
CIN_05550011720,1,1,1,1,1,0,0,20200914,20261231
CIN_05550011735,0,0,0,0,0,1,1,20210328,20261231
CIN_05550011750,1,1,1,1,1,0,0,20250915,20261231
CIN_05550011845,1,1,1,1,1,0,0,20250915,20261231
CIN_05550011850,0,0,0,0,0,1,1,20200914,20261231
CIN_05550011920,1,1,1,1,1,0,0,20250915,20261231
CIN_05550011950,0,0,0,0,0,1,1,20210328,20261231
CIN_05550012005,1,1,1,1,1,0,0,20250915,20261231
CIN_05550012035,1,1,1,1,1,0,0,20250915,20261231
CIN_05550012105,0,0,0,0,0,1,1,20240402,20261231
CIN_05550012125,1,1,1,1,1,0,0,20250915,20261231
CIN_05550012205,0,0,0,0,0,1,0,20250915,20261231
CIN_05550030520,1,1,1,1,1,0,0,20250915,20261231
CIN_05550030545,1,1,1,1,1,0,0,20200914,20261231
CIN_05550030555,0,0,0,0,0,1,1,20250915,20261231
CIN_05550070636,1,1,1,1,1,0,0,20250915,20261231
CIN_05550070750,1,1,1,1,1,0,0,20250915,20261231
CIN_05550070906,1,1,1,1,1,0,0,20250915,20261231
CIN_05550070918,1,1,1,1,1,0,0,20250915,20261231
CIN_05550071025,1,1,1,1,1,0,0,20250915,20261231
CIN_05550071038,1,1,1,1,1,0,0,20250915,20261231
CIN_05550071140,1,1,1,1,1,0,0,20250915,20261231
CIN_05550071155,1,1,1,1,1,0,0,20250915,20261231
CIN_05550071259,1,1,1,1,1,0,0,20250915,20261231
CIN_05550071309,1,1,1,1,1,0,0,20250915,20261231
CIN_05550071415,1,1,1,1,1,0,0,20250915,20261231
CIN_05550071535,1,1,1,1,1,0,0,20250915,20261231
CIN_05550071700,1,1,1,1,1,0,0,20250915,20261231
CIN_05550071815,1,1,1,1,1,0,0,20250915,20261231
CIN_05550071931,1,1,1,1,1,0,0,20250915,20261231
CIN_05550071937,1,1,1,1,1,0,0,20250915,20261231
CIN_05550072052,1,1,1,1,1,0,0,20250915,20261231
CIN_05550072155,1,1,1,1,1,0,0,20250915,20261231
CIN_05550072230,1,1,1,1,1,0,0,20250915,20261231
CIN_05551032135,1,1,1,1,1,0,0,20250915,20261231
CIN_05551032215,0,0,0,0,0,1,1,20250915,20261231
CIN_05551040555,1,1,1,1,1,0,0,20250915,20261231
CIN_05551040620,1,1,1,1,1,0,0,20250915,20261231
CIN_05551040630,0,0,0,0,0,1,1,20250915,20261231
CIN_05551040650,1,1,1,1,1,0,0,20250915,20261231
CIN_05551040730,1,1,1,1,1,0,0,20250915,20261231
CIN_05551040731,0,0,0,0,0,1,1,20250915,20261231
CIN_05551040800,1,1,1,1,1,0,0,20250915,20261231
CIN_05551040825,1,1,1,1,1,0,0,20250915,20261231
CIN_05551040845,0,0,0,0,0,1,1,20250915,20261231
CIN_05551040855,1,1,1,1,1,0,0,20250915,20261231
CIN_05551040935,1,1,1,1,1,0,0,20250915,20261231
CIN_05551040945,0,0,0,0,0,1,1,20250915,20261231
CIN_05551041015,1,1,1,1,1,0,0,20250915,20261231
CIN_05551041100,1,1,1,1,1,0,0,20250915,20261231
CIN_05551041101,0,0,0,0,0,1,1,20250915,20261231
CIN_05551041130,1,1,1,1,1,0,0,20250915,20261231
CIN_05551041200,0,0,0,0,0,1,1,20250915,20261231
CIN_05551041210,1,1,1,1,1,0,0,20250915,20261231
CIN_05551041250,1,1,1,1,1,0,0,20250915,20261231
CIN_05551041315,0,0,0,0,0,1,1,20250915,20261231
CIN_05551041330,1,1,1,1,1,0,0,20250915,20261231
CIN_05551041410,1,1,1,1,1,0,0,20250915,20261231
CIN_05551041415,0,0,0,0,0,1,1,20250915,20261231
CIN_05551041445,1,1,1,1,1,0,0,20250915,20261231
CIN_05551041515,1,1,1,1,1,0,0,20250915,20261231
CIN_05551041530,0,0,0,0,0,1,1,20250915,20261231
CIN_05551041538,1,1,1,1,1,0,0,20250915,20261231
CIN_05551041600,1,1,1,1,1,0,0,20250915,20261231
CIN_05551041630,0,0,0,0,0,1,1,20250915,20261231
CIN_05551041635,1,1,1,1,1,0,0,20250915,20261231
CIN_05551041725,1,1,1,1,1,0,0,20250915,20261231
CIN_05551041745,0,0,0,0,0,1,1,20250915,20261231
CIN_05551041800,1,1,1,1,1,0,0,20250915,20261231
CIN_05551041816,1,1,1,1,1,0,0,20250915,20261231
CIN_05551041845,1,1,1,1,1,0,0,20250915,20261231
CIN_05551041846,0,0,0,0,0,1,1,20250915,20261231
CIN_05551041915,1,1,1,1,1,0,0,20250915,20261231
CIN_05551042000,0,0,0,0,0,1,1,20250915,20261231
CIN_05551042010,1,1,1,1,1,0,0,20250915,20261231
CIN_05551042045,1,1,1,1,1,0,0,20250915,20261231
CIN_05551042100,0,0,0,0,0,1,1,20250915,20261231
CIN_05551042120,1,1,1,1,1,0,0,20250915,20261231
CIN_05551042235,1,1,1,1,1,0,0,20250915,20261231
CIN_05551042315,0,0,0,0,0,1,0,20250915,20261231
CIN_05551100600,1,1,1,1,1,0,0,20250915,20261231
CIN_05551100610,1,1,1,1,1,0,0,20250915,20261231
CIN_05551100714,1,1,1,1,1,0,0,20250915,20261231
CIN_05551100826,1,1,1,1,1,0,0,20250915,20261231
CIN_05551100945,1,1,1,1,1,0,0,20250915,20261231
CIN_05551100958,1,1,1,1,1,0,0,20250915,20261231
CIN_05551101100,1,1,1,1,1,0,0,20250915,20261231
CIN_05551101115,1,1,1,1,1,0,0,20250915,20261231
CIN_05551101219,1,1,1,1,1,0,0,20250915,20261231
CIN_05551101228,1,1,1,1,1,0,0,20250915,20261231
CIN_05551101335,1,1,1,1,1,0,0,20250915,20261231
CIN_05551101342,1,1,1,1,1,0,0,20250915,20261231
CIN_05551101455,1,1,1,1,1,0,0,20250915,20261231
CIN_05551101620,1,1,1,1,1,0,0,20250915,20261231
CIN_05551101735,1,1,1,1,1,0,0,20250915,20261231
CIN_05551101855,1,1,1,1,1,0,0,20250915,20261231
CIN_05551102013,1,1,1,1,1,0,0,20250915,20261231
CIN_05551102231,1,1,1,1,1,0,0,20250915,20261231
CIN_05570020851,1,1,1,1,1,0,0,20220613,20261231
CIN_05570020954,1,1,1,1,1,0,0,20220613,20261231
CIN_05570021054,0,0,0,0,0,1,1,20220613,20261231
CIN_05570021254,1,1,1,1,1,1,1,20220613,20261231
CIN_05570021454,1,1,1,1,1,0,0,20220613,20261231
CIN_05570021609,1,1,1,1,1,0,0,20220613,20261231
CIN_05570021716,1,1,1,1,1,0,0,20220613,20261231
CIN_05570021754,0,0,0,0,0,1,1,20220613,20261231
CIN_05570021916,1,1,1,1,1,0,0,20220613,20261231
CIN_05570021954,0,0,0,0,0,1,1,20220613,20261231
CIN_05570022116,1,1,1,1,1,0,0,20220613,20261231
CIN_05570040749,1,1,1,1,1,0,0,20220613,20261231
CIN_05570040959,0,0,0,0,0,1,1,20220613,20261231
CIN_05570041054,1,1,1,1,1,0,0,20220613,20261231
CIN_05570041154,1,1,1,1,1,1,1,20220613,20261231
CIN_05570041354,1,1,1,1,1,0,0,20220613,20261231
CIN_05570041659,0,0,0,0,0,1,1,20220613,20261231
CIN_05570041818,1,1,1,1,1,0,0,20220613,20261231
CIN_05570041854,0,0,0,0,0,1,1,20220613,20261231
CIN_05570042016,1,1,1,1,1,0,0,20220613,20261231
CIN_05570090658,1,1,1,1,1,0,0,20220613,20261231
CIN_05570090907,0,0,0,0,0,1,1,20220613,20261231
CIN_05570091604,0,0,0,0,0,1,1,20220613,20261231
CIN_05571040925,1,1,1,1,1,0,0,20220613,20261231
CIN_05571041025,0,0,0,0,0,1,1,20220613,20261231
CIN_05571041125,1,1,1,1,1,1,1,20220613,20261231
CIN_05571041325,1,1,1,1,1,0,0,20220613,20261231
CIN_05571041540,1,1,1,1,1,0,0,20220613,20261231
CIN_05571041725,0,0,0,0,0,1,1,20220613,20261231
CIN_05571041749,1,1,1,1,1,0,0,20220613,20261231
CIN_05571041825,0,0,0,0,0,1,1,20220613,20261231
CIN_05571041947,1,1,1,1,1,0,0,20220613,20261231
CIN_05571060715,1,1,1,1,1,0,0,20220613,20261231
CIN_05571060817,1,1,1,1,1,0,0,20220613,20261231
CIN_05571060925,0,0,0,0,0,1,1,20220613,20261231
CIN_05571061025,1,1,1,1,1,0,0,20220613,20261231
CIN_05571061225,1,1,1,1,1,0,0,20220613,20261231
CIN_05571061226,0,0,0,0,0,1,1,20220613,20261231
CIN_05571061420,1,1,1,1,1,0,0,20220613,20261231
CIN_05571061625,0,0,0,0,0,1,1,20220613,20261231
CIN_05571061642,1,1,1,1,1,0,0,20220613,20261231
CIN_05571061847,1,1,1,1,1,0,0,20220613,20261231
CIN_05571061925,0,0,0,0,0,1,1,20220613,20261231
CIN_05571062047,1,1,1,1,1,0,0,20220613,20261231
CIN_05571131325,0,0,0,0,0,1,1,20220613,20261231
CIN_05571132025,0,0,0,0,0,1,1,20220613,20261231
CIN_05571132140,1,1,1,1,1,0,0,20220613,20261231
CIN_05580030949,1,1,1,1,1,0,0,20250401,20261231
CIN_05580031325,1,1,1,1,1,0,0,20250401,20261231
CIN_05580031759,1,1,1,1,1,0,0,20250401,20261231
CIN_05580031941,1,1,1,1,1,0,0,20251006,20261231
CIN_05580040755,1,1,1,1,1,0,0,20250401,20261231
CIN_05600040800,1,1,1,1,1,0,0,20200622,20261231
CIN_05600040900,1,1,1,1,1,0,0,20210913,20261231
CIN_05600041015,0,0,0,0,0,1,0,20210913,20261231
CIN_05600041100,1,1,1,1,1,0,0,20210913,20261231
CIN_05600041200,1,1,1,1,1,0,0,20200622,20261231
CIN_05600041300,1,1,1,1,1,0,0,20210913,20261231
CIN_05600041400,1,1,1,1,1,0,0,20200622,20261231
CIN_05600041700,1,1,1,1,1,0,0,20200318,20261231
CIN_05600041800,1,1,1,1,1,0,0,20210913,20261231
CIN_05600041900,1,1,1,1,1,0,0,20200318,20261231
CIN_05600041915,0,0,0,0,0,1,0,20210913,20261231
CIN_05601040700,1,1,1,1,1,0,0,20200318,20261231
CIN_05601040800,1,1,1,1,1,0,0,20210913,20261231
CIN_05601040900,1,1,1,1,1,1,0,20210913,20261231
CIN_05601041000,1,1,1,1,1,0,0,20210913,20261231
CIN_05601041200,1,1,1,1,1,0,0,20210913,20261231
CIN_05601041300,1,1,1,1,1,0,0,20200318,20261231
CIN_05601041530,1,1,1,1,1,0,0,20210913,20261231
CIN_05601041700,1,1,1,1,1,0,0,20210913,20261231
CIN_05601041800,1,1,1,1,1,1,0,20210913,20261231
CIN_05650010630,1,1,1,1,1,0,0,20221002,20261231
CIN_05650010915,1,1,1,1,1,0,0,20221002,20261231
CIN_05650011113,0,0,1,0,0,0,0,20221002,20261231
CIN_05650011232,0,0,1,0,0,0,0,20221002,20261231
CIN_05650011416,1,1,1,1,1,0,0,20221002,20261231
CIN_05650011610,1,1,1,1,1,0,0,20221002,20261231
CIN_05650011832,1,1,1,1,1,0,0,20221002,20261231
CIN_05650011907,1,1,1,1,1,0,0,20251006,20261231
CIN_05651010647,1,1,1,1,1,0,0,20210322,20261231
CIN_05651011130,0,0,1,0,0,0,0,20221002,20261231
CIN_05651011248,0,0,1,0,0,0,0,20221002,20261231
CIN_05651011626,1,1,1,1,1,0,0,20221002,20261231
CIN_05651011848,1,1,1,1,1,0,0,20221002,20261231
CIN_05651011923,1,1,1,1,1,0,0,20251006,20261231
CIN_05651020931,1,1,1,1,1,0,0,20221002,20261231
CIN_05651031432,1,1,1,1,1,0,0,20221002,20261231
CIN_05660010948,0,0,1,0,0,0,0,20221002,20261231
CIN_05660011148,0,0,1,0,0,0,0,20221002,20261231
CIN_05661011012,0,0,1,0,0,0,0,20221002,20261231
CIN_05661011134,1,1,1,1,1,0,0,20221002,20261231
CIN_05661011212,0,0,1,0,0,0,0,20221002,20261231
CIN_05661012018,1,1,1,1,1,0,0,20221002,20261231
CIN_05670010736,1,1,1,1,1,0,0,20200914,20261231
CIN_05670061358,1,1,1,1,1,0,0,20221002,20261231
CIN_05670071053,1,1,1,1,1,0,0,20221002,20261231
CIN_05670071937,1,1,1,1,1,0,0,20221002,20261231
CIN_05670101553,1,1,1,1,1,0,0,20221002,20261231
CIN_05671011447,1,1,1,1,1,0,0,20221002,20261231
CIN_05671020839,1,1,1,1,1,0,0,20220102,20261231
CIN_05671050705,1,1,1,1,1,0,0,20221002,20261231
CIN_05671051022,1,1,1,1,1,0,0,20221002,20261231
CIN_05671051906,1,1,1,1,1,0,0,20221002,20261231
CIN_05680010715,1,1,1,1,1,0,0,20221002,20261231
CIN_05680010834,1,1,1,1,1,0,0,20221002,20261231
CIN_05680011032,0,0,1,0,0,0,0,20221002,20261231
CIN_05680011254,0,0,1,0,0,0,0,20221002,20261231
CIN_05680011335,1,1,1,1,1,0,0,20221002,20261231
CIN_05680011718,1,1,1,1,1,0,0,20221002,20261231
CIN_05680012014,1,1,1,1,1,0,0,20251006,20261231
CIN_05680021500,1,1,1,1,1,0,0,20221002,20261231
CIN_05681051057,0,0,1,0,0,0,0,20251006,20261231
CIN_05681051743,1,1,1,1,1,0,0,20251006,20261231
CIN_05681052039,1,1,1,1,1,0,0,20251006,20261231
CIN_05681060859,1,1,1,1,1,0,0,20251006,20261231
CIN_05681061319,0,0,1,0,0,0,0,20251006,20261231
CIN_05681061400,1,1,1,1,1,0,0,20251006,20261231
CIN_05681061528,1,1,1,1,1,0,0,20251006,20261231
CIN_05681070739,1,1,1,1,1,0,0,20251006,20271231
CIN_05760010805,0,0,0,0,0,1,1,20220409,20261231
CIN_05760010905,0,0,0,0,0,1,1,20220409,20261231
CIN_05760011005,0,0,0,0,0,1,1,20220409,20261231
CIN_05760011105,0,0,0,0,0,1,1,20220409,20261231
CIN_05760011205,0,0,0,0,0,1,1,20220409,20261231
CIN_05760011530,0,0,0,0,0,1,1,20220409,20261231
CIN_05760011630,0,0,0,0,0,1,1,20220409,20261231
CIN_05760011730,0,0,0,0,0,1,1,20220409,20261231
CIN_05761010835,0,0,0,0,0,1,1,20220409,20261231
CIN_05761010935,0,0,0,0,0,1,1,20220409,20261231
CIN_05761011035,0,0,0,0,0,1,1,20220409,20261231
CIN_05761011135,0,0,0,0,0,1,1,20220409,20261231
CIN_05761011235,0,0,0,0,0,1,1,20220409,20261231
CIN_05761011600,0,0,0,0,0,1,1,20220409,20261231
CIN_05761011700,0,0,0,0,0,1,1,20220409,20261231
CIN_05761011800,0,0,0,0,0,1,1,20220409,20261231
CIN_05800060020,1,1,1,1,1,0,0,20250428,20261231
CIN_05800060050,0,0,0,0,0,1,1,20250428,20261231
CIN_05800060250,0,0,0,0,0,1,1,20250428,20261231
CIN_05800060255,1,1,1,1,1,0,0,20250428,20261231
CIN_05800060420,0,0,0,0,0,1,1,20250428,20261231
CIN_05800070045,0,0,0,0,0,1,1,20220601,20261231
CIN_05811042332,1,1,1,1,0,0,0,20250428,20261231
CIN_05811050125,0,0,0,0,0,1,1,20250428,20261231
CIN_05811050133,1,1,1,1,1,0,0,20250428,20261231
CIN_05811050208,0,0,0,0,0,1,1,20250428,20261231
CIN_05811052325,0,0,0,0,1,1,0,20250428,20261231
CIN_05811060408,1,1,1,1,1,0,0,20220601,20261231
CIN_05811060409,0,0,0,0,0,1,1,20220601,20261231
CIN_05880010914,1,1,1,1,1,0,0,20221002,20261231
CIN_05880011333,1,1,1,1,1,0,0,20221002,20261231
CIN_05880011644,1,1,1,1,1,0,0,20221002,20261231
CIN_05881010930,1,1,1,1,1,0,0,20221002,20261231
CIN_05881011349,1,1,1,1,1,0,0,20221002,20261231
CIN_05881011700,1,1,1,1,1,0,0,20221002,20261231
CIN_05970010550,1,1,1,1,1,0,0,20230502,20261231
CIN_05970020632,1,1,1,1,1,0,0,20230502,20261231
CIN_05970020735,1,1,1,1,1,0,0,20180101,20261231
CIN_05970020903,1,1,1,1,1,0,0,20180101,20261231
CIN_05970020956,0,0,0,0,0,1,1,20200701,20261231
CIN_05970021003,1,1,1,1,1,0,0,20180101,20261231
CIN_05970021103,1,1,1,1,1,0,0,20180101,20261231
CIN_05970021156,0,0,0,0,0,1,1,20200701,20261231
CIN_05970021203,1,1,1,1,1,0,0,20180101,20261231
CIN_05970021303,1,1,1,1,1,0,0,20180101,20261231
CIN_05970021356,1,1,1,1,1,0,0,20230502,20261231
CIN_05970021556,1,1,1,1,1,0,0,20230502,20261231
CIN_05970021656,1,1,1,1,1,0,0,20230502,20261231
CIN_05970021756,1,1,1,1,1,0,0,20230502,20261231
CIN_05970021856,1,1,1,1,1,0,0,20230502,20261231
CIN_05970021857,0,0,0,0,0,1,1,20230502,20261231
CIN_05970021956,1,1,1,1,1,0,0,20230502,20261231
CIN_05970030819,1,1,1,1,1,0,0,20230502,20261231
CIN_05970030838,1,1,1,1,1,0,0,20180101,20261231
CIN_05970030856,0,0,0,0,0,1,1,20200701,20261231
CIN_05970030933,1,1,1,1,1,0,0,20230502,20261231
CIN_05970031033,1,1,1,1,1,0,0,20230502,20261231
CIN_05970031056,0,0,0,0,0,1,1,20200701,20261231
CIN_05970031133,1,1,1,1,1,0,0,20230502,20261231
CIN_05970031233,1,1,1,1,1,0,0,20230502,20261231
CIN_05970031333,1,1,1,1,1,0,0,20230502,20261231
CIN_05970031426,1,1,1,1,1,0,0,20230502,20261231
CIN_05970031456,1,1,1,1,1,0,0,20230502,20261231
CIN_05970031526,1,1,1,1,1,0,0,20230502,20261231
CIN_05970031626,1,1,1,1,1,0,0,20230502,20261231
CIN_05970031726,1,1,1,1,1,0,0,20230502,20261231
CIN_05970031756,0,0,0,0,0,1,1,20200701,20261231
CIN_05970031826,1,1,1,1,1,0,0,20230502,20261231
CIN_05970031926,1,1,1,1,1,0,0,20230502,20261231
CIN_05970032026,1,1,1,1,1,0,0,20230502,20261231
CIN_05970032056,1,1,1,1,1,0,0,20230502,20261231
CIN_05970032128,1,1,1,1,1,0,0,20180101,20261231
CIN_05970032200,1,1,1,1,1,0,0,20180101,20261231
CIN_05970050819,0,0,0,0,0,1,1,20200701,20261231
CIN_05970051719,0,0,0,0,0,1,1,20200701,20261231
CIN_05970071956,0,0,0,0,0,1,1,20230502,20261231
CIN_05970072230,1,1,1,1,1,0,0,20230502,20261231
CIN_05970150602,1,1,1,1,1,0,0,20230502,20261231
CIN_05970150617,1,1,1,1,1,0,0,20230502,20261231
CIN_05970150647,1,1,1,1,1,0,0,20230502,20261231
CIN_05970150702,1,1,1,1,1,0,0,20230502,20261231
CIN_05970150716,1,1,1,1,1,0,0,20230502,20261231
CIN_05970150802,1,1,1,1,1,0,0,20230502,20261231
COS_06010060540,1,1,1,1,1,0,0,20250505,20261231
COS_06010060635,1,1,1,1,1,0,0,20250505,20261231
COS_06010060636,0,0,0,0,0,1,1,20250505,20261231
COS_06010060650,1,1,1,1,1,0,0,20250505,20261231
COS_06010060720,1,1,1,1,1,0,0,20250505,20261231
COS_06010061310,1,1,1,1,1,0,0,20250505,20261231
COS_06010061340,0,0,0,0,0,1,1,20250505,20261231
COS_06010061410,1,1,1,1,1,0,0,20250505,20261231
COS_06010070800,1,1,1,1,1,0,0,20250505,20261231
COS_06010070855,0,0,0,0,0,1,1,20250505,20261231
COS_06010070905,1,1,1,1,1,0,0,20250505,20261231
COS_06010071015,1,1,1,1,1,0,0,20250505,20261231
COS_06010071110,0,0,0,0,0,1,1,20250505,20261231
COS_06010071125,1,1,1,1,1,0,0,20250505,20261231
COS_06010071240,1,1,1,1,1,0,0,20250505,20261231
COS_06010071350,1,1,1,1,1,0,0,20250505,20261231
COS_06010071455,1,1,1,1,1,0,0,20250505,20261231
COS_06010071540,1,1,1,1,1,0,0,20250505,20261231
COS_06010071600,0,0,0,0,0,1,1,20250505,20261231
COS_06010071610,1,1,1,1,1,0,0,20250505,20261231
COS_06010071640,1,1,1,1,1,0,0,20250505,20261231
COS_06010071710,1,1,1,1,1,0,0,20250505,20261231
COS_06010071755,1,1,1,1,1,0,0,20250505,20261231
COS_06010071810,0,0,0,0,0,1,1,20250505,20261231
COS_06010071825,1,1,1,1,1,0,0,20250505,20261231
COS_06010071930,1,1,1,1,1,0,0,20250505,20261231
COS_06010072030,0,0,0,0,0,1,1,20250505,20261231
COS_06010072040,1,1,1,1,1,0,0,20250505,20261231
COS_06011010650,1,1,1,1,1,0,0,20260907,20261231
COS_06011010745,0,0,0,0,0,1,1,20260907,20261231
COS_06011010755,1,1,1,1,1,0,0,20260907,20261231
COS_06011010810,1,1,1,1,1,0,0,20260907,20261231
COS_06011010835,1,1,1,1,1,0,0,20260907,20261231
COS_06011010905,1,1,1,1,1,0,0,20260907,20261231
COS_06011011000,0,0,0,0,0,1,1,20260907,20261231
COS_06011011015,1,1,1,1,1,0,0,20260907,20261231
COS_06011011130,1,1,1,1,1,0,0,20260907,20261231
COS_06011011210,0,0,0,0,0,1,1,20260907,20261231
COS_06011011240,1,1,1,1,1,0,0,20260907,20261231
COS_06011011345,1,1,1,1,1,0,0,20260907,20261231
COS_06011011430,1,1,1,1,1,0,0,20260907,20261231
COS_06011011450,0,0,0,0,0,1,1,20260907,20261231
COS_06011011500,1,1,1,1,1,0,0,20260907,20261231
COS_06011011530,1,1,1,1,1,0,0,20260907,20261231
COS_06011011600,1,1,1,1,1,0,0,20260907,20261231
COS_06011011645,1,1,1,1,1,0,0,20260907,20261231
COS_06011011700,0,0,0,0,0,1,1,20260907,20261231
COS_06011011715,1,1,1,1,1,0,0,20260907,20261231
COS_06011011750,1,1,1,1,1,0,0,20260907,20261231
COS_06011011820,1,1,1,1,1,0,0,20260907,20261231
COS_06011011900,1,1,1,1,1,0,0,20260907,20261231
COS_06011011920,0,0,0,0,0,1,1,20260907,20261231
COS_06011011930,1,1,1,1,1,0,0,20260907,20261231
COS_06011012040,1,1,1,1,1,0,0,20260907,20261231
COS_06011012130,0,0,0,0,0,1,1,20260907,20261231
COS_06011012140,1,1,1,1,1,0,0,20260907,20261231
COS_06020030935,1,1,1,1,1,0,0,20230401,20271231
COS_06020051345,1,1,1,1,1,1,1,20230904,20261231
COS_06020051645,1,1,1,1,1,0,0,20230904,20261231
COS_06020101000,1,1,1,1,1,1,1,20230401,20261231
COS_06021031535,1,1,1,1,1,0,0,20230904,20271231
COS_06021051435,1,1,1,1,1,1,1,20250428,20261231
COS_06021210745,1,1,1,1,1,1,1,20250428,20261231
COS_06021211135,1,1,1,1,1,0,0,20250428,20261231
COS_06030101015,1,1,1,1,0,1,1,20250621,20261231
COS_06030271820,1,1,1,1,1,1,1,20250621,20261231
COS_06030321315,1,1,1,1,0,1,1,20231101,20261231
COS_06030322045,1,1,1,1,1,1,1,20231101,20261231
COS_06030372300,1,1,1,1,1,1,1,20260502,20261012
COS_06030381015,0,0,0,0,1,0,0,20250621,20261231
COS_06030401315,0,0,0,0,1,0,0,20231101,20261231
COS_06031090623,1,1,1,1,0,1,1,20231101,20261231
COS_06031091648,1,1,1,1,1,1,0,20231101,20261231
COS_06031101423,1,1,1,1,0,1,1,20231101,20261231
COS_06031191848,1,1,1,1,1,1,1,20260502,20261012
COS_06031250918,1,1,1,1,0,1,1,20231101,20261231
COS_06031281648,0,0,0,0,0,0,1,20250428,20261231
COS_06031320623,0,0,0,0,1,0,0,20231101,20261231
COS_06031330918,0,0,0,0,1,0,0,20231101,20261231
COS_06031341423,0,0,0,0,1,0,0,20231101,20261231
COS_06040010245,1,1,1,1,1,1,1,20260601,20261031
COS_06040010430,1,1,1,1,1,1,1,20260601,20261031
COS_06040010545,1,1,1,1,1,1,1,20260601,20261031
COS_06040010630,1,1,1,1,1,1,1,20260601,20261031
COS_06040010715,1,1,1,1,1,1,1,20260601,20261031
COS_06040010800,1,1,1,1,1,1,1,20260601,20261031
COS_06040010825,1,1,1,1,1,1,1,20260601,20261031
COS_06040010910,1,1,1,1,1,1,1,20260601,20261031
COS_06040010955,1,1,1,1,1,1,1,20260601,20261031
COS_06040011040,1,1,1,1,1,1,1,20260601,20261031
COS_06040011145,1,1,1,1,1,1,1,20260601,20261031
COS_06040011230,1,1,1,1,1,1,1,20260601,20261031
COS_06040011315,1,1,1,1,1,1,1,20260601,20261031
COS_06040011400,1,1,1,1,1,1,1,20260601,20261031
COS_06040011425,1,1,1,1,1,1,1,20260601,20261031
COS_06040011510,1,1,1,1,1,1,1,20260601,20261031
COS_06040011555,1,1,1,1,1,1,1,20260601,20261031
COS_06040011640,1,1,1,1,1,1,1,20260601,20261031
COS_06040011745,1,1,1,1,1,1,1,20260601,20261031
COS_06040011830,1,1,1,1,1,1,1,20260601,20261031
COS_06040011915,1,1,1,1,1,1,1,20260601,20261031
COS_06040012000,1,1,1,1,1,1,1,20260601,20261031
COS_06040012100,1,1,1,1,1,1,1,20260601,20261031
COS_06040012215,1,1,1,1,1,1,1,20260601,20261031
COS_06040012335,1,1,1,1,1,1,1,20260601,20261031
COS_06041010135,1,1,1,1,1,1,1,20260601,20261031
COS_06041010705,1,1,1,1,1,1,1,20260601,20261031
COS_06041010750,1,1,1,1,1,1,1,20260601,20261031
COS_06041010835,1,1,1,1,1,1,1,20260601,20261031
COS_06041010920,1,1,1,1,1,1,1,20260601,20261031
COS_06041011025,1,1,1,1,1,1,1,20260601,20261031
COS_06041011110,1,1,1,1,1,1,1,20260601,20261031
COS_06041011155,1,1,1,1,1,1,1,20260601,20261031
COS_06041011240,1,1,1,1,1,1,1,20260601,20261031
COS_06041011305,1,1,1,1,1,1,1,20260601,20261031
COS_06041011350,1,1,1,1,1,1,1,20260601,20261031
COS_06041011435,1,1,1,1,1,1,1,20260601,20261031
COS_06041011520,1,1,1,1,1,1,1,20260601,20261031
COS_06041011625,1,1,1,1,1,1,1,20260601,20261031
COS_06041011710,1,1,1,1,1,1,1,20260601,20261031
COS_06041011755,1,1,1,1,1,1,1,20260601,20261031
COS_06041011840,1,1,1,1,1,1,1,20260601,20261031
COS_06041011900,1,1,1,1,1,1,1,20260601,20261031
COS_06041011905,1,1,1,1,1,1,1,20260601,20261031
COS_06041011950,1,1,1,1,1,1,1,20260601,20261031
COS_06041012035,1,1,1,1,1,1,1,20260601,20261031
COS_06041012036,1,1,1,1,1,1,1,20260601,20261031
COS_06041012120,1,1,1,1,1,1,1,20260601,20261031
COS_06041012220,1,1,1,1,1,1,1,20260601,20261031
COS_06041012335,1,1,1,1,1,1,1,20260601,20261031
COS_06120010820,0,1,0,0,1,0,0,20180101,20261231
COS_06121011100,0,1,0,0,1,0,0,20180101,20261231
COS_06130010000,1,1,1,1,1,1,1,20260601,20261031
COS_06130010600,1,1,1,1,1,1,1,20260601,20261031
COS_06130010835,1,1,1,1,1,1,1,20260601,20261031
COS_06130011105,1,1,1,1,1,1,1,20260601,20261031
COS_06130011215,1,1,1,1,1,1,1,20260601,20261031
COS_06130011330,1,1,1,1,1,1,1,20260601,20261031
COS_06130011630,1,1,1,1,1,1,1,20260601,20261031
COS_06130011845,1,1,1,1,1,1,1,20260601,20261031
COS_06130012125,1,1,1,1,1,1,1,20260601,20261031
COS_06130012245,1,1,1,1,1,1,1,20260601,20261031
COS_06130021010,1,1,1,1,1,1,1,20260601,20261031
COS_06130021640,1,1,1,1,1,1,1,20260601,20261031
COS_06130022000,1,1,1,1,1,1,1,20260601,20261031
COS_06131010100,1,1,1,1,1,1,1,20260601,20261031
COS_06131010645,1,1,1,1,1,1,1,20260601,20261031
COS_06131011030,1,1,1,1,1,1,1,20260601,20261031
COS_06131011140,1,1,1,1,1,1,1,20260601,20261031
COS_06131011255,1,1,1,1,1,1,1,20260601,20261031
COS_06131011405,1,1,1,1,1,1,1,20260601,20261031
COS_06131011715,1,1,1,1,1,1,1,20260601,20261031
COS_06131012045,1,1,1,1,1,1,1,20260601,20261031
COS_06131012200,1,1,1,1,1,1,1,20260601,20261031
COS_06131012325,1,1,1,1,1,1,1,20260601,20261031
COS_06131020910,1,1,1,1,1,1,1,20190625,20261031
COS_06131021530,1,1,1,1,1,1,1,20260601,20261031
COS_06131021900,1,1,1,1,1,1,1,20260601,20261031
COS_06170010700,1,1,1,1,1,0,0,20200318,20261231
COS_06170010730,1,1,1,1,1,1,1,20200928,20261231
COS_06170010830,1,1,1,1,1,0,0,20200928,20261231
COS_06170010915,1,1,1,1,1,0,0,20200928,20261231
COS_06170010930,0,0,0,0,0,1,1,20200928,20261231
COS_06170010945,1,1,1,1,1,0,0,20200928,20261231
COS_06170011045,1,1,1,1,1,0,0,20200928,20261231
COS_06170011130,1,1,1,1,1,1,1,20200928,20261231
COS_06170011230,0,0,0,0,0,1,1,20200928,20261231
COS_06170011245,1,1,1,1,1,0,0,20200928,20261231
COS_06170011315,1,1,1,1,1,0,0,20200318,20261231
COS_06170011330,0,0,0,0,0,1,1,20200318,20261231
COS_06170011445,1,1,1,1,1,0,0,20200928,20261231
COS_06170011530,1,1,1,1,1,1,1,20200928,20261231
COS_06170011645,1,1,1,1,1,0,0,20200928,20261231
COS_06170011730,1,1,1,1,1,1,1,20200928,20261231
COS_06170011830,0,0,0,0,0,1,1,20200928,20261231
COS_06170011900,1,1,1,1,1,0,0,20200928,20261231
COS_06170011945,1,1,1,1,1,0,0,20200928,20261231
COS_06170012030,0,0,0,0,0,1,1,20200701,20261231
COS_06170012115,1,1,1,1,1,0,0,20200914,20261231
COS_06170012130,0,0,0,0,0,1,1,20200701,20261231
COS_06170012245,1,1,1,1,1,0,0,20200928,20261231
COS_06171010645,1,1,1,1,1,0,0,20200928,20261231
COS_06171010745,1,1,1,1,1,0,0,20200914,20261231
COS_06171010815,1,1,1,1,1,0,0,20200928,20261231
COS_06171010830,0,0,0,0,0,1,1,20200928,20261231
COS_06171010930,1,1,1,1,1,0,0,20200928,20261231
COS_06171011015,1,1,1,1,1,0,0,20200928,20261231
COS_06171011030,0,0,0,0,0,1,1,20200928,20261231
COS_06171011045,1,1,1,1,1,0,0,20200928,20261231
COS_06171011145,1,1,1,1,1,0,0,20200928,20261231
COS_06171011230,1,1,1,1,1,1,1,20200928,20261231
COS_06171011330,0,0,0,0,0,1,1,20200928,20261231
COS_06171011345,1,1,1,1,1,0,0,20200928,20261231
COS_06171011415,1,1,1,1,1,0,0,20200928,20261231
COS_06171011430,0,0,0,0,0,1,1,20200928,20261231
COS_06171011600,1,1,1,1,1,0,0,20200928,20261231
COS_06171011630,0,0,0,0,0,1,1,20200928,20261231
COS_06171011645,1,1,1,1,1,0,0,20200928,20261231
COS_06171011745,1,1,1,1,1,0,0,20200928,20261231
COS_06171011830,1,1,1,1,1,1,1,20200928,20261231
COS_06171011930,0,0,0,0,0,1,1,20200928,20261231
COS_06171012000,1,1,1,1,1,0,0,20200928,20261231
COS_06171012030,1,1,1,1,1,0,0,20200928,20261231
COS_06171012130,0,0,0,0,0,1,1,20200928,20261231
COS_06171012200,1,1,1,1,1,0,0,20200914,20261231
COS_06171012230,0,0,0,0,0,1,1,20200318,20261231
COS_06180010955,1,1,1,1,1,1,0,20250310,20261231
COS_06180011055,1,1,1,1,1,0,0,20231106,20261231
COS_06180011155,1,1,1,1,1,0,0,20231106,20261231
COS_06180011255,1,1,1,1,1,0,0,20231106,20261231
COS_06180011425,1,1,1,1,1,0,0,20250310,20261231
COS_06180011525,1,1,1,1,1,1,1,20231127,20261231
COS_06180011720,1,1,1,1,1,0,0,20250310,20261231
COS_06180011740,1,1,1,1,1,0,0,20250310,20261231
COS_06180011855,0,0,0,0,0,0,1,20250310,20261231
COS_06180011905,1,1,1,1,1,0,0,20250310,20261231
COS_06180020630,1,1,1,1,1,0,0,20250310,20261231
COS_06180020715,1,1,1,1,1,0,0,20231106,20261231
COS_06180020815,1,1,1,1,1,0,0,20231106,20261231
COS_06180020845,1,1,1,1,1,0,0,20250310,20261231
COS_06180042105,1,1,1,1,1,0,0,20250310,20261231
COS_06181010600,1,1,1,1,1,0,0,20231106,20261231
COS_06181010700,1,1,1,1,1,0,0,20231106,20261231
COS_06181010715,1,1,1,1,1,0,0,20250310,20261231
COS_06181020745,1,1,1,1,1,0,0,20250310,20261231
COS_06181020845,1,1,1,1,1,0,0,20250310,20261231
COS_06181020945,1,1,1,1,1,0,0,20231106,20261231
COS_06181021115,1,1,1,1,1,0,0,20250310,20261231
COS_06181040845,0,0,0,0,0,1,0,20250310,20261231
COS_06181041315,1,1,1,1,1,0,0,20250310,20261231
COS_06181041415,1,1,1,1,1,1,1,20231127,20261231
COS_06181041600,1,1,1,1,1,0,0,20250310,20261231
COS_06181041630,1,1,1,1,1,0,0,20250310,20261231
COS_06181041745,1,1,1,1,1,0,0,20250310,20261231
COS_06181041746,0,0,0,0,0,0,1,20250310,20261231
COS_06181041945,1,1,1,1,1,0,0,20250310,20261231
COS_06181050505,1,1,1,1,1,0,0,20250310,20261231
COS_06210011300,1,1,1,1,1,0,0,20250519,20261231
COS_06210020815,1,1,1,1,1,0,0,20250519,20261231
COS_06210022130,1,1,1,1,1,0,0,20250519,20261231
COS_06210030550,1,1,1,1,1,0,0,20250519,20261231
COS_06210030650,1,1,1,1,1,0,0,20250519,20261231
COS_06210031240,1,1,1,1,1,0,0,20250519,20261231
COS_06210070715,1,1,1,1,1,0,0,20250519,20261231
COS_06210071405,1,1,1,1,1,0,0,20250519,20261231
COS_06210071515,1,1,1,1,1,0,0,20250519,20261231
COS_06210081030,1,1,1,1,1,0,0,20250519,20261231
COS_06210081900,1,1,1,1,1,0,0,20250519,20261231
COS_06210090630,1,1,1,1,1,0,0,20250519,20261231
COS_06210091730,1,1,1,1,1,0,0,20250519,20261231
COS_06210100450,1,1,1,1,1,0,0,20250519,20261231
COS_06220040900,1,1,1,1,1,0,0,20200420,20261231
COS_06220041100,1,1,1,1,1,0,0,20200420,20261231
COS_06220041300,1,1,1,1,1,0,0,20200914,20261231
COS_06220041500,1,1,1,1,1,0,0,20200928,20261231
COS_06220041700,1,1,1,1,1,0,0,20200420,20261231
COS_06220041900,1,1,1,1,1,0,0,20200928,20261231
COS_06221040800,1,1,1,1,1,0,0,20260521,20261231
COS_06221041000,1,1,1,1,1,0,0,20260521,20261231
COS_06221041200,1,1,1,1,1,0,0,20260521,20261231
COS_06221041400,1,1,1,1,1,0,0,20260521,20261231
COS_06221041600,1,1,1,1,1,0,0,20260521,20261231
COS_06221041800,1,1,1,1,1,0,0,20260521,20261231
COS_06250021800,1,1,1,1,1,0,0,20200318,20261231
COS_06250030800,1,1,1,1,1,0,0,20200318,20261231
COS_06250031000,1,1,1,1,1,0,0,20200318,20261231
COS_06250031200,1,1,1,1,1,0,0,20200318,20261231
COS_06250031400,1,1,1,1,1,0,0,20200318,20261231
COS_06250031600,1,1,1,1,1,0,0,20200318,20261231
COS_06251020650,1,1,1,1,1,0,0,20260525,20261231
COS_06251030900,1,1,1,1,1,0,0,20260525,20261231
COS_06251031100,1,1,1,1,1,0,0,20260525,20261231
COS_06251031300,1,1,1,1,1,0,0,20260525,20261231
COS_06251031500,1,1,1,1,1,0,0,20260525,20261231
COS_06251031700,1,1,1,1,1,0,0,20260525,20261231
COS_06270051635,1,1,1,1,1,0,0,20190304,20261231
COS_06270060625,1,1,1,1,1,0,0,20260907,20261231
COS_06270060855,1,1,1,1,1,0,0,20230906,20261231
COS_06270060955,1,1,1,1,1,0,0,20230906,20261231
COS_06270061050,1,1,1,1,1,0,0,20230906,20261231
COS_06270061145,1,1,1,1,1,0,0,20230906,20261231
COS_06270061250,1,1,1,1,1,0,0,20230906,20261231
COS_06270061355,1,1,1,1,1,0,0,20230906,20261231
COS_06270061505,1,1,1,1,1,0,0,20230906,20261231
COS_06270061900,1,1,1,1,1,0,0,20260907,20261231
COS_06270061955,1,1,1,1,1,0,0,20260907,20261231
COS_06270070730,1,1,1,1,1,0,0,20230906,20261231
COS_06270121755,1,1,1,1,1,0,0,20260907,20261231
COS_06271060655,1,1,1,1,1,0,0,20260907,20261231
COS_06271060925,1,1,1,1,1,0,0,20230906,20261231
COS_06271061025,1,1,1,1,1,0,0,20230906,20261231
COS_06271061120,1,1,1,1,1,0,0,20230906,20261231
COS_06271061325,1,1,1,1,1,0,0,20230906,20261231
COS_06271061835,1,1,1,1,1,0,0,20260907,20261231
COS_06271061930,1,1,1,1,1,0,0,20260907,20261231
COS_06271062025,1,1,1,1,1,0,0,20260907,20261231
COS_06271070810,1,1,1,1,1,0,0,20230906,20261231
COS_06271071215,1,1,1,1,1,0,0,20230906,20261231
COS_06271071535,1,1,1,1,1,0,0,20260907,20261231
COS_06271071715,1,1,1,1,1,0,0,20260907,20261231
COS_06271101430,1,1,1,1,1,0,0,20260907,20261231
COS_06280010635,1,1,1,1,1,0,0,20200914,20271231
COS_06280011357,1,1,1,1,1,0,0,20240402,20271231
COS_06280061503,1,1,1,1,1,0,0,20240402,20271231
COS_06280070748,1,1,1,1,1,0,0,20231002,20271231
COS_06280071922,1,1,1,1,1,0,0,20240402,20271231
COS_06280080910,1,1,1,1,1,0,0,20231002,20271231
COS_06280091202,1,1,1,1,1,0,0,20231002,20271231
COS_06280101609,1,1,1,1,1,0,0,20240402,20271231
COS_06280111742,1,1,1,1,1,0,0,20250101,20271231
COS_06280121344,1,1,1,1,1,0,0,20240402,20271231
COS_06281011937,1,1,1,1,1,0,0,20240402,20271231
COS_06281070945,1,1,1,1,1,0,0,20231002,20271231
COS_06281080640,1,1,1,1,1,0,0,20231002,20271231
COS_06281090809,1,1,1,1,1,0,0,20231002,20271231
COS_06281101402,1,1,1,1,1,0,0,20240402,20271231
COS_06281111513,1,1,1,1,1,0,0,20240402,20271231
COS_06281121648,1,1,1,1,1,0,0,20240402,20271231
COS_06281130630,1,1,1,1,1,0,0,20231002,20271231
COS_06281141245,1,1,1,1,1,0,0,20240402,20271231
COS_06290051425,1,1,1,1,1,0,0,20250101,20271231
COS_06290071458,1,1,1,1,1,0,0,20250101,20271231
COS_06290080641,1,1,1,1,1,0,0,20231002,20271231
COS_06290091042,1,1,1,1,1,0,0,20231002,20271231
COS_06290111820,1,1,1,1,1,0,0,20240402,20271231
COS_06290121647,1,1,1,1,1,0,0,20250101,20271231
COS_06290141603,1,1,1,1,1,0,0,20250101,20271231
COS_06290151440,1,1,1,1,1,0,0,20241104,20271231
COS_06290160756,1,1,1,1,1,0,0,20250201,20271231
COS_06291020714,1,1,1,1,1,0,0,20241104,20271231
COS_06291031620,1,1,1,1,1,0,0,20240402,20271231
COS_06291070838,1,1,1,1,1,0,0,20231002,20271231
COS_06291101114,1,1,1,1,1,0,0,20231002,20271231
COS_06291101515,1,1,1,1,1,0,0,20250101,20271231
COS_06291101834,1,1,1,1,1,0,0,20240402,20271231
COS_06291111652,1,1,1,1,1,0,0,20250101,20271231
COS_06291121507,1,1,1,1,1,0,0,20250101,20271231
COS_06510011358,1,1,1,1,1,0,0,20260316,20261231
COS_06510031258,1,1,1,1,1,0,0,20250101,20261231
COS_06510040748,1,1,1,1,1,0,0,20250101,20261231
COS_06510040958,1,1,1,1,1,0,0,20250101,20261231
COS_06510041158,1,1,1,1,1,0,0,20250101,20261231
COS_06510041558,1,1,1,1,1,0,0,20250101,20261231
COS_06510041658,1,1,1,1,1,0,0,20250101,20261231
COS_06510042003,1,1,1,1,1,0,0,20250101,20261231
COS_06510050848,1,1,1,1,1,0,0,20250101,20261231
COS_06510051058,1,1,1,1,1,0,0,20250101,20261231
COS_06510051503,1,1,1,1,1,0,0,20250101,20261231
COS_06510051758,1,1,1,1,1,0,0,20250101,20261231
COS_06510051903,1,1,1,1,1,0,0,20250101,20261231
COS_06510052103,1,1,1,1,1,0,0,20250101,20261231
COS_06510052158,1,1,1,1,1,0,0,20250101,20261231
COS_06510060650,0,0,0,0,0,1,0,20250101,20261231
COS_06510060700,1,1,1,1,1,0,0,20250101,20261231
COS_06510060720,1,1,1,1,1,0,0,20250101,20261231
COS_06510060820,1,1,1,1,1,0,0,20250101,20261231
COS_06510060850,0,0,0,0,0,1,1,20250101,20261231
COS_06510060910,1,1,1,1,1,0,0,20250101,20261231
COS_06510060925,1,1,1,1,1,0,0,20250101,20261231
COS_06510060950,0,0,0,0,0,1,1,20250101,20261231
COS_06510061025,1,1,1,1,1,0,0,20250101,20261231
COS_06510061125,1,1,1,1,1,0,0,20250101,20261231
COS_06510061150,0,0,0,0,0,1,1,20250101,20261231
COS_06510061220,1,1,1,1,1,0,0,20250101,20261231
COS_06510061320,1,1,1,1,1,0,0,20250101,20261231
COS_06510061335,1,1,1,1,1,0,0,20250101,20261231
COS_06510061350,0,0,0,0,0,1,1,20250101,20261231
COS_06510061425,1,1,1,1,1,0,0,20250101,20261231
COS_06510061445,1,1,1,1,1,0,0,20250101,20261231
COS_06510061450,0,0,0,0,0,1,1,20250101,20261231
COS_06510061500,1,1,1,1,1,0,0,20250101,20261231
COS_06510061530,1,1,1,1,1,0,0,20250101,20261231
COS_06510061640,1,1,1,1,1,0,0,20250101,20261231
COS_06510061650,0,0,0,0,0,1,1,20250101,20261231
COS_06510061740,1,1,1,1,1,0,0,20250101,20261231
COS_06510061750,0,0,0,0,0,1,1,20250101,20261231
COS_06510061825,1,1,1,1,1,0,0,20250101,20261231
COS_06510061840,1,1,1,1,1,0,0,20250101,20261231
COS_06510061950,0,0,0,0,0,1,1,20250101,20261231
COS_06510061955,1,1,1,1,1,0,0,20250630,20261231
COS_06510062140,1,1,1,1,1,0,0,20250101,20261231
COS_06510062150,0,0,0,0,0,1,1,20250101,20261231
COS_06510070630,1,1,1,1,1,0,0,20250101,20261231
COS_06510070735,1,1,1,1,1,0,0,20250101,20261231
COS_06510070750,0,0,0,0,0,1,1,20250101,20261231
COS_06510070840,1,1,1,1,1,0,0,20250101,20261231
COS_06510070940,1,1,1,1,1,0,0,20250101,20261231
COS_06510071040,1,1,1,1,1,0,0,20250101,20261231
COS_06510071050,0,0,0,0,0,1,1,20250101,20261231
COS_06510071140,1,1,1,1,1,0,0,20250101,20261231
COS_06510071250,1,1,1,1,1,1,1,20250101,20261231
COS_06510071350,1,1,1,1,1,0,0,20250101,20261231
COS_06510071540,1,1,1,1,1,0,0,20250101,20261231
COS_06510071550,0,0,0,0,0,1,1,20250101,20261231
COS_06510071725,1,1,1,1,1,0,0,20250101,20261231
COS_06510071850,0,0,0,0,0,1,1,20250101,20261231
COS_06510071930,1,1,1,1,1,0,0,20250101,20261231
COS_06510072040,1,1,1,1,1,0,0,20250101,20261231
COS_06510072050,0,0,0,0,0,1,1,20250101,20261231
COS_06510080810,1,1,1,1,1,0,0,20250101,20261231
COS_06510081630,1,1,1,1,1,0,0,20250101,20261231
COS_06510081855,1,1,1,1,1,0,0,20250101,20261231
COS_06511030845,1,1,1,1,1,0,0,20250101,20261231
COS_06511031350,1,1,1,1,1,0,0,20250101,20261231
COS_06511031705,1,1,1,1,1,0,0,20250101,20261231
COS_06511041930,1,1,1,1,1,0,0,20250101,20261231
COS_06511050705,1,1,1,1,1,0,0,20250101,20261231
COS_06511050745,1,1,1,1,1,0,0,20260316,20261231
COS_06511050805,1,1,1,1,1,0,0,20250101,20261231
COS_06511050820,0,0,0,0,0,1,1,20250101,20261231
COS_06511050910,1,1,1,1,1,0,0,20250101,20261231
COS_06511051010,1,1,1,1,1,0,0,20250101,20261231
COS_06511051110,1,1,1,1,1,0,0,20250101,20261231
COS_06511051120,0,0,0,0,0,1,1,20250101,20261231
COS_06511051210,1,1,1,1,1,0,0,20250101,20261231
COS_06511051320,1,1,1,1,1,1,1,20250101,20261231
COS_06511051420,1,1,1,1,1,0,0,20250101,20261231
COS_06511051610,1,1,1,1,1,0,0,20250101,20261231
COS_06511051620,0,0,0,0,0,1,1,20250101,20261231
COS_06511051805,1,1,1,1,1,0,0,20250101,20261231
COS_06511051920,0,0,0,0,0,1,1,20250101,20261231
COS_06511052010,1,1,1,1,1,0,0,20250101,20261231
COS_06511052110,1,1,1,1,1,0,0,20250101,20261231
COS_06511052120,0,0,0,0,0,1,1,20250101,20261231
COS_06511060730,1,1,1,1,1,0,0,20250101,20261231
COS_06511060940,1,1,1,1,1,0,0,20250101,20261231
COS_06511061140,1,1,1,1,1,0,0,20250101,20261231
COS_06511061340,1,1,1,1,1,0,0,20250101,20261231
COS_06511061445,1,1,1,1,1,0,0,20250101,20261231
COS_06511061540,1,1,1,1,1,0,0,20250101,20261231
COS_06511061845,1,1,1,1,1,0,0,20250101,20261231
COS_06511062140,1,1,1,1,1,0,0,20250101,20261231
COS_06511070610,1,1,1,1,1,0,0,20250101,20261231
COS_06511070630,0,0,0,0,0,1,0,20250101,20261231
COS_06511070640,1,1,1,1,1,0,0,20250101,20261231
COS_06511070700,1,1,1,1,1,0,0,20250101,20261231
COS_06511070730,0,0,0,0,0,1,1,20250101,20261231
COS_06511070745,1,1,1,1,1,0,0,20250101,20261231
COS_06511070845,1,1,1,1,1,0,0,20250101,20261231
COS_06511070930,0,0,0,0,0,1,1,20250101,20261231
COS_06511071000,1,1,1,1,1,0,0,20250101,20261231
COS_06511071030,0,0,0,0,0,1,1,20250101,20261231
COS_06511071100,1,1,1,1,1,0,0,20250101,20261231
COS_06511071200,1,1,1,1,1,0,0,20250101,20261231
COS_06511071230,0,0,0,0,0,1,1,20250101,20261231
COS_06511071300,1,1,1,1,1,0,0,20250101,20261231
COS_06511071315,1,1,1,1,1,0,0,20250101,20261231
COS_06511071415,1,1,1,1,1,0,0,20250101,20261231
COS_06511071430,0,0,0,0,0,1,1,20250101,20261231
COS_06511071505,1,1,1,1,1,0,0,20250101,20261231
COS_06511071520,1,1,1,1,1,0,0,20250101,20261231
COS_06511071530,0,0,0,0,0,1,1,20250101,20261231
COS_06511071600,1,1,1,1,1,0,0,20250101,20261231
COS_06511071700,1,1,1,1,1,0,0,20250101,20261231
COS_06511071730,0,0,0,0,0,1,1,20250101,20261231
COS_06511071800,1,1,1,1,1,0,0,20250101,20261231
COS_06511071830,1,1,1,1,1,0,0,20250101,20261231
COS_06511071831,0,0,0,0,0,1,1,20250101,20261231
COS_06511071900,1,1,1,1,1,0,0,20250101,20261231
COS_06511071935,1,1,1,1,1,0,0,20250630,20261231
COS_06511072030,0,0,0,0,0,1,1,20250101,20261231
COS_06511080821,1,1,1,1,1,0,0,20250101,20261231
COS_06511081031,1,1,1,1,1,0,0,20250101,20261231
COS_06511081231,1,1,1,1,1,0,0,20250101,20261231
COS_06511081631,1,1,1,1,1,0,0,20250101,20261231
COS_06511081731,1,1,1,1,1,0,0,20250101,20261231
COS_06511082036,1,1,1,1,1,0,0,20250101,20261231
COS_06560010800,1,1,1,1,1,0,0,20220307,20260913
COS_06560010900,1,1,1,1,1,0,0,20220307,20260913
COS_06560011000,1,1,1,1,1,0,0,20220307,20260913
COS_06560011100,1,1,1,1,1,0,0,20221102,20260913
COS_06560011230,1,1,1,1,1,0,0,20221102,20260913
COS_06560011330,1,1,1,1,1,0,0,20221102,20260913
COS_06560011430,1,1,1,1,1,0,0,20221102,20260913
COS_06561010730,1,1,1,1,1,0,0,20220307,20260913
COS_06561010830,1,1,1,1,1,0,0,20220307,20260913
COS_06561010930,1,1,1,1,1,0,0,20220307,20260913
COS_06561011030,1,1,1,1,1,0,0,20221102,20260913
COS_06561011200,1,1,1,1,1,0,0,20221102,20260913
COS_06561011300,1,1,1,1,1,0,0,20221102,20260913
COS_06561011400,1,1,1,1,1,0,0,20221102,20260913
COS_06630011345,1,1,1,1,1,0,0,20200622,20261231
COS_06630011430,0,0,0,0,0,1,1,20200622,20261231
COS_06630011615,1,1,1,1,1,0,0,20200622,20261231
COS_06630011630,0,0,0,0,0,1,1,20200622,20261231
COS_06630011815,1,1,1,1,1,0,0,20200622,20261231
COS_06630020615,1,1,1,1,1,0,0,20200622,20261231
COS_06630021415,1,1,1,1,1,0,0,20200622,20261231
COS_06630022015,1,1,1,1,1,0,0,20200622,20261231
COS_06630030800,1,1,1,1,1,0,0,20180611,20261231
COS_06630030830,0,0,0,0,0,1,1,20180611,20261231
COS_06630031015,1,1,1,1,1,0,0,20180611,20261231
COS_06630031030,0,0,0,0,0,1,1,20180611,20261231
COS_06630031215,1,1,1,1,1,0,0,20180611,20261231
COS_06630031930,0,0,0,0,0,1,1,20180611,20261231
COS_06631011515,1,1,1,1,1,0,0,20200622,20261231
COS_06631012115,1,1,1,1,1,0,0,20200622,20261231
COS_06631020715,1,1,1,1,1,0,0,20180611,20261231
COS_06631030900,1,1,1,1,1,0,0,20200622,20261231
COS_06631030930,0,0,0,0,0,1,1,20200622,20261231
COS_06631031115,1,1,1,1,1,0,0,20200622,20261231
COS_06631031130,0,0,0,0,0,1,1,20200622,20261231
COS_06631031315,1,1,1,1,1,0,0,20200622,20261231
COS_06631031445,1,1,1,1,1,0,0,20200622,20261231
COS_06631031530,0,0,0,0,0,1,1,20200622,20261231
COS_06631031715,1,1,1,1,1,0,0,20200622,20261231
COS_06631031730,0,0,0,0,0,1,1,20200622,20261231
COS_06631031915,1,1,1,1,1,0,0,20200622,20261231
COS_06631032030,0,0,0,0,0,1,1,20200622,20261231
COS_06710020700,1,1,1,1,1,0,0,20241125,20261231
COS_06710020730,1,1,1,1,1,0,0,20241125,20261231
COS_06710020800,1,1,1,1,1,0,0,20241125,20261231
COS_06710020830,1,1,1,1,1,1,1,20241125,20261231
COS_06710020900,1,1,1,1,1,0,0,20241125,20261231
COS_06710020930,1,1,1,1,1,1,1,20241125,20261231
COS_06710021000,1,1,1,1,1,0,0,20241125,20261231
COS_06710021030,1,1,1,1,1,1,1,20241125,20261231
COS_06710021100,1,1,1,1,1,0,0,20241125,20261231
COS_06710021130,1,1,1,1,1,1,1,20241125,20261231
COS_06710021200,1,1,1,1,1,0,0,20241125,20261231
COS_06710021230,1,1,1,1,1,1,1,20241125,20261231
COS_06710021300,1,1,1,1,1,0,0,20241125,20261231
COS_06710021330,1,1,1,1,1,1,1,20241125,20261231
COS_06710021400,1,1,1,1,1,0,0,20241125,20261231
COS_06710021430,1,1,1,1,1,1,1,20241125,20261231
COS_06710021500,1,1,1,1,1,0,0,20241125,20261231
COS_06710021530,1,1,1,1,1,1,1,20241125,20261231
COS_06710021600,1,1,1,1,1,0,0,20241125,20261231
COS_06710021630,1,1,1,1,1,1,1,20241125,20261231
COS_06710021700,1,1,1,1,1,0,0,20241125,20261231
COS_06710021730,1,1,1,1,1,1,1,20241125,20261231
COS_06710021800,1,1,1,1,1,0,0,20241125,20261231
COS_06710021830,1,1,1,1,1,1,1,20241125,20261231
COS_06710021930,1,1,1,1,1,1,1,20241125,20261231
COS_06710022000,0,1,0,0,0,0,0,20241125,20261231
COS_06710022030,1,1,1,1,1,1,1,20241125,20261231
COS_06720030830,1,1,1,1,1,0,0,20240501,20261231
COS_06720030900,1,1,1,1,1,0,0,20240501,20261231
COS_06720030930,1,1,1,1,1,0,0,20240501,20261231
COS_06720031000,1,1,1,1,1,0,0,20240501,20261231
COS_06720031030,1,1,1,1,1,0,0,20240501,20261231
COS_06720031145,1,1,1,1,1,0,0,20240501,20261231
COS_06720031215,1,1,1,1,1,0,0,20240501,20261231
COS_06720031245,1,1,1,1,1,0,0,20240501,20261231
COS_06720031315,1,1,1,1,1,0,0,20240501,20261231
COS_06720031345,1,1,1,1,1,0,0,20240501,20261231
COS_06720031500,1,1,1,1,1,0,0,20240501,20261231
COS_06720031530,1,1,1,1,1,0,0,20240501,20261231
COS_06720031600,1,1,1,1,1,0,0,20240501,20261231
COS_06720031630,1,1,1,1,1,0,0,20240501,20261231
COS_06720031700,1,1,1,1,1,0,0,20240501,20261231
COS_06720031815,1,1,1,1,1,0,0,20240501,20261231
COS_06720031845,1,1,1,1,1,0,0,20240501,20261231
COS_06720031915,1,1,1,1,1,0,0,20240501,20261231
COS_06720031945,1,1,1,1,1,0,0,20240501,20261231
COS_06720032015,1,1,1,1,1,0,0,20240501,20261231
COS_06730020700,1,1,1,1,1,0,0,20200914,20271231
COS_06730020730,1,1,1,1,1,0,0,20230501,20261231
COS_06730020800,1,1,1,1,1,0,0,20230501,20261231
COS_06730020830,1,1,1,1,1,0,0,20230501,20261231
COS_06730020900,1,1,1,1,1,1,1,20200626,20261231
COS_06730020930,1,1,1,1,1,0,0,20230501,20261231
COS_06730021000,1,1,1,1,1,1,1,20200626,20261231
COS_06730021030,1,1,1,1,1,0,0,20230501,20261231
COS_06730021100,1,1,1,1,1,1,1,20200626,20261231
COS_06730021130,1,1,1,1,1,0,0,20230501,20261231
COS_06730021200,1,1,1,1,1,1,1,20200626,20261231
COS_06730021230,1,1,1,1,1,0,0,20230501,20261231
COS_06730021300,1,1,1,1,1,1,1,20200626,20261231
COS_06730021330,1,1,1,1,1,0,0,20230501,20261231
COS_06730021400,1,1,1,1,1,1,1,20200626,20261231
COS_06730021430,1,1,1,1,1,0,0,20230501,20261231
COS_06730021500,1,1,1,1,1,1,1,20200626,20261231
COS_06730021530,1,1,1,1,1,0,0,20230501,20261231
COS_06730021600,1,1,1,1,1,1,1,20200626,20261231
COS_06730021630,1,1,1,1,1,0,0,20230501,20261231
COS_06730021700,1,1,1,1,1,1,1,20200626,20261231
COS_06730021730,1,1,1,1,1,0,0,20240501,20261231
COS_06730021800,1,1,1,1,1,1,1,20200626,20261231
COS_06730021900,1,1,1,1,1,1,1,20200626,20261231
COS_06730022000,1,1,1,1,1,1,1,20200626,20261231
COS_06740030700,1,1,1,1,1,0,0,20220711,20261231
COS_06740030815,1,1,1,1,1,1,1,20220711,20261231
COS_06740031005,1,1,1,1,1,1,1,20220711,20261231
COS_06740031100,1,1,1,1,1,0,0,20240501,20261231
COS_06740031225,1,1,1,1,1,1,1,20220711,20261231
COS_06740031415,1,1,1,1,1,0,0,20240501,20261231
COS_06740031510,1,1,1,1,1,1,1,20220711,20261231
COS_06740031700,1,1,1,1,1,1,1,20220711,20261231
COS_06740031730,1,1,1,1,1,0,0,20240501,20261231
COS_06740031915,1,1,1,1,1,1,1,20220711,20261231
COS_06740032000,1,1,1,1,1,1,1,20240501,20261231
COS_06740040700,1,1,1,1,1,0,0,20230501,20261231
COS_06740040815,1,1,1,1,1,1,1,20230501,20261231
COS_06740041005,1,1,1,1,1,1,1,20230501,20261231
COS_06740041100,1,1,1,1,1,0,0,20240501,20261231
COS_06740041225,1,1,1,1,1,1,1,20230501,20261231
COS_06740041415,1,1,1,1,1,0,0,20240501,20261231
COS_06740041510,1,1,1,1,1,1,1,20230501,20261231
COS_06740041700,1,1,1,1,1,1,1,20230501,20261231
COS_06740041730,1,1,1,1,1,0,0,20240501,20261231
COS_06740041915,1,1,1,1,1,1,1,20230501,20261231
COS_06740042000,1,1,1,1,1,1,1,20240501,20261231
COS_06750021310,1,1,1,1,1,1,1,20241202,20261231
COS_06750021815,1,1,1,1,1,1,1,20241202,20261231
COS_06750030900,1,1,1,1,1,1,1,20241202,20261231
COS_06750031120,1,1,1,1,1,1,1,20241202,20261231
COS_06750031555,1,1,1,1,1,1,1,20241202,20261231
COS_06751020921,1,1,1,1,1,1,1,20240501,20261231
COS_06751021141,1,1,1,1,1,1,1,20240501,20261231
COS_06751021616,1,1,1,1,1,1,1,20240501,20261231
COS_06751031343,1,1,1,1,1,1,1,20240501,20261231
COS_06751031848,1,1,1,1,1,1,1,20240501,20261231
COS_06770010745,1,1,1,1,1,0,0,20230501,20271231
COS_06770011050,1,1,1,1,1,1,1,20230501,20261231
COS_06770011440,1,1,1,1,1,1,1,20230501,20261231
COS_06770011745,1,1,1,1,1,1,1,20230501,20261231
COS_06910010650,1,1,1,1,1,0,0,20260504,20261231
COS_06910010710,1,1,1,1,1,0,0,20260504,20261231
COS_06910010740,1,1,1,1,1,0,0,20260504,20261231
COS_06910010800,1,1,1,1,1,0,0,20260504,20261231
COS_06910010820,1,1,1,1,1,0,0,20260504,20261231
COS_06910010850,1,1,1,1,1,0,0,20260504,20261231
COS_06910010910,1,1,1,1,1,0,0,20260504,20261231
COS_06910010920,0,0,0,0,0,1,0,20260504,20261231
COS_06910010930,1,1,1,1,1,0,0,20260504,20261231
COS_06910010950,0,0,0,0,0,1,0,20260504,20261231
COS_06910011000,1,1,1,1,1,0,0,20260504,20261231
COS_06910011020,1,1,1,1,1,0,0,20260504,20261231
COS_06910011021,0,0,0,0,0,1,1,20260504,20261231
COS_06910011040,1,1,1,1,1,0,0,20260504,20261231
COS_06910011050,0,0,0,0,0,1,1,20260504,20261231
COS_06910011110,1,1,1,1,1,0,0,20260504,20261231
COS_06910011120,0,0,0,0,0,1,1,20260504,20261231
COS_06910011130,1,1,1,1,1,0,0,20260504,20261231
COS_06910011150,1,1,1,1,1,0,0,20260504,20261231
COS_06910011151,0,0,0,0,0,1,1,20260504,20261231
COS_06910011220,1,1,1,1,1,0,0,20260504,20261231
COS_06910011221,0,0,0,0,0,1,1,20260504,20261231
COS_06910011240,1,1,1,1,1,0,0,20260504,20261231
COS_06910011250,0,0,0,0,0,1,1,20260504,20261231
COS_06910011300,1,1,1,1,1,0,0,20260504,20261231
COS_06910011320,0,0,0,0,0,1,1,20260504,20261231
COS_06910011330,1,1,1,1,1,0,0,20260504,20261231
COS_06910011350,1,1,1,1,1,0,0,20260504,20261231
COS_06910011410,1,1,1,1,1,0,0,20260504,20261231
COS_06910011440,1,1,1,1,1,0,0,20260504,20261231
COS_06910011500,1,1,1,1,1,0,0,20260504,20261231
COS_06910011520,1,1,1,1,1,0,0,20260504,20261231
COS_06910011550,1,1,1,1,1,0,0,20260504,20261231
COS_06910011610,1,1,1,1,1,0,0,20260504,20261231
COS_06910011630,1,1,1,1,1,0,0,20260504,20261231
COS_06910011700,1,1,1,1,1,0,0,20260504,20261231
COS_06910011720,1,1,1,1,1,0,0,20260504,20261231
COS_06910011721,0,0,0,0,0,1,1,20260504,20261231
COS_06910011740,1,1,1,1,1,0,0,20260504,20261231
COS_06910011750,0,0,0,0,0,1,1,20260504,20261231
COS_06910011810,1,1,1,1,1,0,0,20260504,20261231
COS_06910011820,0,0,0,0,0,1,1,20260504,20261231
COS_06910011830,1,1,1,1,1,0,0,20260504,20261231
COS_06910011850,1,1,1,1,1,0,0,20260504,20261231
COS_06910011851,0,0,0,0,0,1,1,20260504,20261231
COS_06910011920,1,1,1,1,1,0,0,20260504,20261231
COS_06910011940,1,1,1,1,1,0,0,20260504,20261231
COS_06910012000,1,1,1,1,1,0,0,20260504,20261231
COS_06910012030,1,1,1,1,1,0,0,20260504,20261231
COS_06910012050,1,1,1,1,1,0,0,20260504,20261231
COS_06910012110,1,1,1,1,1,0,0,20260504,20261231
COS_06910012140,1,1,1,1,1,0,0,20260504,20261231
COS_06910012200,1,1,1,1,1,0,0,20260504,20261231
COS_06910030541,1,1,1,1,1,0,0,20260504,20261231
COS_06910030606,1,1,1,1,1,0,0,20260504,20261231
COS_06910030626,1,1,1,1,1,0,0,20260504,20261231
COS_06910030816,0,0,0,0,0,1,0,20260504,20261231
COS_06910030846,0,0,0,0,0,1,0,20260504,20261231
COS_06910030916,0,0,0,0,0,0,1,20260504,20261231
COS_06910030946,0,0,0,0,0,0,1,20260504,20261231
COS_06910031616,0,0,0,0,0,1,1,20260504,20261231
COS_06910031646,0,0,0,0,0,1,1,20260504,20261231
CUB_1,1,1,1,1,1,1,1,20250801,20261231
CUN_1,1,1,1,1,1,0,0,20241023,20261231
EMP_2,1,1,1,1,1,0,0,20260902,20270630
EMP_3,1,1,1,1,1,1,1,20260723,20260914
EMP_4,1,1,1,1,1,1,0,20260915,20270614
EMP_5,1,1,1,1,1,1,1,20260615,20270914
FOG_1,1,1,1,1,1,0,0,20251217,20261231
FOG_2,1,1,1,1,1,1,1,20251217,20261231
FYT_02010020500,1,1,1,1,1,0,0,20250428,20261231
FYT_02010020530,1,1,1,1,1,0,0,20250428,20261231
FYT_02010020600,1,1,1,1,1,0,0,20250428,20261231
FYT_02010020630,1,1,1,1,1,0,0,20250428,20261231
FYT_02010020700,1,1,1,1,1,0,0,20250428,20261231
FYT_02010020730,1,1,1,1,1,0,0,20250428,20261231
FYT_02010020800,1,1,1,1,1,0,0,20250428,20261231
FYT_02010020801,0,0,0,0,0,1,0,20250428,20261231
FYT_02010020830,1,1,1,1,1,0,0,20250428,20261231
FYT_02010020831,0,0,0,0,0,1,0,20250428,20261231
FYT_02010020900,1,1,1,1,1,0,0,20250428,20261231
FYT_02010020901,0,0,0,0,0,1,1,20250428,20261231
FYT_02010020930,1,1,1,1,1,0,0,20250428,20261231
FYT_02010020931,0,0,0,0,0,1,1,20250428,20261231
FYT_02010021000,1,1,1,1,1,0,0,20250428,20261231
FYT_02010021001,0,0,0,0,0,1,0,20250428,20261231
FYT_02010021030,1,1,1,1,1,0,0,20250428,20261231
FYT_02010021031,0,0,0,0,0,1,1,20250428,20261231
FYT_02010021100,0,0,0,0,0,1,1,20250428,20261231
FYT_02010021130,1,1,1,1,1,0,0,20250428,20261231
FYT_02010021131,0,0,0,0,0,1,0,20250428,20261231
FYT_02010021200,1,1,1,1,1,0,0,20250428,20261231
FYT_02010021201,0,0,0,0,0,1,1,20250428,20261231
FYT_02010021230,1,1,1,1,1,0,0,20250428,20261231
FYT_02010021231,0,0,0,0,0,0,1,20250428,20261231
FYT_02010021300,1,1,1,1,1,0,0,20250428,20261231
FYT_02010021301,0,0,0,0,0,1,1,20250428,20261231
FYT_02010021330,1,1,1,1,1,0,0,20250428,20261231
FYT_02010021331,0,0,0,0,0,1,0,20250428,20261231
FYT_02010021400,1,1,1,1,1,0,0,20250428,20261231
FYT_02010021401,0,0,0,0,0,1,1,20250428,20261231
FYT_02010021430,1,1,1,1,1,0,0,20250428,20261231
FYT_02010021431,0,0,0,0,0,1,1,20250428,20261231
FYT_02010021500,1,1,1,1,1,0,0,20250428,20261231
FYT_02010021501,0,0,0,0,0,1,1,20250428,20261231
FYT_02010021530,1,1,1,1,1,0,0,20250428,20261231
FYT_02010021531,0,0,0,0,0,1,1,20250428,20261231
FYT_02010021600,1,1,1,1,1,0,0,20250428,20261231
FYT_02010021601,0,0,0,0,0,1,1,20250428,20261231
FYT_02010021630,1,1,1,1,1,0,0,20250428,20261231
FYT_02010021631,0,0,0,0,0,1,1,20250428,20261231
FYT_02010021700,1,1,1,1,1,0,0,20250428,20261231
FYT_02010021701,0,0,0,0,0,1,1,20250428,20261231
FYT_02010021730,1,1,1,1,1,0,0,20250428,20261231
FYT_02010021731,0,0,0,0,0,1,0,20250428,20261231
FYT_02010021800,1,1,1,1,1,0,0,20250428,20261231
FYT_02010021801,0,0,0,0,0,1,1,20250428,20261231
FYT_02010021830,1,1,1,1,1,0,0,20250428,20261231
FYT_02010021831,0,0,0,0,0,1,1,20250428,20261231
FYT_02010021900,1,1,1,1,1,0,0,20250428,20261231
FYT_02010021930,1,1,1,1,1,0,0,20250428,20261231
FYT_02010021931,0,0,0,0,0,1,1,20250428,20261231
FYT_02010022000,1,1,1,1,1,0,0,20250428,20261231
FYT_02010022001,0,0,0,0,0,1,0,20250428,20261231
FYT_02010022030,1,1,1,1,1,0,0,20250428,20261231
FYT_02010022100,1,1,1,1,1,0,0,20250428,20261231
FYT_02010022101,0,0,0,0,0,1,1,20250428,20261231
FYT_02010022130,0,0,0,0,0,1,1,20250428,20261231
FYT_02010022200,1,1,1,1,1,0,0,20250428,20261231
FYT_02010022201,0,0,0,0,0,1,1,20250428,20261231
FYT_02010022230,0,0,0,0,0,0,1,20250428,20261231
FYT_02010022300,1,1,1,1,1,0,0,20250428,20261231
FYT_02010022301,0,0,0,0,0,1,1,20250428,20261231
FYT_02011020430,1,1,1,1,1,0,0,20250428,20261231
FYT_02011020500,1,1,1,1,1,0,0,20250428,20261231
FYT_02011020530,1,1,1,1,1,0,0,20250428,20261231
FYT_02011020600,1,1,1,1,1,0,0,20250428,20261231
FYT_02011020601,0,0,0,0,0,1,1,20250428,20261231
FYT_02011020630,1,1,1,1,1,0,0,20250428,20261231
FYT_02011020700,1,1,1,1,1,0,0,20250428,20261231
FYT_02011020701,0,0,0,0,0,1,1,20250428,20261231
FYT_02011020730,1,1,1,1,1,0,0,20250428,20261231
FYT_02011020731,0,0,0,0,0,1,0,20250428,20261231
FYT_02011020800,1,1,1,1,1,0,0,20250428,20261231
FYT_02011020801,0,0,0,0,0,1,1,20250428,20261231
FYT_02011020830,1,1,1,1,1,0,0,20250428,20261231
FYT_02011020831,0,0,0,0,0,1,0,20250428,20261231
FYT_02011020900,1,1,1,1,1,0,0,20250428,20261231
FYT_02011020930,1,1,1,1,1,0,0,20250428,20261231
FYT_02011020931,0,0,0,0,0,1,1,20250428,20261231
FYT_02011021000,1,1,1,1,1,0,0,20250428,20261231
FYT_02011021001,0,0,0,0,0,1,0,20250428,20261231
FYT_02011021030,1,1,1,1,1,0,0,20250428,20261231
FYT_02011021031,0,0,0,0,0,1,1,20250428,20261231
FYT_02011021100,0,0,0,0,0,1,1,20250428,20261231
FYT_02011021130,1,1,1,1,1,0,0,20250428,20261231
FYT_02011021200,1,1,1,1,1,0,0,20250428,20261231
FYT_02011021201,0,0,0,0,0,1,1,20250428,20261231
FYT_02011021230,0,0,0,0,0,1,1,20250428,20261231
FYT_02011021300,1,1,1,1,1,0,0,20250428,20261231
FYT_02011021301,0,0,0,0,0,1,1,20250428,20261231
FYT_02011021330,1,1,1,1,1,0,0,20250428,20261231
FYT_02011021331,0,0,0,0,0,1,1,20250428,20261231
FYT_02011021400,1,1,1,1,1,0,0,20250428,20261231
FYT_02011021401,0,0,0,0,0,1,1,20250428,20261231
FYT_02011021430,1,1,1,1,1,0,0,20250428,20261231
FYT_02011021431,0,0,0,0,0,1,1,20250428,20261231
FYT_02011021500,1,1,1,1,1,0,0,20250428,20261231
FYT_02011021501,0,0,0,0,0,1,1,20250428,20261231
FYT_02011021530,1,1,1,1,1,0,0,20250428,20261231
FYT_02011021531,0,0,0,0,0,1,1,20250428,20261231
FYT_02011021600,1,1,1,1,1,0,0,20250428,20261231
FYT_02011021601,0,0,0,0,0,1,1,20250428,20261231
FYT_02011021630,1,1,1,1,1,0,0,20250428,20261231
FYT_02011021631,0,0,0,0,0,1,0,20250428,20261231
FYT_02011021700,1,1,1,1,1,0,0,20250428,20261231
FYT_02011021701,0,0,0,0,0,1,1,20250428,20261231
FYT_02011021730,0,0,0,0,1,0,0,20250428,20261231
FYT_02011021800,1,1,1,1,1,0,0,20250428,20261231
FYT_02011021801,0,0,0,0,0,1,1,20250428,20261231
FYT_02011021830,1,1,1,1,1,0,0,20250428,20261231
FYT_02011021831,0,0,0,0,0,1,1,20250428,20261231
FYT_02011021900,1,1,1,1,1,0,0,20250428,20261231
FYT_02011021901,0,0,0,0,0,1,1,20250428,20261231
FYT_02011021930,1,1,1,1,1,0,0,20250428,20261231
FYT_02011021931,0,0,0,0,0,1,1,20250428,20261231
FYT_02011022000,1,1,1,1,1,0,0,20250428,20261231
FYT_02011022030,0,0,0,0,0,0,1,20250428,20261231
FYT_02011022100,0,0,0,0,0,1,0,20250428,20261231
FYT_02011022130,0,0,0,0,0,0,1,20250428,20261231
FYT_02011022200,0,0,0,0,0,1,0,20250428,20261231
FYT_02020010730,0,0,0,0,0,1,0,20250428,20261231
FYT_02020010800,0,0,0,0,0,0,1,20250428,20261231
FYT_02020011000,0,0,0,0,0,0,1,20250428,20261231
FYT_02020011100,1,1,1,1,1,0,0,20250428,20261231
FYT_02020011230,0,0,0,0,0,0,1,20250428,20261231
FYT_02020011730,0,0,0,0,0,0,1,20250428,20261231
FYT_02020011900,0,0,0,0,0,1,1,20250428,20261231
FYT_02020012030,0,0,0,0,0,0,1,20250428,20261231
FYT_02021010614,0,0,0,0,0,1,0,20250428,20261231
FYT_02021010844,0,0,0,0,0,0,1,20250428,20261231
FYT_02021011044,1,1,1,1,1,0,0,20250428,20261231
FYT_02021011114,0,0,0,0,0,0,1,20250428,20261231
FYT_02021011115,0,0,0,0,0,0,1,20250428,20261231
FYT_02021011214,1,1,1,1,1,0,0,20250428,20261231
FYT_02021011444,0,0,0,0,0,0,1,20250428,20261231
FYT_02021011614,0,0,0,0,0,0,1,20250428,20261231
FYT_02021011714,0,0,0,0,0,0,1,20250428,20261231
FYT_02021011844,0,0,0,0,0,0,1,20250428,20261231
FYT_02021012044,0,0,0,0,0,0,1,20250428,20261231
FYT_02021012144,1,1,1,1,1,0,0,20250428,20261231
FYT_02021012146,0,0,0,0,0,0,1,20250428,20261231
FYT_02030021330,0,0,0,0,0,0,1,20250428,20261231
FYT_02030022000,0,0,0,0,0,0,1,20250428,20261231
FYT_02030030700,0,0,0,0,0,1,1,20250428,20261231
FYT_02030051030,1,1,1,1,1,0,0,20180101,20261231
FYT_02030102130,1,1,1,1,1,0,0,20250428,20261231
FYT_02031030900,0,0,0,0,0,0,1,20250428,20261231
FYT_02031031900,0,0,0,0,0,1,0,20250428,20261231
FYT_02031052300,1,1,1,1,1,0,0,20180101,20261231
FYT_02031112140,0,0,0,0,0,0,1,20200302,20261231
FYT_02031121905,1,1,1,1,1,0,0,20200916,20261231
FYT_02110020845,1,1,1,1,1,0,0,20250428,20261231
FYT_02110020900,1,1,1,1,1,0,0,20250428,20261231
FYT_02110020910,1,1,1,1,1,0,0,20250428,20261231
FYT_02110020920,1,1,1,1,1,0,0,20250428,20261231
FYT_02110020945,1,1,1,1,1,0,0,20250428,20261231
FYT_02110021015,1,1,1,1,1,0,0,20250428,20261231
FYT_02110021030,1,1,1,1,1,0,0,20250428,20261231
FYT_02110021045,1,1,1,1,1,0,0,20250428,20261231
FYT_02110021130,1,1,1,1,1,0,0,20250428,20261231
FYT_02110021300,1,1,1,1,1,0,0,20250428,20261231
FYT_02110021325,1,1,1,1,1,0,0,20250428,20261231
FYT_02110021345,1,1,1,1,1,0,0,20250428,20261231
FYT_02110021400,1,1,1,1,1,0,0,20250428,20261231
FYT_02110021415,1,1,1,1,1,0,0,20250428,20261231
FYT_02110021425,1,1,1,1,1,0,0,20250428,20261231
FYT_02110021445,1,1,1,1,1,0,0,20250428,20261231
FYT_02110021500,1,1,1,1,1,0,0,20250428,20261231
FYT_02110021515,1,1,1,1,1,0,0,20250428,20261231
FYT_02110021525,1,1,1,1,1,0,0,20250428,20261231
FYT_02110021610,1,1,1,1,1,0,0,20250428,20261231
FYT_02110021645,1,1,1,1,1,0,0,20250428,20261231
FYT_02110021715,1,1,1,1,1,0,0,20250428,20261231
FYT_02110021745,1,1,1,1,1,0,0,20250428,20261231
FYT_02110021800,1,1,1,1,1,0,0,20250428,20261231
FYT_02110021810,1,1,1,1,1,0,0,20250428,20261231
FYT_02110021820,1,1,1,1,1,0,0,20250428,20261231
FYT_02110021825,1,1,1,1,1,0,0,20250428,20261231
FYT_02110021845,1,1,1,1,1,0,0,20250428,20261231
FYT_02110021915,1,1,1,1,1,0,0,20250428,20261231
FYT_02110021945,1,1,1,1,1,0,0,20250428,20261231
FYT_02110022000,1,1,1,1,1,0,0,20250428,20261231
FYT_02110022045,1,1,1,1,1,0,0,20250428,20261231
FYT_02110022100,1,1,1,1,1,0,0,20250428,20261231
FYT_02110022130,1,1,1,1,1,0,0,20250428,20261231
FYT_02110022200,1,1,1,1,1,0,0,20250428,20261231
FYT_02110022300,1,1,1,1,1,0,0,20250428,20261231
FYT_02110040655,1,1,1,1,1,0,0,20250428,20261231
FYT_02110040745,1,1,1,1,1,0,0,20250428,20261231
FYT_02110040815,1,1,1,1,1,0,0,20250428,20261231
FYT_02110040830,1,1,1,1,1,0,0,20250428,20261231
FYT_02110050650,1,1,1,1,1,0,0,20250428,20261231
FYT_02110050800,1,1,1,1,1,0,0,20250428,20261231
FYT_02110050845,1,1,1,1,1,0,0,20250428,20261231
FYT_02110050855,1,1,1,1,1,0,0,20250428,20261231
FYT_02110050900,0,0,0,0,0,1,0,20250428,20261231
FYT_02110050945,0,0,0,0,0,1,0,20250428,20261231
FYT_02110051030,0,0,0,0,0,1,0,20250428,20261231
FYT_02110051110,1,1,1,1,1,0,0,20250428,20261231
FYT_02110051115,0,0,0,0,0,1,0,20250428,20261231
FYT_02110051200,0,0,0,0,0,1,0,20250428,20261231
FYT_02110051210,1,1,1,1,1,0,0,20250428,20261231
FYT_02110051245,0,0,0,0,0,1,0,20250428,20261231
FYT_02110051325,1,1,1,1,1,1,0,20250428,20261231
FYT_02110051415,0,0,0,0,0,1,0,20250428,20261231
FYT_02110051545,0,0,0,0,0,1,0,20250428,20261231
FYT_02110051600,1,1,1,1,1,0,0,20250428,20261231
FYT_02110051630,0,0,0,0,0,1,0,20250428,20261231
FYT_02110051715,0,0,0,0,0,1,0,20250428,20261231
FYT_02110051800,0,0,0,0,0,1,0,20250428,20261231
FYT_02110051845,0,0,0,0,0,1,0,20250428,20261231
FYT_02110051930,0,0,0,0,0,1,0,20250428,20261231
FYT_02110052015,0,0,0,0,0,1,0,20250428,20261231
FYT_02110052100,0,0,0,0,0,1,0,20250428,20261231
FYT_02110052145,0,0,0,0,0,1,0,20250428,20261231
FYT_02110052310,0,0,0,0,0,1,0,20250428,20261231
FYT_02111011740,1,1,1,1,1,0,0,20250428,20261231
FYT_02111020600,1,1,1,1,1,0,0,20250428,20261231
FYT_02111020655,1,1,1,1,1,0,0,20250428,20261231
FYT_02111020825,1,1,1,1,1,0,0,20250428,20261231
FYT_02111020945,1,1,1,1,1,0,0,20250428,20261231
FYT_02111020955,1,1,1,1,1,0,0,20250428,20261231
FYT_02111021255,1,1,1,1,1,0,0,20250428,20261231
FYT_02111021315,1,1,1,1,1,0,0,20250428,20261231
FYT_02111021345,0,0,0,0,1,0,0,20250428,20261231
FYT_02111021400,1,1,1,1,1,0,0,20250428,20261231
FYT_02111021415,0,0,0,0,1,0,0,20250428,20261231
FYT_02111021500,1,1,1,1,1,0,0,20250428,20261231
FYT_02111021515,0,0,0,0,1,0,0,20250428,20261231
FYT_02111021545,1,1,1,1,1,0,0,20250428,20261231
FYT_02111021630,1,1,1,1,1,0,0,20250428,20261231
FYT_02111021655,1,1,1,1,1,0,0,20250428,20261231
FYT_02111021715,1,1,1,1,1,0,0,20250428,20261231
FYT_02111021750,1,1,1,1,1,0,0,20250428,20261231
FYT_02111021800,1,1,1,1,1,0,0,20250428,20261231
FYT_02111021815,0,0,0,0,1,0,0,20250428,20261231
FYT_02111021845,1,1,1,1,1,0,0,20250428,20261231
FYT_02111021900,1,1,1,1,1,0,0,20250428,20261231
FYT_02111021930,1,1,1,1,1,0,0,20250428,20261231
FYT_02111022030,1,1,1,1,1,0,0,20250428,20261231
FYT_02111022155,1,1,1,1,1,0,0,20250428,20261231
FYT_02111050815,0,0,0,0,0,1,0,20250428,20261231
FYT_02111050900,0,0,0,0,0,1,0,20250428,20261231
FYT_02111050945,0,0,0,0,0,1,0,20250428,20261231
FYT_02111051030,1,1,1,1,1,0,0,20250428,20261231
FYT_02111051031,0,0,0,0,0,1,0,20250428,20261231
FYT_02111051100,1,1,1,1,1,0,0,20250428,20261231
FYT_02111051115,0,0,0,0,0,1,0,20250428,20261231
FYT_02111051200,0,0,0,0,0,1,0,20250428,20261231
FYT_02111051230,1,1,1,1,1,0,0,20250428,20261231
FYT_02111051330,0,0,0,0,0,1,0,20250428,20261231
FYT_02111051445,1,1,1,1,1,0,0,20250428,20261231
FYT_02111051545,0,0,0,0,0,1,0,20250428,20261231
FYT_02111051630,0,0,0,0,0,1,0,20250428,20261231
FYT_02111051715,0,0,0,0,0,1,0,20250428,20261231
FYT_02111051800,0,0,0,0,0,1,0,20250428,20261231
FYT_02111051845,0,0,0,0,0,1,0,20250428,20261231
FYT_02111051930,0,0,0,0,0,1,0,20250428,20261231
FYT_02111052015,0,0,0,0,0,1,0,20250428,20261231
FYT_02111052100,0,0,0,0,0,1,0,20250428,20261231
FYT_02111052220,1,1,1,1,1,1,0,20250428,20261231
FYT_02111070620,1,1,1,1,1,0,0,20250428,20261231
FYT_02111070740,1,1,1,1,1,0,0,20250428,20261231
FYT_02111070840,1,1,1,1,1,0,0,20250428,20261231
FYT_02111070850,1,1,1,1,1,0,0,20250428,20261231
FYT_02111070920,1,1,1,1,1,0,0,20250428,20261231
FYT_02111070930,1,1,1,1,1,0,0,20250428,20261231
FYT_02111080637,1,1,1,1,1,0,0,20250428,20261231
FYT_02111080700,1,1,1,1,1,0,0,20250428,20261231
FYT_02111080737,1,1,1,1,1,0,0,20250428,20261231
FYT_02111080755,1,1,1,1,1,0,0,20250428,20261231
FYT_02111080817,1,1,1,1,1,0,0,20250428,20261231
FYT_02111090700,1,1,1,1,1,0,0,20250428,20261231
FYT_02111090710,1,1,1,1,1,0,0,20250428,20261231
FYT_02111090800,1,1,1,1,1,0,0,20250428,20261231
FYT_02111100747,1,1,1,1,1,0,0,20250428,20261231
FYT_02111100907,1,1,1,1,1,0,0,20250428,20261231
FYT_02120010730,1,1,1,1,1,0,0,20250428,20261231
FYT_02120011000,1,1,1,1,1,1,0,20250428,20261231
FYT_02120011230,1,1,1,1,1,1,0,20250428,20261231
FYT_02120011730,1,1,1,1,1,0,0,20250428,20261231
FYT_02120011930,1,1,1,1,1,0,0,20250428,20261231
FYT_02120012015,1,1,1,1,1,0,0,20250428,20261231
FYT_02120012030,0,0,0,0,0,1,0,20250428,20261231
FYT_02121010844,0,0,0,0,0,1,0,20250428,20261231
FYT_02121011114,1,1,1,1,1,1,0,20250428,20261231
FYT_02121011314,1,1,1,1,1,0,0,20250428,20261231
FYT_02121011715,0,0,0,0,0,1,0,20250428,20261231
FYT_02121012144,0,0,0,0,0,1,0,20250428,20261231
FYT_02121030614,1,1,1,1,1,0,0,20250428,20261231
FYT_02121030844,1,1,1,1,1,0,0,20250428,20261231
FYT_02121060644,1,1,1,1,1,0,0,20250428,20261231
FYT_02130011130,0,0,0,0,0,1,0,20250428,20261231
FYT_02130011330,1,1,1,1,1,0,0,20250428,20261231
FYT_02130011331,0,0,0,0,0,1,0,20250428,20261231
FYT_02130012030,1,1,1,1,1,0,0,20250428,20261231
FYT_02130020700,1,1,1,1,1,0,0,20250428,20261231
FYT_02130020930,1,0,1,1,1,0,0,20250428,20261231
FYT_02130021700,0,0,0,0,0,1,0,20250428,20261231
FYT_02130021701,0,0,0,0,0,0,1,20250428,20261231
FYT_02130030930,0,1,0,0,0,0,0,20250428,20261231
FYT_02130030931,0,0,0,0,0,0,1,20250428,20261231
FYT_02130030932,0,0,0,0,0,1,0,20250428,20261231
FYT_02130031130,0,0,0,0,0,0,1,20250428,20261231
FYT_02130031530,0,0,0,0,0,1,0,20250428,20261231
FYT_02130031700,1,1,1,1,1,0,0,20250428,20261231
FYT_02130031830,1,1,1,1,1,1,0,20250428,20261231
FYT_02130031831,0,0,0,0,0,0,1,20250428,20261231
FYT_02130041430,1,1,1,1,1,0,0,20250428,20261231
FYT_02130041530,1,1,1,1,1,0,0,20250428,20261231
FYT_02130041900,1,1,1,1,1,0,0,20250428,20261231
FYT_02131011515,1,1,1,1,1,0,0,20250428,20261231
FYT_02131011516,0,0,0,0,0,1,1,20250428,20261231
FYT_02131011915,1,1,1,1,1,0,0,20250428,20261231
FYT_02131012030,1,1,1,1,1,0,0,20250428,20261231
FYT_02131020900,1,1,1,1,1,0,0,20250428,20261231
FYT_02131020901,0,0,0,0,0,1,0,20250428,20261231
FYT_02131021330,1,0,1,1,1,0,0,20250428,20261231
FYT_02131021900,0,0,0,0,0,0,1,20250428,20261231
FYT_02131030655,0,0,0,0,0,1,0,20250428,20261231
FYT_02131030656,0,0,0,0,0,0,1,20250428,20261231
FYT_02131031310,0,1,0,0,0,0,0,20250428,20261231
FYT_02131031400,0,0,0,0,0,1,0,20250428,20261231
FYT_02131031415,0,0,0,0,0,0,1,20250428,20261231
FYT_02131031535,0,0,0,0,0,0,1,20250428,20261231
FYT_02131031745,0,0,0,0,0,1,0,20250428,20261231
FYT_02131131115,1,1,1,1,1,0,0,20250428,20261231
FYT_02131131650,1,1,1,1,1,0,0,20250428,20261231
FYT_02131131750,1,1,1,1,1,0,0,20250428,20261231
FYT_02131140615,1,1,1,1,1,0,0,20250428,20261231
FYT_02131150612,1,1,1,1,1,0,0,20250428,20261231
FYT_02180020700,1,1,1,1,1,0,0,20250428,20261231
FYT_02180020835,1,1,1,1,1,0,0,20250428,20261231
FYT_02180030855,1,1,1,1,1,0,0,20250428,20261231
FYT_02180030940,1,1,1,1,1,0,0,20250428,20261231
FYT_02180040740,1,1,1,1,1,0,0,20250428,20261231
FYT_02180040835,1,1,1,1,1,0,0,20250428,20261231
FYT_02181010725,1,1,1,1,1,0,0,20250428,20261231
FYT_02181010735,1,1,1,1,1,0,0,20250428,20261231
FYT_02181010745,1,1,1,1,1,0,0,20250428,20261231
FYT_02181010810,1,1,1,1,1,0,0,20250428,20261231
FYT_02181040650,1,1,1,1,1,0,0,20250428,20261231
FYT_02200010500,1,1,1,1,1,0,0,20260518,20261231
FYT_02200010755,0,0,0,0,0,1,0,20260518,20261231
FYT_02200010855,0,0,0,0,0,1,1,20260518,20261231
FYT_02200010955,0,0,0,0,0,1,0,20260518,20261231
FYT_02200011055,0,0,0,0,0,1,1,20260518,20261231
FYT_02200011155,0,0,0,0,0,0,1,20260518,20261231
FYT_02200011255,0,0,0,0,0,0,1,20260518,20261231
FYT_02200011325,0,0,0,0,0,1,0,20260518,20261231
FYT_02200011355,0,0,0,0,0,0,1,20260518,20261231
FYT_02200011455,0,0,0,0,0,0,1,20260518,20261231
FYT_02200011525,0,0,0,0,0,1,0,20260518,20261231
FYT_02200011625,0,0,0,0,0,1,0,20260518,20261231
FYT_02200011825,0,0,0,0,0,1,0,20260518,20261231
FYT_02200011955,0,0,0,0,0,0,1,20260518,20261231
FYT_02200012025,0,0,0,0,0,1,0,20260518,20261231
FYT_02200012155,0,0,0,0,0,0,1,20260518,20261231
FYT_02200012225,0,0,0,0,0,1,0,20260518,20261231
FYT_02201010540,1,1,1,1,1,0,0,20260518,20261231
FYT_02201010655,0,0,0,0,0,1,0,20260518,20261231
FYT_02201010755,0,0,0,0,0,1,1,20260518,20261231
FYT_02201010855,0,0,0,0,0,1,0,20260518,20261231
FYT_02201010955,0,0,0,0,0,1,1,20260518,20261231
FYT_02201011055,0,0,0,0,0,0,1,20260518,20261231
FYT_02201011155,0,0,0,0,0,0,1,20260518,20261231
FYT_02201011225,0,0,0,0,0,1,0,20260518,20261231
FYT_02201011255,0,0,0,0,0,0,1,20260518,20261231
FYT_02201011355,0,0,0,0,0,0,1,20260518,20261231
FYT_02201011425,0,0,0,0,0,1,0,20260518,20261231
FYT_02201011525,0,0,0,0,0,1,0,20260518,20261231
FYT_02201011725,0,0,0,0,0,1,0,20260518,20261231
FYT_02201011855,0,0,0,0,0,0,1,20260518,20261231
FYT_02201011925,0,0,0,0,0,1,0,20260518,20261231
FYT_02201012055,0,0,0,0,0,0,1,20260518,20261231
FYT_02201012125,0,0,0,0,0,1,0,20260518,20261231
FYT_02210010610,1,1,1,1,1,0,0,20260518,20261231
FYT_02210010620,1,1,1,1,1,0,0,20260518,20261231
FYT_02210010645,1,1,1,1,1,0,0,20260518,20261231
FYT_02210010655,1,1,1,1,1,0,0,20260518,20261231
FYT_02210010725,1,1,1,1,1,0,0,20260518,20261231
FYT_02210010735,1,1,1,1,1,0,0,20260518,20261231
FYT_02210010755,1,1,1,1,1,0,0,20260518,20261231
FYT_02210010756,0,0,0,0,0,0,1,20260518,20261231
FYT_02210010805,1,1,1,1,1,0,0,20260518,20261231
FYT_02210010815,1,1,1,1,1,0,0,20260518,20261231
FYT_02210010825,1,1,1,1,1,0,0,20260518,20261231
FYT_02210010835,1,1,1,1,1,0,0,20260518,20261231
FYT_02210010850,1,1,1,1,1,0,0,20260518,20261231
FYT_02210010900,1,1,1,1,1,0,0,20260518,20261231
FYT_02210010920,1,1,1,1,1,0,0,20260518,20261231
FYT_02210010925,0,0,0,0,0,1,0,20260518,20261231
FYT_02210010935,1,1,1,1,1,0,0,20260518,20261231
FYT_02210010950,1,1,1,1,1,0,0,20260518,20261231
FYT_02210010955,0,0,0,0,0,0,1,20260518,20261231
FYT_02210011005,1,1,1,1,1,0,0,20260518,20261231
FYT_02210011020,1,1,1,1,1,0,0,20260518,20261231
FYT_02210011025,0,0,0,0,0,1,0,20260518,20261231
FYT_02210011035,1,1,1,1,1,0,0,20260518,20261231
FYT_02210011050,1,1,1,1,1,0,0,20260518,20261231
FYT_02210011105,1,1,1,1,1,0,0,20260518,20261231
FYT_02210011120,1,1,1,1,1,0,0,20260518,20261231
FYT_02210011125,0,0,0,0,0,1,0,20260518,20261231
FYT_02210011140,1,1,1,1,1,0,0,20260518,20261231
FYT_02210011155,1,1,1,1,1,1,0,20260518,20261231
FYT_02210011205,1,1,1,1,1,0,0,20260518,20261231
FYT_02210011225,0,0,0,0,0,1,0,20260518,20261231
FYT_02210011235,1,1,1,1,1,0,0,20260518,20261231
FYT_02210011255,0,0,0,0,0,1,0,20260518,20261231
FYT_02210011300,1,1,1,1,1,0,0,20260518,20261231
FYT_02210011320,1,1,1,1,1,0,0,20260518,20261231
FYT_02210011335,1,1,1,1,1,0,0,20260518,20261231
FYT_02210011405,1,1,1,1,1,0,0,20260518,20261231
FYT_02210011415,1,1,1,1,1,0,0,20260518,20261231
FYT_02210011425,0,0,0,0,0,1,0,20260518,20261231
FYT_02210011435,1,1,1,1,1,0,0,20260518,20261231
FYT_02210011455,1,1,1,1,1,0,0,20260518,20261231
FYT_02210011510,1,1,1,1,1,0,0,20260518,20261231
FYT_02210011525,1,1,1,1,1,0,0,20260518,20261231
FYT_02210011526,0,0,0,0,0,1,0,20260518,20261231
FYT_02210011540,1,1,1,1,1,0,0,20260518,20261231
FYT_02210011555,1,1,1,1,1,0,0,20260518,20261231
FYT_02210011556,0,0,0,0,0,0,1,20260518,20261231
FYT_02210011610,1,1,1,1,1,0,0,20260518,20261231
FYT_02210011625,1,1,1,1,1,0,0,20260518,20261231
FYT_02210011635,1,1,1,1,1,0,0,20260518,20261231
FYT_02210011655,1,1,1,1,1,0,0,20260518,20261231
FYT_02210011710,1,1,1,1,1,0,0,20260518,20261231
FYT_02210011725,1,1,1,1,1,0,0,20260518,20261231
FYT_02210011726,0,0,0,0,0,1,0,20260518,20261231
FYT_02210011740,1,1,1,1,1,0,0,20260518,20261231
FYT_02210011755,0,0,0,0,0,0,1,20260518,20261231
FYT_02210011800,1,1,1,1,1,0,0,20260518,20261231
FYT_02210011815,1,1,1,1,1,0,0,20260518,20261231
FYT_02210011835,1,1,1,1,1,0,0,20260518,20261231
FYT_02210011850,1,1,1,1,1,0,0,20260518,20261231
FYT_02210011915,1,1,1,1,1,0,0,20260518,20261231
FYT_02210011925,0,0,0,0,0,1,0,20260518,20261231
FYT_02210011930,1,1,1,1,1,0,0,20260518,20261231
FYT_02210012000,1,1,1,1,1,0,0,20260518,20261231
FYT_02210012030,1,1,1,1,1,0,0,20260518,20261231
FYT_02210012055,1,1,1,1,1,0,0,20260518,20261231
FYT_02210012115,1,1,1,1,1,0,0,20260518,20261231
FYT_02210012125,0,0,0,0,0,1,0,20260518,20261231
FYT_02210012135,1,1,1,1,1,0,0,20260518,20261231
FYT_02210012205,1,1,1,1,1,0,0,20260518,20261231
FYT_02210020710,1,1,1,1,1,0,0,20260518,20261231
FYT_02210020745,1,1,1,1,1,0,0,20260518,20261231
FYT_02211010510,1,1,1,1,1,0,0,20260518,20261231
FYT_02211010520,1,1,1,1,1,0,0,20260518,20261231
FYT_02211010555,1,1,1,1,1,0,0,20260518,20261231
FYT_02211010610,1,1,1,1,1,0,0,20260518,20261231
FYT_02211010620,1,1,1,1,1,0,0,20260518,20261231
FYT_02211010630,1,1,1,1,1,0,0,20260518,20261231
FYT_02211010640,1,1,1,1,1,0,0,20260518,20261231
FYT_02211010650,1,1,1,1,1,0,0,20260518,20261231
FYT_02211010655,0,0,0,0,0,0,1,20260518,20261231
FYT_02211010700,1,1,1,1,1,0,0,20260518,20261231
FYT_02211010710,1,1,1,1,1,0,0,20260518,20261231
FYT_02211010720,1,1,1,1,1,0,0,20260518,20261231
FYT_02211010745,1,1,1,1,1,0,0,20260518,20261231
FYT_02211010755,1,1,1,1,1,0,0,20260518,20261231
FYT_02211010825,0,0,0,0,0,1,0,20260518,20261231
FYT_02211010830,1,1,1,1,1,0,0,20260518,20261231
FYT_02211010845,1,1,1,1,1,0,0,20260518,20261231
FYT_02211010855,0,0,0,0,0,0,1,20260518,20261231
FYT_02211010900,1,1,1,1,1,0,0,20260518,20261231
FYT_02211010915,1,1,1,1,1,0,0,20260518,20261231
FYT_02211010925,0,0,0,0,0,1,0,20260518,20261231
FYT_02211010930,1,1,1,1,1,0,0,20260518,20261231
FYT_02211010945,1,1,1,1,1,0,0,20260518,20261231
FYT_02211011000,1,1,1,1,1,0,0,20260518,20261231
FYT_02211011015,1,1,1,1,1,0,0,20260518,20261231
FYT_02211011025,0,0,0,0,0,1,0,20260518,20261231
FYT_02211011035,1,1,1,1,1,0,0,20260518,20261231
FYT_02211011050,1,1,1,1,1,0,0,20260518,20261231
FYT_02211011055,0,0,0,0,0,1,0,20260518,20261231
FYT_02211011105,1,1,1,1,1,0,0,20260518,20261231
FYT_02211011125,0,0,0,0,0,1,0,20260518,20261231
FYT_02211011135,1,1,1,1,1,0,0,20260518,20261231
FYT_02211011155,0,0,0,0,0,1,0,20260518,20261231
FYT_02211011200,1,1,1,1,1,0,0,20260518,20261231
FYT_02211011220,1,1,1,1,1,0,0,20260518,20261231
FYT_02211011235,1,1,1,1,1,0,0,20260518,20261231
FYT_02211011300,1,1,1,1,1,0,0,20260518,20261231
FYT_02211011315,1,1,1,1,1,0,0,20260518,20261231
FYT_02211011325,0,0,0,0,0,1,0,20260518,20261231
FYT_02211011335,1,1,1,1,1,0,0,20260518,20261231
FYT_02211011350,1,1,1,1,1,0,0,20260518,20261231
FYT_02211011405,1,1,1,1,1,0,0,20260518,20261231
FYT_02211011420,1,1,1,1,1,0,0,20260518,20261231
FYT_02211011435,1,1,1,1,1,0,0,20260518,20261231
FYT_02211011450,1,1,1,1,1,0,0,20260518,20261231
FYT_02211011455,0,0,0,0,0,0,1,20260518,20261231
FYT_02211011505,1,1,1,1,1,0,0,20260518,20261231
FYT_02211011520,1,1,1,1,1,0,0,20260518,20261231
FYT_02211011535,1,1,1,1,1,0,0,20260518,20261231
FYT_02211011550,1,1,1,1,1,0,0,20260518,20261231
FYT_02211011605,1,1,1,1,1,0,0,20260518,20261231
FYT_02211011620,1,1,1,1,1,0,0,20260518,20261231
FYT_02211011625,0,0,0,0,0,1,0,20260518,20261231
FYT_02211011635,1,1,1,1,1,0,0,20260518,20261231
FYT_02211011655,1,1,1,1,1,0,0,20260518,20261231
FYT_02211011656,0,0,0,0,0,0,1,20260518,20261231
FYT_02211011710,1,1,1,1,1,0,0,20260518,20261231
FYT_02211011730,1,1,1,1,1,0,0,20260518,20261231
FYT_02211011745,1,1,1,1,1,0,0,20260518,20261231
FYT_02211011810,1,1,1,1,1,0,0,20260518,20261231
FYT_02211011825,1,1,1,1,1,0,0,20260518,20261231
FYT_02211011826,0,0,0,0,0,1,0,20260518,20261231
FYT_02211011855,1,1,1,1,1,0,0,20260518,20261231
FYT_02211011925,1,1,1,1,1,0,0,20260518,20261231
FYT_02211011955,1,1,1,1,1,0,0,20260518,20261231
FYT_02211012015,1,1,1,1,1,0,0,20260518,20261231
FYT_02211012025,0,0,0,0,0,1,0,20260518,20261231
FYT_02211012030,1,1,1,1,1,0,0,20260518,20261231
FYT_02211012100,1,1,1,1,1,0,0,20260518,20261231
FYT_02211012130,1,1,1,1,1,0,0,20260518,20261231
FYT_02211012210,1,1,1,1,1,0,0,20260518,20261231
FYT_02211020747,1,1,1,1,1,0,0,20260518,20261231
FYT_02211020832,1,1,1,1,1,0,0,20260518,20261231
FYT_02300010600,1,1,1,1,1,0,0,20200928,20261231
FYT_02300010645,1,1,1,1,1,0,0,20200928,20261231
FYT_02300010745,1,1,1,1,1,0,0,20200101,20261231
FYT_02300010815,0,0,0,0,0,1,1,20200318,20261231
FYT_02300010915,1,1,1,1,1,0,0,20200928,20261231
FYT_02300011005,1,1,1,1,1,1,1,20180101,20261231
FYT_02300011145,1,1,1,1,1,0,0,20200928,20261231
FYT_02300011300,1,1,1,1,1,1,1,20200101,20261231
FYT_02300011435,1,1,1,1,1,0,0,20180101,20261231
FYT_02300011605,1,1,1,1,1,0,0,20200101,20261231
FYT_02300011606,0,0,0,0,0,1,1,20180101,20261231
FYT_02300011745,1,1,1,1,1,0,0,20200101,20261231
FYT_02300011746,0,0,0,0,0,1,1,20200318,20261231
FYT_02300011930,1,1,1,1,1,0,0,20200928,20261231
FYT_02300012000,1,1,1,1,1,1,1,20200101,20261231
FYT_02301010630,1,1,1,1,1,0,0,20200928,20261231
FYT_02301010715,1,1,1,1,1,0,0,20200101,20261231
FYT_02301010825,1,1,1,1,1,0,0,20200101,20261231
FYT_02301010845,0,0,0,0,0,1,1,20200928,20261231
FYT_02301010945,1,1,1,1,1,0,0,20200928,20261231
FYT_02301011040,1,1,1,1,1,0,0,20200101,20261231
FYT_02301011041,0,0,0,0,0,1,1,20180101,20261231
FYT_02301011225,1,1,1,1,1,0,0,20200928,20261231
FYT_02301011335,1,1,1,1,1,0,0,20200101,20261231
FYT_02301011336,0,0,0,0,0,1,1,20180101,20261231
FYT_02301011520,1,1,1,1,1,0,0,20200101,20261231
FYT_02301011645,1,1,1,1,1,0,0,20200101,20261231
FYT_02301011650,0,0,0,0,0,1,1,20180101,20261231
FYT_02301011830,1,1,1,1,1,0,0,20200101,20261231
FYT_02301011845,0,0,0,0,0,1,1,20180101,20261231
FYT_02301012005,1,1,1,1,1,0,0,20200928,20261231
FYT_02301012035,1,1,1,1,1,0,0,20200101,20261231
FYT_02301012036,0,0,0,0,0,1,1,20180101,20261231
FYT_02310040450,1,1,1,1,1,0,0,20200318,20261231
FYT_02310041245,1,1,1,1,1,0,0,20200901,20261231
FYT_02310041830,1,1,1,1,1,0,0,20200928,20261231
FYT_02310051440,1,1,1,1,1,0,0,20200409,20261231
FYT_02310060650,1,1,1,1,1,0,0,20200928,20261231
FYT_02310060740,1,1,1,1,1,0,0,20200318,20261231
FYT_02310070915,0,0,0,0,0,1,1,20200928,20261231
FYT_02310070945,1,1,1,1,1,0,0,20200928,20261231
FYT_02310071015,0,0,0,0,0,1,1,20200928,20261231
FYT_02310071130,1,1,1,1,1,0,0,20200318,20261231
FYT_02310071215,0,0,0,0,0,1,1,20200928,20261231
FYT_02310071615,0,0,0,0,0,1,1,20200928,20261231
FYT_02310071715,0,0,0,0,0,1,1,20200928,20261231
FYT_02310072015,0,0,0,0,0,1,1,20200928,20261231
FYT_02310072045,1,1,1,1,1,0,0,20200318,20261231
FYT_02310081910,1,1,1,1,1,0,0,20200409,20261231
FYT_02311040925,1,1,1,1,1,0,0,20200928,20261231
FYT_02311041215,1,1,1,1,1,0,0,20180101,20261231
FYT_02311041830,1,1,1,1,1,0,0,20200318,20261231
FYT_02311042025,1,1,1,1,1,0,0,20180101,20261231
FYT_02311061300,1,1,1,1,1,0,0,20200318,20261231
FYT_02311100910,1,1,1,1,1,0,0,20200928,20261231
FYT_02311101050,1,1,1,1,1,0,0,20200318,20261231
FYT_02311102000,1,1,1,1,1,0,0,20200318,20261231
FYT_02311110945,0,0,0,0,0,1,1,20200101,20261231
FYT_02311111145,0,0,0,0,0,1,1,20200101,20261231
FYT_02311111245,0,0,0,0,0,1,1,20200101,20261231
FYT_02311111645,0,0,0,0,0,1,1,20200101,20261231
FYT_02311111945,0,0,0,0,0,1,1,20200101,20261231
FYT_02311112045,0,0,0,0,0,1,1,20200101,20261231
FYT_02320010550,1,1,1,1,1,0,0,20241202,20261231
FYT_02320010650,1,1,1,1,1,0,0,20241202,20261231
FYT_02320011700,1,1,1,1,1,0,0,20241202,20261231
FYT_02320040751,1,1,1,1,1,0,0,20241202,20261231
FYT_02320050845,1,1,1,1,1,0,0,20241202,20261231
FYT_02320050930,1,1,1,1,1,0,0,20241202,20261231
FYT_02320051030,1,1,1,1,1,0,0,20241202,20261231
FYT_02320051125,0,0,0,0,0,1,1,20241202,20261231
FYT_02320051200,1,1,1,1,1,0,0,20241202,20261231
FYT_02320051925,0,0,0,0,0,1,1,20241202,20261231
FYT_02320052010,1,1,1,1,1,0,0,20241202,20261231
FYT_02320060525,1,1,1,1,1,0,0,20241202,20261231
FYT_02320060755,1,1,1,1,1,0,0,20241202,20261231
FYT_02320060855,1,1,1,1,1,0,0,20241202,20261231
FYT_02320061020,1,1,1,1,1,0,0,20241202,20261231
FYT_02320061045,0,0,0,0,0,1,1,20241202,20261231
FYT_02320061200,1,1,1,1,1,0,0,20241202,20261231
FYT_02320061330,1,1,1,1,1,0,0,20241202,20261231
FYT_02320061535,1,1,1,1,1,0,0,20241202,20261231
FYT_02320061745,0,0,0,0,0,1,1,20241202,20261231
FYT_02320061920,1,1,1,1,1,0,0,20241202,20261231
FYT_02320062120,1,1,1,1,1,0,0,20241202,20261231
FYT_02320070910,1,1,1,1,1,0,0,20241202,20261231
FYT_02320071100,1,1,1,1,1,0,0,20241202,20261231
FYT_02320071600,1,1,1,1,1,0,0,20241202,20261231
FYT_02320071825,0,0,0,0,0,1,1,20241202,20261231
FYT_02320081230,1,1,1,1,1,0,0,20241202,20261231
FYT_02320091355,1,1,1,1,1,0,0,20241202,20261231
FYT_02320091800,1,1,1,1,1,0,0,20241202,20261231
FYT_02320092150,1,1,1,1,1,0,0,20241202,20261231
FYT_02330011400,1,1,1,1,1,0,0,20200101,20261231
FYT_02330011515,1,1,1,1,1,0,0,20200101,20261231
FYT_02330011600,1,1,1,1,1,0,0,20200101,20261231
FYT_02330012000,1,1,1,1,1,0,0,20200101,20261231
FYT_02330020720,1,1,1,1,1,0,0,20180101,20261231
FYT_02330020845,1,1,1,1,1,0,0,20200101,20261231
FYT_02330021045,1,1,1,1,1,0,0,20200101,20261231
FYT_02330021200,1,1,1,1,1,0,0,20200101,20261231
FYT_02330021330,1,1,1,1,1,0,0,20200101,20261231
FYT_02330021700,1,1,1,1,1,0,0,20200101,20261231
FYT_02330021730,1,1,1,1,1,0,0,20200101,20261231
FYT_02330021815,1,1,1,1,1,0,0,20200101,20261231
FYT_02331010800,1,1,1,1,1,0,0,20200101,20261231
FYT_02331011240,1,1,1,1,1,0,0,20200101,20261231
FYT_02331011410,1,1,1,1,1,0,0,20200101,20261231
FYT_02331011445,1,1,1,1,1,0,0,20200101,20261231
FYT_02331011545,1,1,1,1,1,0,0,20200101,20261231
FYT_02331011805,1,1,1,1,1,0,0,20200101,20261231
FYT_02331011855,1,1,1,1,1,0,0,20200101,20261231
FYT_02331012040,1,1,1,1,1,0,0,20200101,20261231
FYT_02331020950,1,1,1,1,1,0,0,20200101,20261231
FYT_02331021120,1,1,1,1,1,0,0,20200101,20261231
FYT_02331021645,1,1,1,1,1,0,0,20180101,20261231
FYT_02331021735,1,1,1,1,1,0,0,20200101,20261231
FYT_02341012225,1,1,1,1,1,0,0,20200101,20261231
FYT_02341021435,1,1,1,1,1,0,0,20200101,20261231
FYT_02360010730,1,1,1,1,1,0,0,20200101,20261231
FYT_02360010930,1,1,1,1,1,0,0,20200101,20261231
FYT_02360011200,1,1,1,1,1,0,0,20200101,20261231
FYT_02360011730,1,1,1,1,1,0,0,20201013,20261231
FYT_02360021515,1,1,1,1,1,0,0,20201013,20261231
FYT_02361010745,1,1,1,1,1,0,0,20200101,20261231
FYT_02361010945,1,1,1,1,1,0,0,20200101,20261231
FYT_02361011545,1,1,1,1,1,0,0,20201013,20261231
FYT_02361021215,1,1,1,1,1,0,0,20200113,20261231
FYT_02361021815,1,1,1,1,1,0,0,20201013,20261231
FYT_02400020705,1,1,1,1,1,0,0,20260907,20261231
FYT_02400020740,1,1,1,1,1,0,0,20260907,20261231
FYT_02400020940,0,0,0,0,0,1,1,20260907,20261231
FYT_02400020955,1,1,1,1,1,0,0,20260907,20261231
FYT_02400021030,1,1,1,1,1,0,0,20260907,20261231
FYT_02400021050,0,0,0,0,0,1,1,20260907,20261231
FYT_02400021140,1,1,1,1,1,0,0,20260907,20261231
FYT_02400021200,0,0,0,0,0,1,1,20260907,20261231
FYT_02400021250,1,1,1,1,1,0,0,20260907,20261231
FYT_02400021415,1,1,1,1,1,0,0,20260907,20261231
FYT_02400021525,1,1,1,1,1,0,0,20260907,20261231
FYT_02400021635,1,1,1,1,1,0,0,20260907,20261231
FYT_02400021640,0,0,0,0,0,1,1,20260907,20261231
FYT_02400021745,1,1,1,1,1,0,0,20260907,20261231
FYT_02400021750,0,0,0,0,0,1,1,20260907,20261231
FYT_02400021855,1,1,1,1,1,0,0,20260907,20261231
FYT_02400022005,1,1,1,1,1,0,0,20260907,20261231
FYT_02400022115,1,1,1,1,1,0,0,20260907,20261231
FYT_02400030815,1,1,1,1,1,0,0,20260907,20261231
FYT_02400030850,1,1,1,1,1,0,0,20260907,20261231
FYT_02400031310,0,0,0,0,0,1,1,20260907,20261231
FYT_02400031900,0,0,0,0,0,1,1,20260907,20261231
FYT_02400040645,1,1,1,1,1,0,0,20260907,20261231
FYT_02400040845,0,0,0,0,0,1,1,20260907,20261231
FYT_02400041545,0,0,0,0,0,1,1,20260907,20261231
FYT_02400051345,1,1,1,1,1,0,0,20260907,20261231
FYT_02401020640,1,1,1,1,1,0,0,20260907,20261231
FYT_02401020750,1,1,1,1,1,0,0,20260907,20261231
FYT_02401020825,1,1,1,1,1,0,0,20260907,20261231
FYT_02401021025,0,0,0,0,0,1,1,20260907,20261231
FYT_02401021115,1,1,1,1,1,0,0,20260907,20261231
FYT_02401021135,0,0,0,0,0,1,1,20260907,20261231
FYT_02401021225,1,1,1,1,1,0,0,20260907,20261231
FYT_02401021245,0,0,0,0,0,1,1,20260907,20261231
FYT_02401021335,1,1,1,1,1,0,0,20260907,20261231
FYT_02401021500,1,1,1,1,1,0,0,20260907,20261231
FYT_02401021610,1,1,1,1,1,0,0,20260907,20261231
FYT_02401021720,1,1,1,1,1,0,0,20260907,20261231
FYT_02401021725,0,0,0,0,0,1,1,20260907,20261231
FYT_02401021830,1,1,1,1,1,0,0,20260907,20261231
FYT_02401021835,0,0,0,0,0,1,1,20260907,20261231
FYT_02401021940,1,1,1,1,1,0,0,20260907,20261231
FYT_02401022050,1,1,1,1,1,0,0,20260907,20261231
FYT_02401030700,1,1,1,1,1,0,0,20260907,20261231
FYT_02401030900,0,0,0,0,0,1,1,20260907,20261231
FYT_02401030915,1,1,1,1,1,0,0,20260907,20261231
FYT_02401030950,1,1,1,1,1,0,0,20260907,20261231
FYT_02401031600,0,0,0,0,0,1,1,20260907,20261231
FYT_02401041410,0,0,0,0,0,1,1,20260907,20261231
FYT_02401051510,1,1,1,1,1,0,0,20260907,20261231
FYT_02500020730,1,1,1,1,1,0,0,20200914,20271231
FYT_02501021500,1,1,1,1,1,0,0,20200914,20271231
FYT_02510020620,1,1,1,1,1,0,0,20200914,20271231
FYT_02510020910,1,1,1,1,1,0,0,20200914,20261231
FYT_02510021140,1,1,1,1,1,0,0,20200914,20261231
FYT_02510021825,1,1,1,1,1,0,0,20200914,20261231
FYT_02600010830,1,1,1,1,1,0,0,20180101,20261231
FYT_02600010831,0,0,0,0,0,1,1,20180101,20261231
FYT_02600011030,0,0,0,0,0,1,1,20180101,20261231
FYT_02600011035,1,1,1,1,1,0,0,20180101,20261231
FYT_02600011235,0,0,0,0,0,1,1,20180101,20261231
FYT_02600011240,1,1,1,1,1,0,0,20180101,20261231
FYT_02600011440,0,0,0,0,0,1,1,20180101,20261231
FYT_02600011445,1,1,1,1,1,0,0,20180101,20261231
FYT_02600011650,0,0,0,0,0,1,1,20180101,20261231
FYT_02600011655,1,1,1,1,1,0,0,20180101,20261231
FYT_02600011850,0,0,0,0,0,1,1,20180101,20261231
FYT_02600011910,1,1,1,1,1,0,0,20180101,20261231
FYT_02600012050,0,0,0,0,0,1,1,20180101,20261231
FYT_02600012110,1,1,1,1,1,0,0,20180101,20261231
FYT_02600020920,1,1,1,1,1,0,0,20180101,20261231
FYT_02600021125,1,1,1,1,1,0,0,20180101,20261231
FYT_02600021330,1,1,1,1,1,0,0,20180101,20261231
FYT_02600021535,1,1,1,1,1,0,0,20180101,20261231
FYT_02600021740,1,1,1,1,1,0,0,20180101,20261231
FYT_02600022000,1,1,1,1,1,0,0,20180101,20261231
FYT_02600030655,1,1,1,1,1,0,0,20230906,20261231
FYT_02600040630,1,1,1,1,1,0,0,20180101,20261231
FYT_02600090815,1,1,1,1,1,0,0,20230906,20261231
FYT_02600120700,1,1,1,1,1,0,0,20180101,20271231
FYT_02601010708,1,1,1,1,1,0,0,20230906,20261231
FYT_02601010728,0,0,0,0,0,1,1,20180101,20261231
FYT_02601010928,0,0,0,0,0,1,1,20180101,20261231
FYT_02601010933,1,1,1,1,1,0,0,20180101,20261231
FYT_02601011128,0,0,0,0,0,1,1,20180101,20261231
FYT_02601011138,1,1,1,1,1,0,0,20180101,20261231
FYT_02601011333,0,0,0,0,0,1,1,20180101,20261231
FYT_02601011338,1,1,1,1,1,0,0,20180101,20261231
FYT_02601011543,1,1,1,1,1,0,0,20180101,20261231
FYT_02601011544,0,0,0,0,0,1,1,20180101,20261231
FYT_02601011743,0,0,0,0,0,1,1,20180101,20261231
FYT_02601011758,1,1,1,1,1,0,0,20180101,20261231
FYT_02601011943,0,0,0,0,0,1,1,20180101,20261231
FYT_02601012013,1,1,1,1,1,0,0,20180101,20261231
FYT_02601021023,1,1,1,1,1,0,0,20180101,20261231
FYT_02601021233,1,1,1,1,1,0,0,20180101,20261231
FYT_02601021433,1,1,1,1,1,0,0,20180101,20261231
FYT_02601021633,1,1,1,1,1,0,0,20180101,20261231
FYT_02601021848,1,1,1,1,1,0,0,20180101,20261231
FYT_02601032205,1,1,1,1,1,0,0,20180101,20261231
FYT_02601042115,1,1,1,1,1,0,0,20180101,20261231
FYT_02601060708,1,1,1,1,1,0,0,20180101,20261231
FYT_02601070755,1,1,1,1,1,0,0,20180101,20261231
FYT_02601121500,1,1,1,1,1,0,0,20180101,20271231
FYT_02800020100,1,1,1,1,1,0,0,20250428,20261231
FYT_02800020101,0,0,0,0,0,1,1,20250428,20261231
FYT_02800020200,0,0,0,0,0,1,1,20250428,20261231
FYT_02800030044,0,0,0,0,0,1,1,20250428,20261231
FYT_02800032344,0,0,0,0,1,1,0,20250428,20261231
FYT_02800032349,1,1,1,1,0,0,1,20250428,20261231
FYT_02800040305,1,1,1,1,1,0,0,20250428,20261231
FYT_02800040315,0,0,0,0,0,1,1,20250428,20261231
FYT_02800040415,0,0,0,0,0,1,1,20250428,20261231
FYT_02820010710,1,1,1,1,1,0,0,20250908,20271231
FYT_02821011435,1,1,1,1,1,0,0,20250908,20271231
FYT_02830010720,1,1,1,1,1,0,0,20250908,20271231
FYT_02831011430,1,1,1,1,1,0,0,20250908,20271231
FYT_02910090640,1,1,1,1,1,0,0,20250908,20261231
FYT_02910090755,1,1,1,1,1,0,0,20250908,20261231
FYT_02910090855,1,1,1,1,1,0,0,20250908,20261231
FYT_02910090955,1,1,1,1,1,0,0,20250908,20261231
FYT_02910091055,1,1,1,1,1,0,0,20250908,20261231
FYT_02910091155,1,1,1,1,1,0,0,20250908,20261231
FYT_02910091255,1,1,1,1,1,0,0,20250908,20261231
FYT_02910091355,1,1,1,1,1,0,0,20250908,20261231
FYT_02910091455,1,1,1,1,1,0,0,20250908,20261231
FYT_02910091555,1,1,1,1,1,0,0,20250908,20261231
FYT_02910091655,1,1,1,1,1,0,0,20250908,20261231
FYT_02910091755,1,1,1,1,1,0,0,20250908,20261231
FYT_02910091855,1,1,1,1,1,0,0,20250908,20261231
FYT_02910091955,1,1,1,1,1,0,0,20250908,20261231
FYT_02910092055,1,1,1,1,1,0,0,20250908,20261231
FYT_02930060825,1,1,1,1,1,0,0,20250908,20261231
FYT_02930060925,1,1,1,1,1,0,0,20250908,20261231
FYT_02930061025,1,1,1,1,1,0,0,20250908,20261231
FYT_02930061125,1,1,1,1,1,0,0,20250908,20261231
FYT_02930061225,1,1,1,1,1,0,0,20250908,20261231
FYT_02930061325,1,1,1,1,1,0,0,20250908,20261231
FYT_02930061525,1,1,1,1,1,0,0,20250908,20261231
FYT_02930061625,1,1,1,1,1,0,0,20250908,20261231
FYT_02930061725,1,1,1,1,1,0,0,20250908,20261231
FYT_02930061825,1,1,1,1,1,0,0,20250908,20261231
FYT_02930061925,1,1,1,1,1,0,0,20250908,20261231
FYT_02930062025,1,1,1,1,1,0,0,20250908,20261231
FYT_02960010902,1,1,1,1,1,0,0,20210101,20261231
FYT_02960011102,1,1,1,1,1,0,0,20210101,20261231
FYT_02960011302,1,1,1,1,1,0,0,20210101,20261231
FYT_02960091432,1,1,1,1,1,0,0,20210101,20261231
FYT_02960120830,0,0,0,0,0,1,0,20210101,20261231
FYT_02960120900,0,0,0,0,0,1,0,20210101,20261231
FYT_02960120930,0,0,0,0,0,1,0,20210101,20261231
FYT_02960121000,0,0,0,0,0,1,0,20210101,20261231
FYT_02960121030,0,0,0,0,0,1,0,20210101,20261231
FYT_02960121100,0,0,0,0,0,1,0,20210101,20261231
FYT_02960121130,0,0,0,0,0,1,0,20210101,20261231
FYT_02960121200,0,0,0,0,0,1,0,20210101,20261231
FYT_02960121230,0,0,0,0,0,1,0,20210101,20261231
FYT_02960121300,0,0,0,0,0,1,0,20210101,20261231
FYT_02960121330,0,0,0,0,0,1,0,20210101,20261231
FYT_02960130715,1,1,1,1,1,0,0,20210101,20261231
FYT_02960150932,1,1,1,1,1,0,0,20210101,20261231
FYT_02960151132,1,1,1,1,1,0,0,20220102,20261231
FYT_02960160802,1,1,1,1,1,0,0,20220102,20261231
FYT_02960161002,1,1,1,1,1,0,0,20220102,20261231
FYT_02960161202,1,1,1,1,1,0,0,20220102,20261231
FYT_02960161332,1,1,1,1,1,0,0,20220102,20261231
FYT_02960170835,1,1,1,1,1,0,0,20220102,20261231
FYT_02960171035,1,1,1,1,1,0,0,20220102,20261231
FYT_02960171235,1,1,1,1,1,0,0,20220102,20261231
FYT_02960171405,1,1,1,1,1,0,0,20220102,20261231
GAM_S1,1,1,1,1,1,0,0,20210923,20281231
GAM_S2,0,0,0,0,0,1,0,20240701,20281231
GAM_S22,1,1,1,1,1,1,1,20240930,20240930
GAM_S4,1,1,1,1,1,0,0,20240909,20241220
GAM_S6,1,1,1,1,1,1,0,20210923,20281231
GIR_Agost,0,0,0,0,0,0,0,20260801,20260831
GIR_DG_Flo,0,0,0,0,0,0,0,20230412,20230412
GIR_DS_Flo,0,0,0,0,0,0,0,20230412,20230412
GIR_DisFir,0,0,0,0,0,0,0,20231028,20231107
GIR_Dissabtes-26,0,0,0,0,0,1,0,20260901,20261231
GIR_DiuFir,0,0,0,0,0,0,0,20231028,20231107
GIR_Feiners-26,1,1,1,1,1,0,0,20260901,20261231
GIR_Festius-26,0,0,0,0,0,0,1,20260901,20261231
GRA_04080060625,1,1,1,1,1,0,0,20251201,20261231
GRA_04080060635,1,1,1,1,1,0,0,20251201,20261231
GRA_04080060715,1,1,1,1,1,0,0,20251201,20261231
GRA_04080060716,0,0,0,0,0,1,0,20251201,20261231
GRA_04080060740,1,1,1,1,1,0,0,20251201,20261231
GRA_04080060800,1,1,1,1,1,0,0,20251201,20261231
GRA_04080060820,0,0,0,0,0,1,0,20251201,20261231
GRA_04080060830,1,1,1,1,1,0,0,20251201,20261231
GRA_04080060855,1,1,1,1,1,0,0,20251201,20261231
GRA_04080060920,1,1,1,1,1,0,0,20251201,20261231
GRA_04080060925,0,0,0,0,0,1,0,20251201,20261231
GRA_04080060945,1,1,1,1,1,0,0,20251201,20261231
GRA_04080061010,1,1,1,1,1,0,0,20251201,20261231
GRA_04080061030,0,0,0,0,0,1,0,20251201,20261231
GRA_04080061035,1,1,1,1,1,0,0,20251201,20261231
GRA_04080061100,1,1,1,1,1,0,0,20251201,20261231
GRA_04080061125,1,1,1,1,1,0,0,20251201,20261231
GRA_04080061135,0,0,0,0,0,1,0,20251201,20261231
GRA_04080061150,1,1,1,1,1,0,0,20251201,20261231
GRA_04080061215,1,1,1,1,1,0,0,20251201,20261231
GRA_04080061240,1,1,1,1,1,0,0,20251201,20261231
GRA_04080061241,0,0,0,0,0,1,0,20251201,20261231
GRA_04080061305,1,1,1,1,1,0,0,20251201,20261231
GRA_04080061330,1,1,1,1,1,0,0,20251201,20261231
GRA_04080061345,0,0,0,0,0,1,0,20251201,20261231
GRA_04080061355,1,1,1,1,1,0,0,20251201,20261231
GRA_04080061420,1,1,1,1,1,0,0,20251201,20261231
GRA_04080061445,1,1,1,1,1,0,0,20251201,20261231
GRA_04080061450,0,0,0,0,0,1,0,20251201,20261231
GRA_04080061510,1,1,1,1,1,0,0,20251201,20261231
GRA_04080061535,1,1,1,1,1,0,0,20251201,20261231
GRA_04080061555,0,0,0,0,0,1,0,20251201,20261231
GRA_04080061600,1,1,1,1,1,0,0,20251201,20261231
GRA_04080061625,1,1,1,1,1,0,0,20251201,20261231
GRA_04080061650,1,1,1,1,1,0,0,20251201,20261231
GRA_04080061700,0,0,0,0,0,1,0,20251201,20261231
GRA_04080061715,1,1,1,1,1,0,0,20251201,20261231
GRA_04080061740,1,1,1,1,1,0,0,20251201,20261231
GRA_04080061805,1,1,1,1,1,0,0,20251201,20261231
GRA_04080061806,0,0,0,0,0,1,0,20251201,20261231
GRA_04080061830,1,1,1,1,1,0,0,20251201,20261231
GRA_04080061855,1,1,1,1,1,0,0,20251201,20261231
GRA_04080061910,0,0,0,0,0,1,0,20251201,20261231
GRA_04080061920,1,1,1,1,1,0,0,20251201,20261231
GRA_04080061945,1,1,1,1,1,0,0,20251201,20261231
GRA_04080062010,1,1,1,1,1,0,0,20251201,20261231
GRA_04080062015,0,0,0,0,0,1,0,20251201,20261231
GRA_04080062035,1,1,1,1,1,0,0,20251201,20261231
GRA_04080062100,1,1,1,1,1,0,0,20251201,20261231
GRA_04080062120,0,0,0,0,0,1,0,20251201,20261231
GRA_04080062125,1,1,1,1,1,0,0,20251201,20261231
GRA_04080062150,1,1,1,1,1,0,0,20251201,20261231
GRA_04080070609,1,1,1,1,1,0,0,20251201,20261231
GRA_04080082225,0,0,0,0,0,1,0,20251201,20261231
GRA_04081060634,1,1,1,1,1,0,0,20251201,20261231
GRA_04081060659,1,1,1,1,1,0,0,20251201,20261231
GRA_04081060709,1,1,1,1,1,0,0,20251201,20261231
GRA_04081060748,0,0,0,0,0,1,0,20251201,20261231
GRA_04081060749,1,1,1,1,1,0,0,20251201,20261231
GRA_04081060814,1,1,1,1,1,0,0,20251201,20261231
GRA_04081060834,1,1,1,1,1,0,0,20251201,20261231
GRA_04081060853,0,0,0,0,0,1,0,20251201,20261231
GRA_04081060904,1,1,1,1,1,0,0,20251201,20261231
GRA_04081060929,1,1,1,1,1,0,0,20251201,20261231
GRA_04081060954,1,1,1,1,1,0,0,20251201,20261231
GRA_04081060958,0,0,0,0,0,1,0,20251201,20261231
GRA_04081061019,1,1,1,1,1,0,0,20251201,20261231
GRA_04081061044,1,1,1,1,1,0,0,20251201,20261231
GRA_04081061103,0,0,0,0,0,1,0,20251201,20261231
GRA_04081061109,1,1,1,1,1,0,0,20251201,20261231
GRA_04081061134,1,1,1,1,1,0,0,20251201,20261231
GRA_04081061159,1,1,1,1,1,0,0,20251201,20261231
GRA_04081061208,0,0,0,0,0,1,0,20251201,20261231
GRA_04081061224,1,1,1,1,1,0,0,20251201,20261231
GRA_04081061249,1,1,1,1,1,0,0,20251201,20261231
GRA_04081061313,0,0,0,0,0,1,0,20251201,20261231
GRA_04081061314,1,1,1,1,1,0,0,20251201,20261231
GRA_04081061339,1,1,1,1,1,0,0,20251201,20261231
GRA_04081061404,1,1,1,1,1,0,0,20251201,20261231
GRA_04081061418,0,0,0,0,0,1,0,20251201,20261231
GRA_04081061429,1,1,1,1,1,0,0,20251201,20261231
GRA_04081061454,1,1,1,1,1,0,0,20251201,20261231
GRA_04081061519,1,1,1,1,1,0,0,20251201,20261231
GRA_04081061523,0,0,0,0,0,1,0,20251201,20261231
GRA_04081061544,1,1,1,1,1,0,0,20251201,20261231
GRA_04081061609,1,1,1,1,1,0,0,20251201,20261231
GRA_04081061628,0,0,0,0,0,1,0,20251201,20261231
GRA_04081061634,1,1,1,1,1,0,0,20251201,20261231
GRA_04081061659,1,1,1,1,1,0,0,20251201,20261231
GRA_04081061724,1,1,1,1,1,0,0,20251201,20261231
GRA_04081061733,0,0,0,0,0,1,0,20251201,20261231
GRA_04081061749,1,1,1,1,1,0,0,20251201,20261231
GRA_04081061814,1,1,1,1,1,0,0,20251201,20261231
GRA_04081061838,0,0,0,0,0,1,0,20251201,20261231
GRA_04081061839,1,1,1,1,1,0,0,20251201,20261231
GRA_04081061904,1,1,1,1,1,0,0,20251201,20261231
GRA_04081061929,1,1,1,1,1,0,0,20251201,20261231
GRA_04081061943,0,0,0,0,0,1,0,20251201,20261231
GRA_04081061954,1,1,1,1,1,0,0,20251201,20261231
GRA_04081062019,1,1,1,1,1,0,0,20251201,20261231
GRA_04081062044,1,1,1,1,1,0,0,20251201,20261231
GRA_04081062048,0,0,0,0,0,1,0,20251201,20261231
GRA_04081062109,1,1,1,1,1,0,0,20251201,20261231
GRA_04081062134,1,1,1,1,1,0,0,20251201,20261231
GRA_04081062153,0,0,0,0,0,1,0,20251201,20261231
GRA_04081062159,1,1,1,1,1,0,0,20251201,20261231
GRA_04081072224,1,1,1,1,1,0,0,20251201,20261231
GRA_05120040655,1,1,1,1,1,0,0,20250317,20261231
GRA_05120041110,1,1,1,1,1,0,0,20250317,20261231
GRA_05120041450,1,1,1,1,1,0,0,20250317,20261231
GRA_05120041600,1,1,1,1,1,0,0,20250317,20261231
GRA_05120051900,1,1,1,1,1,0,0,20250317,20261231
GRA_05121060727,1,1,1,1,1,0,0,20250317,20261231
GRA_05121061142,1,1,1,1,1,0,0,20250317,20261231
GRA_05121061522,1,1,1,1,1,0,0,20250317,20261231
GRA_05121061632,1,1,1,1,1,0,0,20250317,20261231
GRA_05121071923,1,1,1,1,1,0,0,20250317,20261231
GRA_05590010656,1,1,1,1,0,0,0,20240902,20261231
GRA_05590010755,1,1,1,1,0,1,0,20240902,20261231
GRA_05590010854,1,1,1,1,0,1,1,20240902,20261231
GRA_05590010954,1,1,1,1,0,1,1,20240902,20261231
GRA_05590011054,1,1,1,1,0,1,1,20240902,20261231
GRA_05590011154,1,1,1,1,0,1,1,20240902,20261231
GRA_05590011254,1,1,1,1,0,1,1,20240902,20261231
GRA_05590011354,1,1,1,1,0,1,1,20240902,20261231
GRA_05590011454,1,1,1,1,0,1,1,20240902,20261231
GRA_05590011554,1,1,1,1,1,1,1,20240902,20261231
GRA_05590011654,1,1,1,1,1,1,1,20240902,20261231
GRA_05590011754,1,1,1,1,1,1,1,20240902,20261231
GRA_05590011854,1,1,1,1,1,1,1,20240902,20261231
GRA_05590011954,1,1,1,1,1,1,1,20240902,20261231
GRA_05590012054,1,1,1,1,1,0,0,20240902,20261231
GRA_05590022154,1,1,1,1,1,0,0,20240902,20261231
GRA_05590030656,0,0,0,0,1,0,0,20240902,20261231
GRA_05590030755,0,0,0,0,1,0,0,20240902,20261231
GRA_05590030854,0,0,0,0,1,0,0,20240902,20261231
GRA_05590030954,0,0,0,0,1,0,0,20240902,20261231
GRA_05590031054,0,0,0,0,1,0,0,20240902,20261231
GRA_05590031154,0,0,0,0,1,0,0,20240902,20261231
GRA_05590031254,0,0,0,0,1,0,0,20240902,20261231
GRA_05590031354,0,0,0,0,1,0,0,20240902,20261231
GRA_05590031454,0,0,0,0,1,0,0,20240902,20261231
GRA_05591020640,1,1,1,1,0,0,0,20240902,20261231
GRA_05591020702,0,0,0,0,0,1,1,20180101,20261231
GRA_05591020742,0,0,0,0,0,1,0,20240902,20261231
GRA_05591040640,0,0,0,0,1,0,0,20240902,20261231
GRA_05591050725,1,1,1,1,0,0,0,20240902,20261231
GRA_05591050824,1,1,1,1,0,1,0,20240902,20261231
GRA_05591050923,1,1,1,1,0,1,1,20240902,20261231
GRA_05591051023,1,1,1,1,0,1,1,20240902,20261231
GRA_05591051123,1,1,1,1,0,1,1,20240902,20261231
GRA_05591051223,1,1,1,1,0,1,1,20240902,20261231
GRA_05591051323,1,1,1,1,0,1,1,20240902,20261231
GRA_05591051423,1,1,1,1,0,1,1,20240902,20261231
GRA_05591051523,1,1,1,1,1,1,1,20240902,20261231
GRA_05591051623,1,1,1,1,1,1,1,20240902,20261231
GRA_05591051723,1,1,1,1,1,1,1,20240902,20261231
GRA_05591051823,1,1,1,1,1,1,1,20240902,20261231
GRA_05591051923,1,1,1,1,1,1,1,20240902,20261231
GRA_05591052023,1,1,1,1,1,1,1,20240902,20261231
GRA_05591052123,1,1,1,1,1,0,0,20240902,20261231
GRA_05591060725,0,0,0,0,1,0,0,20240902,20261231
GRA_05591060824,0,0,0,0,1,0,0,20240902,20261231
GRA_05591060923,0,0,0,0,1,0,0,20240902,20261231
GRA_05591061023,0,0,0,0,1,0,0,20240902,20261231
GRA_05591061123,0,0,0,0,1,0,0,20240902,20261231
GRA_05591061223,0,0,0,0,1,0,0,20240902,20261231
GRA_05591061323,0,0,0,0,1,0,0,20240902,20261231
GRA_05591061423,0,0,0,0,1,0,0,20240902,20261231
GRA_05900100716,1,1,1,1,0,1,1,20240902,20261231
GRA_05900100734,1,1,1,1,0,0,0,20240902,20261231
GRA_05900100816,1,1,1,1,0,1,1,20240902,20261231
GRA_05900100834,1,1,1,1,0,0,0,20240902,20261231
GRA_05900100916,1,1,1,1,0,1,1,20240902,20261231
GRA_05900100934,1,1,1,1,0,0,0,20240902,20261231
GRA_05900101016,1,1,1,1,0,1,1,20240902,20261231
GRA_05900101034,1,1,1,1,0,0,0,20240902,20261231
GRA_05900101116,1,1,1,1,0,1,1,20240902,20261231
GRA_05900101134,1,1,1,1,0,0,0,20240902,20261231
GRA_05900101216,1,1,1,1,0,1,1,20240902,20261231
GRA_05900101234,1,1,1,1,0,0,0,20240902,20261231
GRA_05900101316,1,1,1,1,0,1,1,20240902,20261231
GRA_05900101334,1,1,1,1,0,0,0,20240902,20261231
GRA_05900101416,1,1,1,1,0,1,1,20240902,20261231
GRA_05900101434,1,1,1,1,0,0,0,20240902,20261231
GRA_05900101516,1,1,1,1,1,1,1,20240902,20261231
GRA_05900101534,1,1,1,1,1,0,0,20240902,20261231
GRA_05900101616,1,1,1,1,1,1,1,20240902,20261231
GRA_05900101634,1,1,1,1,1,0,0,20240902,20261231
GRA_05900101716,1,1,1,1,1,1,1,20240902,20261231
GRA_05900101734,1,1,1,1,1,0,0,20240902,20261231
GRA_05900101816,1,1,1,1,1,1,1,20240902,20261231
GRA_05900101834,1,1,1,1,1,0,0,20240902,20261231
GRA_05900101916,1,1,1,1,1,1,1,20240902,20261231
GRA_05900101934,1,1,1,1,1,0,0,20240902,20261231
GRA_05900102016,1,1,1,1,1,1,1,20240902,20261231
GRA_05900102034,1,1,1,1,1,0,0,20240902,20261231
GRA_05900102132,1,1,1,1,1,0,0,20240902,20261231
GRA_05900110618,1,1,1,1,0,0,0,20240902,20261231
GRA_05900110634,1,1,1,1,0,0,0,20240902,20261231
GRA_05900170716,0,0,0,0,1,0,0,20240902,20261231
GRA_05900170734,0,0,0,0,1,0,0,20240902,20261231
GRA_05900170816,0,0,0,0,1,0,0,20240902,20261231
GRA_05900170834,0,0,0,0,1,0,0,20240902,20261231
GRA_05900170916,0,0,0,0,1,0,0,20240902,20261231
GRA_05900170934,0,0,0,0,1,0,0,20240902,20261231
GRA_05900171016,0,0,0,0,1,0,0,20240902,20261231
GRA_05900171034,0,0,0,0,1,0,0,20240902,20261231
GRA_05900171116,0,0,0,0,1,0,0,20240902,20261231
GRA_05900171134,0,0,0,0,1,0,0,20240902,20261231
GRA_05900171216,0,0,0,0,1,0,0,20240902,20261231
GRA_05900171234,0,0,0,0,1,0,0,20240902,20261231
GRA_05900171316,0,0,0,0,1,0,0,20240902,20261231
GRA_05900171334,0,0,0,0,1,0,0,20240902,20261231
GRA_05900171416,0,0,0,0,1,0,0,20240902,20261231
GRA_05900171434,0,0,0,0,1,0,0,20240902,20261231
GRA_05900190618,0,0,0,0,1,0,0,20240902,20261231
GRA_05900190634,0,0,0,0,1,0,0,20240902,20261231
GRA_05900262116,1,1,1,1,1,0,0,20240902,20261231
GRA_05901010752,1,1,1,1,0,1,1,20240902,20261231
GRA_05901010810,1,1,1,1,0,0,0,20240902,20261231
GRA_05901010852,1,1,1,1,0,1,1,20240902,20261231
GRA_05901010910,1,1,1,1,0,0,0,20240902,20261231
GRA_05901010952,1,1,1,1,0,1,1,20240902,20261231
GRA_05901011010,1,1,1,1,0,0,0,20240902,20261231
GRA_05901011052,1,1,1,1,0,1,1,20240902,20261231
GRA_05901011110,1,1,1,1,0,0,0,20240902,20261231
GRA_05901011152,1,1,1,1,0,1,1,20240902,20261231
GRA_05901011210,1,1,1,1,0,0,0,20240902,20261231
GRA_05901011252,1,1,1,1,0,1,1,20240902,20261231
GRA_05901011310,1,1,1,1,0,0,0,20240902,20261231
GRA_05901011352,1,1,1,1,0,1,1,20240902,20261231
GRA_05901011410,1,1,1,1,0,0,0,20240902,20261231
GRA_05901011452,1,1,1,1,0,1,1,20240902,20261231
GRA_05901011510,1,1,1,1,1,0,0,20240902,20261231
GRA_05901011552,1,1,1,1,1,1,1,20240902,20261231
GRA_05901011610,1,1,1,1,1,0,0,20240902,20261231
GRA_05901011652,1,1,1,1,1,1,1,20240902,20261231
GRA_05901011710,1,1,1,1,1,0,0,20240902,20261231
GRA_05901011752,1,1,1,1,1,1,1,20240902,20261231
GRA_05901011810,1,1,1,1,1,0,0,20240902,20261231
GRA_05901011852,1,1,1,1,1,1,1,20240902,20261231
GRA_05901011910,1,1,1,1,1,0,0,20240902,20261231
GRA_05901011952,1,1,1,1,1,1,1,20240902,20261231
GRA_05901012010,1,1,1,1,1,0,0,20240902,20261231
GRA_05901012052,1,1,1,1,1,0,0,20240902,20261231
GRA_05901020650,1,1,1,1,0,0,0,20240902,20261231
GRA_05901020706,1,1,1,1,0,0,0,20240902,20261231
GRA_05901040606,1,1,1,1,0,0,0,20240902,20261231
GRA_05901040622,1,1,1,1,0,0,0,20240902,20261231
GRA_05901070650,0,0,0,0,1,0,0,20240902,20261231
GRA_05901070706,0,0,0,0,1,0,0,20240902,20261231
GRA_05901152105,1,1,1,1,1,0,0,20240902,20261231
GRA_05901170752,0,0,0,0,1,0,0,20240902,20261231
GRA_05901170810,0,0,0,0,1,0,0,20240902,20261231
GRA_05901170852,0,0,0,0,1,0,0,20240902,20261231
GRA_05901170910,0,0,0,0,1,0,0,20240902,20261231
GRA_05901170952,0,0,0,0,1,0,0,20240902,20261231
GRA_05901171010,0,0,0,0,1,0,0,20240902,20261231
GRA_05901171052,0,0,0,0,1,0,0,20240902,20261231
GRA_05901171110,0,0,0,0,1,0,0,20240902,20261231
GRA_05901171152,0,0,0,0,1,0,0,20240902,20261231
GRA_05901171210,0,0,0,0,1,0,0,20240902,20261231
GRA_05901171252,0,0,0,0,1,0,0,20240902,20261231
GRA_05901171310,0,0,0,0,1,0,0,20240902,20261231
GRA_05901171352,0,0,0,0,1,0,0,20240902,20261231
GRA_05901171410,0,0,0,0,1,0,0,20240902,20261231
GRA_05901171452,0,0,0,0,1,0,0,20240902,20261231
GRA_05901180606,0,0,0,0,1,0,0,20240902,20261231
GRA_05901180622,0,0,0,0,1,0,0,20240902,20261231
GRA_05901252208,1,1,1,1,1,0,0,20240902,20261231
GRA_09010110605,1,1,1,1,1,0,0,20251201,20261231
GRA_09010110625,1,1,1,1,1,0,0,20251201,20261231
GRA_09010110738,0,0,0,0,0,1,1,20251201,20261231
GRA_09010120620,1,1,1,1,1,0,0,20251201,20261231
GRA_09010120640,1,1,1,1,1,0,0,20251201,20261231
GRA_09010120700,1,1,1,1,1,0,0,20251201,20261231
GRA_09010120720,1,1,1,1,1,0,0,20251201,20261231
GRA_09010120740,1,1,1,1,1,0,0,20251201,20261231
GRA_09010120745,0,0,0,0,0,1,1,20251201,20261231
GRA_09010120800,1,1,1,1,1,0,0,20251201,20261231
GRA_09010120820,1,1,1,1,1,0,0,20251201,20261231
GRA_09010120821,0,0,0,0,0,1,1,20251201,20261231
GRA_09010120840,1,1,1,1,1,0,0,20251201,20261231
GRA_09010120850,0,0,0,0,0,1,1,20251201,20261231
GRA_09010120900,1,1,1,1,1,0,0,20251201,20261231
GRA_09010120920,1,1,1,1,1,0,0,20251201,20261231
GRA_09010120925,0,0,0,0,0,1,1,20251201,20261231
GRA_09010120940,1,1,1,1,1,0,0,20251201,20261231
GRA_09010120955,0,0,0,0,0,1,1,20251201,20261231
GRA_09010121000,1,1,1,1,1,0,0,20251201,20261231
GRA_09010121020,1,1,1,1,1,0,0,20251201,20261231
GRA_09010121030,0,0,0,0,0,1,1,20251201,20261231
GRA_09010121040,1,1,1,1,1,0,0,20251201,20261231
GRA_09010121100,1,1,1,1,1,0,0,20251201,20261231
GRA_09010121101,0,0,0,0,0,1,1,20251201,20261231
GRA_09010121120,1,1,1,1,1,0,0,20251201,20261231
GRA_09010121135,0,0,0,0,0,1,1,20251201,20261231
GRA_09010121140,1,1,1,1,1,0,0,20251201,20261231
GRA_09010121200,1,1,1,1,1,0,0,20251201,20261231
GRA_09010121205,0,0,0,0,0,1,1,20251201,20261231
GRA_09010121220,1,1,1,1,1,0,0,20251201,20261231
GRA_09010121240,1,1,1,1,1,0,0,20251201,20261231
GRA_09010121241,0,0,0,0,0,1,1,20251201,20261231
GRA_09010121300,1,1,1,1,1,0,0,20251201,20261231
GRA_09010121310,0,0,0,0,0,1,1,20251201,20261231
GRA_09010121320,1,1,1,1,1,0,0,20251201,20261231
GRA_09010121340,1,1,1,1,1,0,0,20251201,20261231
GRA_09010121345,0,0,0,0,0,1,1,20251201,20261231
GRA_09010121400,1,1,1,1,1,0,0,20251201,20261231
GRA_09010121415,0,0,0,0,0,1,1,20251201,20261231
GRA_09010121420,1,1,1,1,1,0,0,20251201,20261231
GRA_09010121440,1,1,1,1,1,0,0,20251201,20261231
GRA_09010121450,0,0,0,0,0,1,1,20251201,20261231
GRA_09010121500,1,1,1,1,1,0,0,20251201,20261231
GRA_09010121520,1,1,1,1,1,0,0,20251201,20261231
GRA_09010121521,0,0,0,0,0,1,1,20251201,20261231
GRA_09010121540,1,1,1,1,1,0,0,20251201,20261231
GRA_09010121555,0,0,0,0,0,1,1,20251201,20261231
GRA_09010121600,1,1,1,1,1,0,0,20251201,20261231
GRA_09010121620,1,1,1,1,1,0,0,20251201,20261231
GRA_09010121625,0,0,0,0,0,1,1,20251201,20261231
GRA_09010121640,1,1,1,1,1,0,0,20251201,20261231
GRA_09010121700,1,1,1,1,1,0,0,20251201,20261231
GRA_09010121701,0,0,0,0,0,1,1,20251201,20261231
GRA_09010121720,1,1,1,1,1,0,0,20251201,20261231
GRA_09010121730,0,0,0,0,0,1,1,20251201,20261231
GRA_09010121740,1,1,1,1,1,0,0,20251201,20261231
GRA_09010121800,1,1,1,1,1,0,0,20251201,20261231
GRA_09010121805,0,0,0,0,0,1,1,20251201,20261231
GRA_09010121820,1,1,1,1,1,0,0,20251201,20261231
GRA_09010121835,0,0,0,0,0,1,1,20251201,20261231
GRA_09010121840,1,1,1,1,1,0,0,20251201,20261231
GRA_09010121900,1,1,1,1,1,0,0,20251201,20261231
GRA_09010121910,0,0,0,0,0,1,1,20251201,20261231
GRA_09010121920,1,1,1,1,1,0,0,20251201,20261231
GRA_09010121940,1,1,1,1,1,0,0,20251201,20261231
GRA_09010121941,0,0,0,0,0,1,1,20251201,20261231
GRA_09010122000,1,1,1,1,1,0,0,20251201,20261231
GRA_09010122015,0,0,0,0,0,1,1,20251201,20261231
GRA_09010122020,1,1,1,1,1,0,0,20251201,20261231
GRA_09010122040,1,1,1,1,1,0,0,20251201,20261231
GRA_09010122045,0,0,0,0,0,1,1,20251201,20261231
GRA_09010122100,1,1,1,1,1,0,0,20251201,20261231
GRA_09010122120,1,1,1,1,1,0,0,20251201,20261231
GRA_09010122121,0,0,0,0,0,1,1,20251201,20261231
GRA_09010122140,1,1,1,1,1,0,0,20251201,20261231
GRA_09010122150,0,0,0,0,0,1,1,20251201,20261231
GRA_09010122200,1,1,1,1,1,0,0,20251201,20261231
GRA_09010122220,1,1,1,1,1,0,0,20251201,20261231
GRA_09010122225,0,0,0,0,0,1,0,20251201,20261231
GRA_09010132225,0,0,0,0,0,0,1,20251201,20261231
GRA_09010132240,1,1,1,1,1,0,0,20251201,20261231
GRA_09010132255,0,0,0,0,0,1,0,20251201,20261231
GRA_09011030616,1,1,1,1,1,0,0,20251201,20261231
GRA_09011030636,1,1,1,1,1,0,0,20251201,20261231
GRA_09011030656,1,1,1,1,1,0,0,20251201,20261231
GRA_09011030716,1,1,1,1,1,0,0,20251201,20261231
GRA_09011030736,1,1,1,1,1,0,0,20251201,20261231
GRA_09011030747,0,0,0,0,0,1,1,20251201,20261231
GRA_09011030756,1,1,1,1,1,0,0,20251201,20261231
GRA_09011030816,1,1,1,1,1,0,0,20251201,20261231
GRA_09011030817,0,0,0,0,0,1,1,20251201,20261231
GRA_09011030836,1,1,1,1,1,0,0,20251201,20261231
GRA_09011030852,0,0,0,0,0,1,1,20251201,20261231
GRA_09011030856,1,1,1,1,1,0,0,20251201,20261231
GRA_09011030916,1,1,1,1,1,0,0,20251201,20261231
GRA_09011030922,0,0,0,0,0,1,1,20251201,20261231
GRA_09011030936,1,1,1,1,1,0,0,20251201,20261231
GRA_09011030956,1,1,1,1,1,0,0,20251201,20261231
GRA_09011030957,0,0,0,0,0,1,1,20251201,20261231
GRA_09011031016,1,1,1,1,1,0,0,20251201,20261231
GRA_09011031027,0,0,0,0,0,1,1,20251201,20261231
GRA_09011031036,1,1,1,1,1,0,0,20251201,20261231
GRA_09011031056,1,1,1,1,1,0,0,20251201,20261231
GRA_09011031102,0,0,0,0,0,1,1,20251201,20261231
GRA_09011031116,1,1,1,1,1,0,0,20251201,20261231
GRA_09011031132,0,0,0,0,0,1,1,20251201,20261231
GRA_09011031136,1,1,1,1,1,0,0,20251201,20261231
GRA_09011031156,1,1,1,1,1,0,0,20251201,20261231
GRA_09011031207,0,0,0,0,0,1,1,20251201,20261231
GRA_09011031216,1,1,1,1,1,0,0,20251201,20261231
GRA_09011031236,1,1,1,1,1,0,0,20251201,20261231
GRA_09011031237,0,0,0,0,0,1,1,20251201,20261231
GRA_09011031256,1,1,1,1,1,0,0,20251201,20261231
GRA_09011031312,0,0,0,0,0,1,1,20251201,20261231
GRA_09011031316,1,1,1,1,1,0,0,20251201,20261231
GRA_09011031336,1,1,1,1,1,0,0,20251201,20261231
GRA_09011031342,0,0,0,0,0,1,1,20251201,20261231
GRA_09011031356,1,1,1,1,1,0,0,20251201,20261231
GRA_09011031416,1,1,1,1,1,0,0,20251201,20261231
GRA_09011031417,0,0,0,0,0,1,1,20251201,20261231
GRA_09011031436,1,1,1,1,1,0,0,20251201,20261231
GRA_09011031447,0,0,0,0,0,1,1,20251201,20261231
GRA_09011031456,1,1,1,1,1,0,0,20251201,20261231
GRA_09011031516,1,1,1,1,1,0,0,20251201,20261231
GRA_09011031522,0,0,0,0,0,1,1,20251201,20261231
GRA_09011031536,1,1,1,1,1,0,0,20251201,20261231
GRA_09011031552,0,0,0,0,0,1,1,20251201,20261231
GRA_09011031556,1,1,1,1,1,0,0,20251201,20261231
GRA_09011031616,1,1,1,1,1,0,0,20251201,20261231
GRA_09011031627,0,0,0,0,0,1,1,20251201,20261231
GRA_09011031636,1,1,1,1,1,0,0,20251201,20261231
GRA_09011031656,1,1,1,1,1,0,0,20251201,20261231
GRA_09011031657,0,0,0,0,0,1,1,20251201,20261231
GRA_09011031716,1,1,1,1,1,0,0,20251201,20261231
GRA_09011031732,0,0,0,0,0,1,1,20251201,20261231
GRA_09011031736,1,1,1,1,1,0,0,20251201,20261231
GRA_09011031756,1,1,1,1,1,0,0,20251201,20261231
GRA_09011031802,0,0,0,0,0,1,1,20251201,20261231
GRA_09011031816,1,1,1,1,1,0,0,20251201,20261231
GRA_09011031836,1,1,1,1,1,0,0,20251201,20261231
GRA_09011031837,0,0,0,0,0,1,1,20251201,20261231
GRA_09011031856,1,1,1,1,1,0,0,20251201,20261231
GRA_09011031907,0,0,0,0,0,1,1,20251201,20261231
GRA_09011031916,1,1,1,1,1,0,0,20251201,20261231
GRA_09011031936,1,1,1,1,1,0,0,20251201,20261231
GRA_09011031942,0,0,0,0,0,1,1,20251201,20261231
GRA_09011031956,1,1,1,1,1,0,0,20251201,20261231
GRA_09011032012,0,0,0,0,0,1,1,20251201,20261231
GRA_09011032016,1,1,1,1,1,0,0,20251201,20261231
GRA_09011032036,1,1,1,1,1,0,0,20251201,20261231
GRA_09011032047,0,0,0,0,0,1,1,20251201,20261231
GRA_09011032056,1,1,1,1,1,0,0,20251201,20261231
GRA_09011032116,1,1,1,1,1,0,0,20251201,20261231
GRA_09011032117,0,0,0,0,0,1,1,20251201,20261231
GRA_09011032136,1,1,1,1,1,0,0,20251201,20261231
GRA_09011032152,0,0,0,0,0,1,1,20251201,20261231
GRA_09011032156,1,1,1,1,1,0,0,20251201,20261231
GRA_09011032216,1,1,1,1,1,0,0,20251201,20261231
GRA_09011032222,0,0,0,0,0,1,0,20251201,20261231
GRA_09011050731,0,0,0,0,0,1,0,20240902,20261231
GRA_09011112236,1,1,1,1,1,0,0,20251201,20261231
GRA_09011112256,1,1,1,1,1,0,0,20251201,20261231
GRA_09011112257,0,0,0,0,0,1,0,20251201,20261231
GRA_09030030640,1,1,1,1,1,0,0,20251201,20261231
GRA_09030030720,1,1,1,1,1,0,0,20251201,20261231
GRA_09030030800,1,1,1,1,1,0,0,20251201,20261231
GRA_09030030840,1,1,1,1,1,0,0,20251201,20261231
GRA_09030030920,1,1,1,1,1,0,0,20251201,20261231
GRA_09030031000,1,1,1,1,1,0,0,20251201,20261231
GRA_09030031040,1,1,1,1,1,0,0,20251201,20261231
GRA_09030031120,1,1,1,1,1,0,0,20251201,20261231
GRA_09030031200,1,1,1,1,1,0,0,20251201,20261231
GRA_09030031240,1,1,1,1,1,0,0,20251201,20261231
GRA_09030031320,1,1,1,1,1,0,0,20251201,20261231
GRA_09030031400,1,1,1,1,1,0,0,20251201,20261231
GRA_09030031440,1,1,1,1,1,0,0,20251201,20261231
GRA_09030031520,1,1,1,1,1,0,0,20251201,20261231
GRA_09030031600,1,1,1,1,1,0,0,20251201,20261231
GRA_09030031640,1,1,1,1,1,0,0,20251201,20261231
GRA_09030031720,1,1,1,1,1,0,0,20251201,20261231
GRA_09030031800,1,1,1,1,1,0,0,20251201,20261231
GRA_09030031840,1,1,1,1,1,0,0,20251201,20261231
GRA_09030031920,1,1,1,1,1,0,0,20251201,20261231
GRA_09030032000,1,1,1,1,1,0,0,20251201,20261231
GRA_09030032040,1,1,1,1,1,0,0,20251201,20261231
GRA_09030032120,1,1,1,1,1,0,0,20251201,20261231
GRA_09030032200,1,1,1,1,1,0,0,20251201,20261231
GRA_09030042240,1,1,1,1,1,0,0,20251201,20261231
GRA_09031040620,1,1,1,1,1,0,0,20251201,20261231
GRA_09031040700,1,1,1,1,1,0,0,20251201,20261231
GRA_09031040740,1,1,1,1,1,0,0,20251201,20261231
GRA_09031040820,1,1,1,1,1,0,0,20251201,20261231
GRA_09031040900,1,1,1,1,1,0,0,20251201,20261231
GRA_09031040940,1,1,1,1,1,0,0,20251201,20261231
GRA_09031041020,1,1,1,1,1,0,0,20251201,20261231
GRA_09031041100,1,1,1,1,1,0,0,20251201,20261231
GRA_09031041140,1,1,1,1,1,0,0,20251201,20261231
GRA_09031041220,1,1,1,1,1,0,0,20251201,20261231
GRA_09031041300,1,1,1,1,1,0,0,20251201,20261231
GRA_09031041340,1,1,1,1,1,0,0,20251201,20261231
GRA_09031041420,1,1,1,1,1,0,0,20251201,20261231
GRA_09031041500,1,1,1,1,1,0,0,20251201,20261231
GRA_09031041540,1,1,1,1,1,0,0,20251201,20261231
GRA_09031041620,1,1,1,1,1,0,0,20251201,20261231
GRA_09031041700,1,1,1,1,1,0,0,20251201,20261231
GRA_09031041740,1,1,1,1,1,0,0,20251201,20261231
GRA_09031041820,1,1,1,1,1,0,0,20251201,20261231
GRA_09031041900,1,1,1,1,1,0,0,20251201,20261231
GRA_09031041940,1,1,1,1,1,0,0,20251201,20261231
GRA_09031042020,1,1,1,1,1,0,0,20251201,20261231
GRA_09031042100,1,1,1,1,1,0,0,20251201,20261231
GRA_09031042140,1,1,1,1,1,0,0,20251201,20261231
GRA_09031042220,1,1,1,1,1,0,0,20251201,20261231
GRA_09140010642,1,1,1,1,1,0,0,20251201,20261231
GRA_09140020733,1,1,1,1,1,0,0,20251201,20261231
GRA_09140020923,1,1,1,1,1,0,0,20251201,20261231
GRA_09140021817,1,1,1,1,1,0,0,20251201,20261231
GRA_09140022007,1,1,1,1,1,0,0,20251201,20261231
GRA_09140030833,1,1,1,1,1,0,0,20251201,20261231
GRA_09140031023,1,1,1,1,1,0,0,20251201,20261231
GRA_09140031202,1,1,1,1,1,0,0,20251201,20261231
GRA_09140031341,1,1,1,1,1,0,0,20251201,20261231
GRA_09140031532,1,1,1,1,1,0,0,20251201,20261231
GRA_09140031727,1,1,1,1,1,0,0,20251201,20261231
GRA_09140031917,1,1,1,1,1,0,0,20251201,20261231
GRA_09140041106,1,1,1,1,1,0,0,20251201,20261231
GRA_09140041245,1,1,1,1,1,0,0,20251201,20261231
GRA_09140041424,1,1,1,1,1,0,0,20251201,20261231
GRA_09140041622,1,1,1,1,1,0,0,20251201,20261231
GRA_09200020807,0,0,0,0,0,1,0,20240902,20261231
GRA_09200020837,0,0,0,0,0,1,0,20240902,20261231
GRA_09200020912,0,0,0,0,0,1,0,20240902,20261231
GRA_09200020942,0,0,0,0,0,1,0,20240902,20261231
GRA_09200021017,0,0,0,0,0,1,0,20240902,20261231
GRA_09200021047,0,0,0,0,0,1,0,20240902,20261231
GRA_09200021122,0,0,0,0,0,1,0,20240902,20261231
GRA_09200021152,0,0,0,0,0,1,0,20240902,20261231
GRA_09200021227,0,0,0,0,0,1,0,20240902,20261231
GRA_09200021257,0,0,0,0,0,1,0,20240902,20261231
GRA_09200021332,0,0,0,0,0,1,0,20240902,20261231
GRA_09200021402,0,0,0,0,0,1,0,20240902,20261231
GRA_09200021437,0,0,0,0,0,1,0,20240902,20261231
GRA_09200021507,0,0,0,0,0,1,0,20240902,20261231
GRA_09200021542,0,0,0,0,0,1,0,20240902,20261231
GRA_09200021612,0,0,0,0,0,1,0,20240902,20261231
GRA_09200021647,0,0,0,0,0,1,0,20240902,20261231
GRA_09200021704,0,0,0,0,0,0,1,20240902,20261231
GRA_09200021717,0,0,0,0,0,1,0,20240902,20261231
GRA_09200021752,0,0,0,0,0,1,0,20240902,20261231
GRA_09200021809,0,0,0,0,0,0,1,20240902,20261231
GRA_09200021822,0,0,0,0,0,1,0,20240902,20261231
GRA_09200021857,0,0,0,0,0,1,0,20240902,20261231
GRA_09200021914,0,0,0,0,0,0,1,20240902,20261231
GRA_09200021927,0,0,0,0,0,1,0,20240902,20261231
GRA_09200022002,0,0,0,0,0,1,0,20240902,20261231
GRA_09200022019,0,0,0,0,0,0,1,20240902,20261231
GRA_09200022032,0,0,0,0,0,1,0,20240902,20261231
GRA_09200022107,0,0,0,0,0,1,0,20240902,20261231
GRA_09200022124,0,0,0,0,0,0,1,20240902,20261231
GRA_09200022137,0,0,0,0,0,1,0,20240902,20261231
GRA_09200022212,0,0,0,0,0,1,0,20240902,20261231
GRA_09200030800,0,0,0,0,0,1,0,20240902,20261231
GRA_09200030835,0,0,0,0,0,1,0,20240902,20261231
GRA_09200030905,0,0,0,0,0,1,0,20240902,20261231
GRA_09200030940,0,0,0,0,0,1,0,20240902,20261231
GRA_09200031010,0,0,0,0,0,1,0,20240902,20261231
GRA_09200031045,0,0,0,0,0,1,0,20240902,20261231
GRA_09200031115,0,0,0,0,0,1,0,20240902,20261231
GRA_09200031150,0,0,0,0,0,1,0,20240902,20261231
GRA_09200031220,0,0,0,0,0,1,0,20240902,20261231
GRA_09200031255,0,0,0,0,0,1,0,20240902,20261231
GRA_09200031325,0,0,0,0,0,1,0,20240902,20261231
GRA_09200031400,0,0,0,0,0,1,0,20240902,20261231
GRA_09200031430,0,0,0,0,0,1,0,20240902,20261231
GRA_09200031505,0,0,0,0,0,1,0,20240902,20261231
GRA_09200031535,0,0,0,0,0,1,0,20240902,20261231
GRA_09200031610,0,0,0,0,0,1,0,20240902,20261231
GRA_09200031627,0,0,0,0,0,0,1,20240902,20261231
GRA_09200031640,0,0,0,0,0,1,0,20240902,20261231
GRA_09200031715,0,0,0,0,0,1,0,20240902,20261231
GRA_09200031732,0,0,0,0,0,0,1,20240902,20261231
GRA_09200031745,0,0,0,0,0,1,0,20240902,20261231
GRA_09200031820,0,0,0,0,0,1,0,20240902,20261231
GRA_09200031837,0,0,0,0,0,0,1,20240902,20261231
GRA_09200031850,0,0,0,0,0,1,0,20240902,20261231
GRA_09200031925,0,0,0,0,0,1,0,20240902,20261231
GRA_09200031942,0,0,0,0,0,0,1,20240902,20261231
GRA_09200031955,0,0,0,0,0,1,0,20240902,20261231
GRA_09200032030,0,0,0,0,0,1,0,20240902,20261231
GRA_09200032047,0,0,0,0,0,0,1,20240902,20261231
GRA_09200032100,0,0,0,0,0,1,0,20240902,20261231
GRA_09200032135,0,0,0,0,0,1,0,20240902,20261231
GRA_09200032152,0,0,0,0,0,0,1,20240902,20261231
GRA_09200032205,0,0,0,0,0,1,0,20240902,20261231
GRA_09200050900,0,0,0,0,0,0,1,20240902,20261231
GRA_09200051015,0,0,0,0,0,0,1,20240902,20261231
GRA_09200051130,0,0,0,0,0,0,1,20240902,20261231
GRA_09200051245,0,0,0,0,0,0,1,20240902,20261231
GRA_09200051400,0,0,0,0,0,0,1,20240902,20261231
GRA_09200051515,0,0,0,0,0,0,1,20240902,20261231
GRA_09201012229,0,0,0,0,0,0,1,20240902,20261231
GRA_09201012242,0,0,0,0,0,1,0,20240902,20261231
GRA_09201050939,0,0,0,0,0,0,1,20240902,20261231
GRA_09201051054,0,0,0,0,0,0,1,20240902,20261231
GRA_09201051209,0,0,0,0,0,0,1,20240902,20261231
GRA_09201051324,0,0,0,0,0,0,1,20240902,20261231
GRA_09201051439,0,0,0,0,0,0,1,20240902,20261231
GRA_09201051554,0,0,0,0,0,0,1,20240902,20261231
GRA_09210070540,1,1,1,1,1,0,0,20251201,20261231
GRA_09210070600,1,1,1,1,1,0,0,20251201,20261231
GRA_09210070620,1,1,1,1,1,0,0,20251201,20261231
GRA_09210070640,1,1,1,1,1,0,0,20251201,20261231
GRA_09210070700,1,1,1,1,1,0,0,20251201,20261231
GRA_09210070720,1,1,1,1,1,0,0,20251201,20261231
GRA_09210070740,1,1,1,1,1,0,0,20251201,20261231
GRA_09210070800,1,1,1,1,1,0,0,20251201,20261231
GRA_09210070820,1,1,1,1,1,0,0,20251201,20261231
GRA_09210070840,1,1,1,1,1,0,0,20251201,20261231
GRA_09210070900,1,1,1,1,1,0,0,20251201,20261231
GRA_09210070920,1,1,1,1,1,0,0,20251201,20261231
GRA_09210070940,1,1,1,1,1,0,0,20251201,20261231
GRA_09210071000,1,1,1,1,1,0,0,20251201,20261231
GRA_09210071020,1,1,1,1,1,0,0,20251201,20261231
GRA_09210071040,1,1,1,1,1,0,0,20251201,20261231
GRA_09210071100,1,1,1,1,1,0,0,20251201,20261231
GRA_09210071120,1,1,1,1,1,0,0,20251201,20261231
GRA_09210071140,1,1,1,1,1,0,0,20251201,20261231
GRA_09210071200,1,1,1,1,1,0,0,20251201,20261231
GRA_09210071220,1,1,1,1,1,0,0,20251201,20261231
GRA_09210071240,1,1,1,1,1,0,0,20251201,20261231
GRA_09210071300,1,1,1,1,1,0,0,20251201,20261231
GRA_09210071320,1,1,1,1,1,0,0,20251201,20261231
GRA_09210071340,1,1,1,1,1,0,0,20251201,20261231
GRA_09210071400,1,1,1,1,1,0,0,20251201,20261231
GRA_09210071420,1,1,1,1,1,0,0,20251201,20261231
GRA_09210071440,1,1,1,1,1,0,0,20251201,20261231
GRA_09210071500,1,1,1,1,1,0,0,20251201,20261231
GRA_09210071520,1,1,1,1,1,0,0,20251201,20261231
GRA_09210071540,1,1,1,1,1,0,0,20251201,20261231
GRA_09210071600,1,1,1,1,1,0,0,20251201,20261231
GRA_09210071620,1,1,1,1,1,0,0,20251201,20261231
GRA_09210071640,1,1,1,1,1,0,0,20251201,20261231
GRA_09210071700,1,1,1,1,1,0,0,20251201,20261231
GRA_09210071720,1,1,1,1,1,0,0,20251201,20261231
GRA_09210071740,1,1,1,1,1,0,0,20251201,20261231
GRA_09210071800,1,1,1,1,1,0,0,20251201,20261231
GRA_09210071820,1,1,1,1,1,0,0,20251201,20261231
GRA_09210071840,1,1,1,1,1,0,0,20251201,20261231
GRA_09210071900,1,1,1,1,1,0,0,20251201,20261231
GRA_09210071920,1,1,1,1,1,0,0,20251201,20261231
GRA_09210071940,1,1,1,1,1,0,0,20251201,20261231
GRA_09210072000,1,1,1,1,1,0,0,20251201,20261231
GRA_09210072020,1,1,1,1,1,0,0,20251201,20261231
GRA_09210072040,1,1,1,1,1,0,0,20251201,20261231
GRA_09210072100,1,1,1,1,1,0,0,20251201,20261231
GRA_09210072120,1,1,1,1,1,0,0,20251201,20261231
GRA_09210072140,1,1,1,1,1,0,0,20251201,20261231
GRA_09210072200,1,1,1,1,1,0,0,20251201,20261231
GRA_09210072220,1,1,1,1,1,0,0,20251201,20261231
GRA_09211070559,1,1,1,1,1,0,0,20251201,20261231
GRA_09211070619,1,1,1,1,1,0,0,20251201,20261231
GRA_09211070639,1,1,1,1,1,0,0,20251201,20261231
GRA_09211070659,1,1,1,1,1,0,0,20251201,20261231
GRA_09211070719,1,1,1,1,1,0,0,20251201,20261231
GRA_09211070739,1,1,1,1,1,0,0,20251201,20261231
GRA_09211070759,1,1,1,1,1,0,0,20251201,20261231
GRA_09211070819,1,1,1,1,1,0,0,20251201,20261231
GRA_09211070839,1,1,1,1,1,0,0,20251201,20261231
GRA_09211070859,1,1,1,1,1,0,0,20251201,20261231
GRA_09211070919,1,1,1,1,1,0,0,20251201,20261231
GRA_09211070939,1,1,1,1,1,0,0,20251201,20261231
GRA_09211070959,1,1,1,1,1,0,0,20251201,20261231
GRA_09211071019,1,1,1,1,1,0,0,20251201,20261231
GRA_09211071039,1,1,1,1,1,0,0,20251201,20261231
GRA_09211071059,1,1,1,1,1,0,0,20251201,20261231
GRA_09211071119,1,1,1,1,1,0,0,20251201,20261231
GRA_09211071139,1,1,1,1,1,0,0,20251201,20261231
GRA_09211071159,1,1,1,1,1,0,0,20251201,20261231
GRA_09211071219,1,1,1,1,1,0,0,20251201,20261231
GRA_09211071239,1,1,1,1,1,0,0,20251201,20261231
GRA_09211071259,1,1,1,1,1,0,0,20251201,20261231
GRA_09211071319,1,1,1,1,1,0,0,20251201,20261231
GRA_09211071339,1,1,1,1,1,0,0,20251201,20261231
GRA_09211071359,1,1,1,1,1,0,0,20251201,20261231
GRA_09211071419,1,1,1,1,1,0,0,20251201,20261231
GRA_09211071439,1,1,1,1,1,0,0,20251201,20261231
GRA_09211071459,1,1,1,1,1,0,0,20251201,20261231
GRA_09211071519,1,1,1,1,1,0,0,20251201,20261231
GRA_09211071539,1,1,1,1,1,0,0,20251201,20261231
GRA_09211071559,1,1,1,1,1,0,0,20251201,20261231
GRA_09211071619,1,1,1,1,1,0,0,20251201,20261231
GRA_09211071639,1,1,1,1,1,0,0,20251201,20261231
GRA_09211071659,1,1,1,1,1,0,0,20251201,20261231
GRA_09211071719,1,1,1,1,1,0,0,20251201,20261231
GRA_09211071739,1,1,1,1,1,0,0,20251201,20261231
GRA_09211071759,1,1,1,1,1,0,0,20251201,20261231
GRA_09211071819,1,1,1,1,1,0,0,20251201,20261231
GRA_09211071839,1,1,1,1,1,0,0,20251201,20261231
GRA_09211071859,1,1,1,1,1,0,0,20251201,20261231
GRA_09211071919,1,1,1,1,1,0,0,20251201,20261231
GRA_09211071939,1,1,1,1,1,0,0,20251201,20261231
GRA_09211071959,1,1,1,1,1,0,0,20251201,20261231
GRA_09211072019,1,1,1,1,1,0,0,20251201,20261231
GRA_09211072039,1,1,1,1,1,0,0,20251201,20261231
GRA_09211072059,1,1,1,1,1,0,0,20251201,20261231
GRA_09211072119,1,1,1,1,1,0,0,20251201,20261231
GRA_09211072139,1,1,1,1,1,0,0,20251201,20261231
GRA_09211072159,1,1,1,1,1,0,0,20251201,20261231
GRA_09211072219,1,1,1,1,1,0,0,20251201,20261231
GRA_09211082239,1,1,1,1,1,0,0,20251201,20261231
GRA_09220070638,1,1,1,1,1,0,0,20251201,20261231
GRA_09220070718,1,1,1,1,1,0,0,20251201,20261231
GRA_09220070758,1,1,1,1,1,0,0,20251201,20261231
GRA_09220070838,1,1,1,1,1,0,0,20251201,20261231
GRA_09220070918,1,1,1,1,1,0,0,20251201,20261231
GRA_09220070958,1,1,1,1,1,0,0,20251201,20261231
GRA_09220071038,1,1,1,1,1,0,0,20251201,20261231
GRA_09220071118,1,1,1,1,1,0,0,20251201,20261231
GRA_09220071158,1,1,1,1,1,0,0,20251201,20261231
GRA_09220071238,1,1,1,1,1,0,0,20251201,20261231
GRA_09220071318,1,1,1,1,1,0,0,20251201,20261231
GRA_09220071358,1,1,1,1,1,0,0,20251201,20261231
GRA_09220071438,1,1,1,1,1,0,0,20251201,20261231
GRA_09220071518,1,1,1,1,1,0,0,20251201,20261231
GRA_09220071558,1,1,1,1,1,0,0,20251201,20261231
GRA_09220071638,1,1,1,1,1,0,0,20251201,20261231
GRA_09220071718,1,1,1,1,1,0,0,20251201,20261231
GRA_09220071758,1,1,1,1,1,0,0,20251201,20261231
GRA_09220071838,1,1,1,1,1,0,0,20251201,20261231
GRA_09220071918,1,1,1,1,1,0,0,20251201,20261231
GRA_09220071958,1,1,1,1,1,0,0,20251201,20261231
GRA_09220072038,1,1,1,1,1,0,0,20251201,20261231
GRA_09220072118,1,1,1,1,1,0,0,20251201,20261231
GRA_09220072158,1,1,1,1,1,0,0,20251201,20261231
GRA_09220072238,1,1,1,1,1,0,0,20251201,20261231
GRA_09221020623,1,1,1,1,1,0,0,20251201,20261231
GRA_09221020703,1,1,1,1,1,0,0,20251201,20261231
GRA_09221020743,1,1,1,1,1,0,0,20251201,20261231
GRA_09221020823,1,1,1,1,1,0,0,20251201,20261231
GRA_09221020903,1,1,1,1,1,0,0,20251201,20261231
GRA_09221020943,1,1,1,1,1,0,0,20251201,20261231
GRA_09221021023,1,1,1,1,1,0,0,20251201,20261231
GRA_09221021103,1,1,1,1,1,0,0,20251201,20261231
GRA_09221021143,1,1,1,1,1,0,0,20251201,20261231
GRA_09221021223,1,1,1,1,1,0,0,20251201,20261231
GRA_09221021303,1,1,1,1,1,0,0,20251201,20261231
GRA_09221021343,1,1,1,1,1,0,0,20251201,20261231
GRA_09221021423,1,1,1,1,1,0,0,20251201,20261231
GRA_09221021503,1,1,1,1,1,0,0,20251201,20261231
GRA_09221021543,1,1,1,1,1,0,0,20251201,20261231
GRA_09221021623,1,1,1,1,1,0,0,20251201,20261231
GRA_09221021703,1,1,1,1,1,0,0,20251201,20261231
GRA_09221021743,1,1,1,1,1,0,0,20251201,20261231
GRA_09221021823,1,1,1,1,1,0,0,20251201,20261231
GRA_09221021903,1,1,1,1,1,0,0,20251201,20261231
GRA_09221021943,1,1,1,1,1,0,0,20251201,20261231
GRA_09221022023,1,1,1,1,1,0,0,20251201,20261231
GRA_09221022103,1,1,1,1,1,0,0,20251201,20261231
GRA_09221022143,1,1,1,1,1,0,0,20251201,20261231
GRA_09221022223,1,1,1,1,1,0,0,20251201,20261231
GRA_09221032303,1,1,1,1,1,0,0,20251201,20261231
LIO_01136572343922127f44,0,0,1,0,0,0,0,20260805,20270825
LIO_012705765b230d454c07,0,0,0,0,1,0,0,20260904,20261211
LIO_014b63200b157a720f0c,0,0,0,0,0,1,1,20260905,20260927
LIO_014d182e436430306061,1,1,1,1,1,1,0,20261102,20270831
LIO_016738000a0412055c5b,0,1,0,0,0,1,0,20260801,20270831
LIO_020e27473d6021170275,0,1,0,1,0,0,0,20261103,20270831
LIO_0256087a1a1f412c504d,1,1,1,1,1,0,0,20260803,20261211
LIO_027a2f1019453f6d1b68,1,1,1,1,1,1,0,20260801,20260831
LIO_03046e3d083128516802,0,0,1,0,0,0,0,20260902,20260930
LIO_03401a1460142a773b52,1,1,1,1,1,1,0,20260801,20260829
LIO_034c71126823703e316b,1,1,1,1,0,0,0,20260901,20270701
LIO_042d460b7f1e67277b7b,0,0,0,1,0,0,0,20260806,20261210
LIO_044c36656f0c7e5f4725,1,1,1,1,1,1,1,20260802,20270829
LIO_050c3a473a561b413a2b,0,0,0,0,0,0,0,20260801,20270828
LIO_051b011526704953637b,0,0,0,0,1,1,0,20260904,20270828
LIO_053931677828580e1664,0,0,0,0,0,1,0,20260905,20270828
LIO_064879340268675f4f03,0,1,0,0,0,0,0,20260901,20270831
LIO_0665592d7f5e59080763,0,0,0,0,0,1,0,20260801,20270102
LIO_06693a797f7b73176b39,1,1,1,1,0,0,0,20260901,20270701
LIO_0702427a5c33591e2d02,1,1,1,1,1,0,0,20260901,20270702
LIO_072d5d513739327f2270,0,0,1,0,0,0,0,20260902,20261014
LIO_075f4276790e1e273655,0,0,0,0,0,1,0,20270703,20270828
LIO_084359670c2b26394765,0,0,0,0,0,0,0,20260803,20270831
LIO_09066d38023274573a36,0,0,0,0,0,1,0,20260803,20270831
LIO_097348313a7e544e7b2b,0,0,0,0,1,1,1,20261219,20270307
LIO_0a067c057b2b05087239,0,0,0,0,0,1,0,20260905,20270828
LIO_0a3869714433191c1b34,1,1,1,1,0,1,0,20260801,20270831
LIO_0a3c663a7d504d200835,0,0,0,0,1,0,0,20260904,20270702
LIO_0c48682f0680102d3656,1,1,1,1,1,0,0,20260831,20270831
LIO_0c4d4a5702287833722f,0,0,0,0,0,0,1,20260906,20270627
LIO_0c5524456c42322a5f3e,1,1,1,1,0,0,0,20270105,20270204
LIO_0c5d0c52067778442f0a,0,1,1,1,1,0,0,20260803,20270831
LIO_0c79331328421e56132e,1,1,1,1,1,1,0,20260801,20270828
LIO_0d3d5c635e5a0f480814,1,1,1,1,0,0,0,20261221,20261231
LIO_0d4e3278231744213640,0,0,0,0,0,1,0,20260905,20270626
LIO_0d7c5c285a59412d315b,0,0,0,0,0,0,1,20260906,20270627
LIO_0e02675f5b025e807c5b,0,0,0,0,0,0,1,20261018,20261101
LIO_0e267f3d3f7f79253d25,1,1,1,1,1,1,1,20260801,20270831
LIO_0e2d1770371c28673437,1,0,0,0,0,0,0,20261102,20261214
LIO_0e5131610429337c0530,1,0,0,0,0,0,0,20260907,20270628
LIO_0e5e214f6d46334e2c44,1,1,1,1,0,1,1,20260801,20260806
LIO_0e673b2a530a5d60071b,1,0,0,1,0,0,0,20270225,20270401
LIO_0f4b6f3a626c69062d29,1,1,0,1,1,0,0,20261102,20261218
LIO_0f77035b1b4a574b351d,0,0,0,0,1,0,0,20270108,20270205
LIO_0f7d08054e62411a0a73,1,1,1,1,1,1,1,20260801,20270831
LIO_10113635095e125a027d,0,0,0,0,0,0,1,20260802,20270831
LIO_102a79217a417a21050f,1,1,1,1,0,0,0,20260803,20260831
LIO_102d1a390c377e4d7d7a,1,1,1,1,1,0,0,20260803,20260826
LIO_10330f267f1d15450916,0,0,0,0,0,1,0,20260801,20270831
LIO_1128010862754b49027c,0,0,0,0,0,1,1,20260801,20261031
LIO_112a0b7f332a564f1678,0,0,0,0,0,0,0,20261021,20270825
LIO_115a74304e1808701335,0,0,0,0,0,0,0,20260803,20270831
LIO_116243226118782c3817,1,1,0,1,1,0,0,20260803,20261231
LIO_12145b045b1c7a317046,0,1,1,1,1,0,0,20260804,20260828
LIO_122d6337731d59551a62,1,1,1,1,1,0,0,20270420,20270702
LIO_1234435b070002422978,1,1,1,1,1,0,1,20260802,20270831
LIO_123f7a536649282a1052,0,0,0,0,0,1,0,20260801,20261226
LIO_135f4f1051221c73186b,0,0,0,0,0,1,1,20261017,20261101
LIO_136e6b484c454e417465,0,0,0,0,0,0,1,20260802,20260830
LIO_13715c4e50026a3c675e,0,0,0,0,0,1,0,20270227,20270327
LIO_140e5063511f07350d0a,0,0,0,0,0,0,1,20260831,20270627
LIO_14187635613e43612170,1,1,1,1,1,1,0,20260901,20270702
LIO_1443632b3566627b2e20,1,1,1,1,1,0,0,20260901,20261211
LIO_14625b336b2b140e0705,1,1,1,1,1,1,1,20260801,20261031
LIO_147676155d44637b3411,1,1,1,1,1,0,0,20260801,20270831
LIO_147a69131071702c733c,0,0,0,0,1,0,0,20260807,20260828
LIO_147f242a5720561e2837,0,1,0,1,0,0,0,20260804,20261029
LIO_152f3337780500560b7e,1,1,1,1,0,0,0,20261102,20261217
LIO_1533150927457c1e1b12,1,1,1,1,1,1,0,20260901,20270828
LIO_15654b067e2d595e4e1b,1,1,1,1,1,1,1,20260801,20261212
LIO_156e251957736a3b2f1d,0,0,0,0,0,1,1,20270313,20270530
LIO_16096334352325192d1f,0,0,1,0,0,0,0,20260902,20270825
LIO_16246631753f14467a26,1,1,1,1,1,0,0,20270405,20270416
LIO_163f19535642081b117c,0,0,1,0,0,0,0,20261007,20270630
LIO_167a11506b5904542234,0,0,0,0,0,1,1,20260801,20270831
LIO_17177f6e281a1342581b,1,1,1,1,0,1,1,20260901,20270701
LIO_172a6e2a5c6c12604516,0,0,0,0,0,0,0,20260801,20270831
LIO_176e16124f370e7d5e7f,0,0,0,0,0,0,0,20261023,20270507
LIO_18153e13151e211a520a,0,0,0,0,0,0,0,20260803,20270831
LIO_183c4e6962076a683377,0,0,0,0,0,1,1,20260905,20260920
LIO_183f46434729263c1272,0,0,0,0,0,1,0,20270109,20270130
LIO_184134507f4517151633,0,0,0,0,0,0,0,20261019,20270507
LIO_192c327e1e65742c7c4e,1,1,1,1,1,1,0,20270104,20270831
LIO_1945390b2d491c3a7464,1,1,1,1,1,0,1,20260802,20260831
LIO_195a6a0d2f1271461862,1,1,1,1,1,0,0,20261001,20270831
LIO_1976026054742b3a616c,1,0,0,1,0,0,0,20260903,20261015
LIO_1a223768176411647430,0,0,1,0,0,1,0,20260902,20270630
LIO_1b0a16387d6a674e323d,1,1,1,1,1,0,0,20260803,20260831
LIO_1b214b1416243d502f16,0,0,0,0,0,1,0,20260801,20270828
LIO_1b37697420502c062a0e,0,0,0,0,0,0,0,20261221,20270831
LIO_1c1c0f437079497b5e2b,1,0,0,0,0,0,0,20260907,20261012
LIO_1c2e3625233d01453772,1,1,1,1,1,0,0,20260901,20270831
LIO_1c486c5002601c4a534a,0,0,0,0,0,0,0,20261019,20270831
LIO_1c6668060e3547483b62,0,0,1,0,0,0,0,20261104,20270526
LIO_1e352e016d226861330f,1,1,0,1,1,0,0,20270420,20270702
LIO_1e464a4f452b595d4426,0,0,0,0,1,0,0,20260904,20270702
LIO_1e7c69550b3b477e155d,1,1,1,1,1,0,0,20260803,20261231
LIO_1f0531555e3a592e7860,1,1,0,1,1,0,0,20261102,20270702
LIO_1f20331a6a701f3b5355,1,1,1,1,1,1,0,20260801,20261212
LIO_1f244b757113270d1e55,1,1,0,1,1,0,0,20260803,20270831
LIO_1f5551010a6f3a7c245f,0,0,0,0,0,0,0,20260802,20270829
LIO_1f5759673f12020b0a50,0,0,0,0,0,1,0,20260905,20270828
LIO_1f7271122639127e3d63,0,0,0,0,0,1,1,20260801,20270829
LIO_2009207d5c7c0a274747,1,0,0,0,0,0,0,20260803,20270830
LIO_2027051f21247a2f5550,0,0,0,0,1,0,0,20260803,20270831
LIO_20650565243b6617121a,0,0,0,0,0,0,1,20260906,20270829
LIO_20694715463639414353,1,1,1,0,1,0,0,20260901,20270831
LIO_20705f6f6c1d470f2a10,0,0,0,0,0,0,1,20270704,20270829
LIO_21061c6c3d4558077554,1,1,1,1,1,0,1,20260901,20270831
LIO_21135b21026e2276797b,0,0,0,0,0,0,1,20260802,20270829
LIO_21431e32293a724e0c57,0,0,0,0,0,0,1,20260906,20270829
LIO_215e7e72644d3b0f5f1d,1,1,1,1,0,0,0,20260901,20270831
LIO_2228155d384731415e41,0,0,0,0,1,0,1,20261220,20270101
LIO_22466920110a573f5319,0,0,0,0,0,1,0,20261017,20261031
LIO_2270763f5b0d22632106,0,0,0,0,0,1,1,20260801,20270831
LIO_227d0d5f7248220f451c,1,1,1,1,1,1,1,20260803,20270831
LIO_23787d4675791f5b217f,0,0,0,0,0,0,0,20260801,20270828
LIO_240f075333141c33601d,1,1,0,1,1,0,0,20260901,20270702
LIO_24146a2916622e156054,1,1,1,1,1,1,0,20260801,20261031
LIO_243b0754173a712b335a,0,1,0,0,0,0,0,20260804,20260825
LIO_254f3e58782165334119,0,0,1,0,0,0,0,20260805,20260826
LIO_264e6c7c430b234e4e77,0,0,0,0,0,0,0,20260804,20270831
LIO_2722496970631456106b,1,1,1,1,1,0,0,20261102,20270831
LIO_27445f59345d20050663,0,0,0,0,0,0,0,20260803,20270831
LIO_2809257e5a727b1b3728,0,0,0,0,0,0,0,20260801,20270828
LIO_2867453b7b6f060a5f0f,0,0,1,0,0,0,0,20260902,20270630
LIO_29297c5f5e5d53030d3f,1,0,0,0,0,0,0,20260803,20260831
LIO_2a18072754036c446b63,0,0,0,0,0,0,0,20260805,20270825
LIO_2a21514a4e2b3103627a,1,1,1,1,1,0,0,20260901,20270831
LIO_2a3a406758192f1e0b64,0,1,1,1,1,0,0,20260901,20270831
LIO_2a4057132634795d2a21,0,0,0,0,0,0,1,20260802,20261025
LIO_2a53646770725751373a,0,0,0,0,1,0,0,20270423,20270702
LIO_2a691966354b710a6523,1,1,1,1,1,1,0,20270420,20270702
LIO_2b746a63436951425851,1,1,1,1,0,0,0,20260901,20261015
LIO_2c14404d6d61074b6d28,1,0,0,0,0,0,0,20260907,20270830
LIO_2c17076f3d654750501e,0,0,0,0,0,0,0,20261019,20270831
LIO_2c22407a284329642633,0,0,0,0,0,0,0,20260801,20270828
LIO_2c411342365a0140097a,1,1,1,1,1,0,0,20261102,20261218
LIO_2c77037b3b1d35665d4a,0,0,0,0,0,1,0,20270403,20270417
LIO_2d0d0c223c38203b5e0d,0,1,1,1,1,1,0,20260901,20270831
LIO_2d187024295b5f511e70,1,1,0,1,0,0,0,20260901,20261015
LIO_2d445e657c04274a1735,0,0,0,0,0,0,1,20260906,20270829
LIO_2d754f17311a6a76795e,0,0,0,0,1,0,0,20260904,20270827
LIO_2e126928304b3f233b7e,0,0,0,0,0,0,0,20260801,20270829
LIO_2f3341506f3a131f632f,1,1,0,1,1,1,0,20260831,20270831
LIO_2f6a5f3a3c2521557d67,0,0,0,0,0,1,0,20260905,20270626
LIO_311d0938250126340462,1,1,1,1,1,1,0,20260801,20261114
LIO_315a2e401607757a0f7c,1,1,1,1,1,1,0,20260801,20270830
LIO_316b052d031d433f0f52,0,0,0,0,0,0,0,20261021,20270414
LIO_31744f7e5638320a2d4c,0,0,1,0,0,0,0,20260902,20270630
LIO_320823102b697f311363,0,0,0,0,0,1,0,20260905,20270626
LIO_3236506834114d50716a,1,1,0,1,1,0,0,20260901,20270702
LIO_3254083b0e1f48594f38,1,0,0,0,0,0,0,20270111,20270201
LIO_3264110f1d555d6f3934,1,1,1,1,1,1,1,20260801,20260823
LIO_332311354b01253e3615,1,0,0,0,0,0,0,20260907,20270628
LIO_3350401e0d76784d1e0c,0,1,1,1,0,0,0,20260901,20270701
LIO_34-7452,1,1,1,1,1,1,0,20260801,20261231
LIO_34-7453,1,1,1,1,1,1,0,20260801,20260829
LIO_34-7456,1,1,1,1,1,1,1,20260801,20260830
LIO_34-7457,1,1,1,1,1,0,0,20260803,20260828
LIO_34-7458,1,1,1,1,1,0,0,20260803,20261231
LIO_34-7461,1,1,1,1,0,1,0,20260801,20261231
LIO_34-7470,0,0,1,0,0,1,0,20260801,20261230
LIO_34-7471,1,1,1,1,1,1,1,20260801,20261231
LIO_34-7473,0,0,0,0,0,1,0,20260801,20261226
LIO_34-7477,0,0,0,0,1,0,0,20260807,20261218
LIO_34-7481,0,0,0,0,0,0,1,20260802,20261227
LIO_34-7483,0,0,0,0,0,1,1,20260905,20260927
LIO_34-7485,1,1,1,1,1,0,0,20260803,20260828
LIO_34-7486,0,0,0,0,0,1,0,20260801,20260829
LIO_34-7487,0,0,0,0,0,0,1,20260802,20260830
LIO_34-7489,1,1,1,1,1,1,1,20260801,20260823
LIO_34-7496,0,1,0,1,0,0,0,20260804,20261231
LIO_34-7497,0,1,0,1,0,1,0,20260801,20261231
LIO_34-7498,0,1,0,0,0,1,0,20260801,20261229
LIO_34-7499,0,0,0,1,0,0,0,20260806,20261231
LIO_34-7505,0,0,1,0,1,1,0,20260801,20261230
LIO_34-7511,0,0,1,0,0,0,0,20260805,20261230
LIO_34-7532,1,1,1,1,1,1,0,20260801,20260829
LIO_34-7534,1,1,1,1,1,1,1,20260801,20260830
LIO_34-7535,1,1,1,1,1,0,0,20260803,20260828
LIO_34-7536,1,1,1,1,1,1,0,20260801,20260829
LIO_34-7537,1,1,1,1,1,1,0,20260801,20260829
LIO_34-7545,1,0,1,0,0,0,0,20260803,20261230
LIO_34-7547,1,1,0,1,1,0,0,20260803,20261231
LIO_34-7550,1,1,0,1,1,1,0,20260801,20261231
LIO_34-7553,1,1,1,1,1,1,1,20260801,20261231
LIO_34-7563,0,0,0,0,0,0,1,20260802,20261227
LIO_34-7575,1,1,1,1,1,1,0,20260801,20261231
LIO_34-7576,1,1,1,1,1,0,0,20260803,20261231
LIO_34-7577,0,0,0,0,0,1,0,20260801,20261226
LIO_34-7582,1,1,1,1,1,1,0,20260801,20260829
LIO_34-7586,0,0,0,0,1,0,0,20260807,20261218
LIO_34-7587,1,1,1,1,1,0,0,20260803,20260828
LIO_34-7588,1,0,1,1,1,1,0,20260801,20261231
LIO_34-7592,0,1,0,0,0,0,0,20260804,20261229
LIO_34-7595,1,1,1,1,0,0,0,20260803,20261231
LIO_34-7598,1,1,1,1,1,1,1,20260801,20260830
LIO_34-7599,1,1,1,1,0,1,0,20260801,20261231
LIO_34-7604,1,1,1,1,1,1,0,20260801,20261231
LIO_34-7606,1,1,1,1,1,1,0,20260801,20261231
LIO_34-7607,1,1,1,1,1,0,0,20260803,20261231
LIO_34-7609,0,0,0,0,0,1,0,20260801,20261226
LIO_34-7612,1,1,1,1,1,1,0,20260801,20261231
LIO_34-7621,1,1,0,1,1,0,0,20260901,20261231
LIO_34-7622,1,1,1,1,1,0,0,20260901,20261231
LIO_34-7668,1,1,1,1,1,1,0,20260801,20260822
LIO_34-7671,1,1,1,1,1,1,0,20260831,20261231
LIO_34-7681,1,1,1,1,1,1,1,20260831,20270611
LIO_34-7683,1,1,1,1,1,1,0,20260831,20270611
LIO_34-7684,0,0,0,0,0,1,1,20260802,20260829
LIO_34-7687,0,0,0,0,0,0,1,20260906,20270627
LIO_34-7689,1,1,1,1,1,1,0,20260831,20270630
LIO_34-7690,1,1,1,1,1,1,1,20260831,20270630
LIO_34-7691,1,1,1,1,1,0,0,20260901,20261218
LIO_34-7692,0,0,0,0,0,0,0,20260801,20261231
LIO_34-7693,1,1,1,1,1,1,0,20260901,20261218
LIO_34-7694,0,0,0,0,0,0,0,20260803,20261231
LIO_34-7700,0,0,1,0,0,1,0,20260902,20261216
LIO_34-7702,0,0,0,0,0,1,0,20260905,20261212
LIO_34-7703,0,0,1,0,0,0,0,20260902,20261216
LIO_34-7705,1,1,0,1,1,0,0,20260901,20261218
LIO_34-7707,0,0,0,0,0,0,0,20260801,20261231
LIO_34-7708,0,0,0,0,0,0,0,20260804,20261231
LIO_34-7709,0,0,0,0,0,0,0,20260806,20261231
LIO_34-7710,0,0,0,0,0,0,0,20260804,20261229
LIO_34-7711,1,1,0,1,1,1,0,20260901,20261218
LIO_34-7715,0,0,0,0,0,0,0,20260801,20261226
LIO_34-7721,1,1,0,1,0,1,0,20260901,20261217
LIO_34-7722,0,0,1,0,1,0,0,20260902,20261218
LIO_34-7724,0,0,0,0,0,0,0,20260803,20261231
LIO_34-7725,0,0,0,0,0,0,0,20260803,20261230
LIO_34-7726,0,0,0,0,0,0,0,20260805,20261230
LIO_34-7727,0,0,0,0,0,0,0,20260801,20261231
LIO_34-7731,1,1,1,1,0,1,0,20260901,20261217
LIO_34-7732,0,0,0,0,1,0,0,20260904,20261218
LIO_34-7735,1,1,1,1,1,0,0,20260901,20261218
LIO_34-7737,0,0,0,0,0,0,0,20260801,20261231
LIO_34-7740,0,0,0,0,0,0,0,20260804,20261229
LIO_34-7741,0,0,0,0,0,0,0,20260803,20261231
LIO_34-7747,0,0,0,0,0,0,0,20260801,20261231
LIO_34-7748,1,1,1,1,1,0,0,20260901,20261218
LIO_34-7749,1,1,1,1,1,0,0,20260901,20261218
LIO_34-7752,0,0,0,0,0,0,0,20260801,20261231
LIO_34-7756,0,0,0,0,0,0,0,20260831,20261231
LIO_34-7759,1,1,0,1,1,0,0,20260901,20261218
LIO_34-7760,0,0,1,0,0,0,0,20260902,20261216
LIO_34-7761,0,0,0,0,0,0,0,20261019,20261231
LIO_34-7762,0,0,0,0,0,0,0,20261019,20261231
LIO_34-7804,1,1,0,1,1,0,0,20260803,20261231
LIO_34-7806,1,1,1,1,1,0,0,20260831,20261231
LIO_34-7807,1,1,1,1,1,0,0,20260901,20261218
LIO_34-7808,0,0,0,0,0,1,0,20260905,20261226
LIO_34-7809,1,1,1,1,1,1,1,20260831,20261231
LIO_34-7827,1,1,1,1,1,1,0,20260831,20261231
LIO_34-7854,0,0,0,0,0,1,0,20260905,20260926
LIO_34-7855,0,0,0,0,0,1,0,20260905,20261031
LIO_34-7856,0,0,1,0,0,0,0,20260902,20260930
LIO_34-7857,0,0,0,1,0,0,0,20260903,20260924
LIO_34-7858,0,1,0,0,0,0,0,20260901,20260929
LIO_34-7859,0,1,0,0,0,0,0,20260901,20261027
LIO_34-7860,0,0,0,0,1,0,0,20260904,20261030
LIO_34-7861,1,0,0,0,0,0,0,20260907,20261026
LIO_34-7862,0,0,0,0,0,0,1,20260906,20260927
LIO_34-7863,0,0,0,0,0,0,1,20260906,20261025
LIO_34-7864,0,0,1,0,0,0,0,20260902,20261028
LIO_34-7865,0,0,0,1,0,0,0,20260903,20261029
LIO_34-7866,0,0,0,0,1,0,0,20260904,20260925
LIO_34-7884,0,1,0,1,0,0,0,20260901,20261217
LIO_34-7889,1,1,1,1,1,1,0,20260811,20261231
LIO_34-7890,1,1,0,1,1,0,0,20260901,20270629
LIO_34-7891,1,1,1,1,1,0,0,20260901,20270630
LIO_34-7892,0,0,1,0,0,0,0,20260902,20270630
LIO_34-7894,1,0,0,0,0,0,0,20260907,20270628
LIO_34-7895,0,0,0,0,1,0,0,20260904,20270625
LIO_34-7901,0,0,1,0,0,1,0,20260902,20270630
LIO_34-7905,0,0,0,0,1,0,0,20260904,20270625
LIO_34-7906,1,0,0,0,0,0,0,20260901,20270628
LIO_34-7907,1,1,0,1,1,1,0,20260901,20270629
LIO_34-7908,1,1,1,1,1,0,0,20260901,20270630
LIO_34-7909,0,0,0,0,1,0,0,20260904,20261218
LIO_34-7913,0,0,0,0,0,1,0,20260905,20270626
LIO_34-7914,1,0,0,0,0,0,0,20260901,20270628
LIO_34-7916,0,0,0,0,0,0,1,20260906,20270627
LIO_34-7919,1,1,1,1,1,1,0,20260831,20270630
LIO_34-7921,1,1,0,1,1,0,0,20260831,20270629
LIO_34-7922,0,0,0,0,0,0,0,20260831,20270507
LIO_34-7923,0,0,0,0,0,0,0,20261021,20270414
LIO_34-7924,1,1,1,1,1,0,0,20260831,20270611
LIO_34-7925,1,1,1,1,1,1,0,20260831,20270611
LIO_34-7932,1,1,1,1,0,1,0,20260901,20270630
LIO_34-7938,1,1,1,1,1,0,0,20260901,20270630
LIO_34-7939,1,1,0,1,1,1,0,20260901,20270629
LIO_34-7940,0,0,1,0,0,0,0,20260902,20270630
LIO_34-7941,1,1,0,1,1,0,0,20260901,20270629
LIO_34-7942,0,0,0,0,1,0,0,20260904,20270625
LIO_34-7943,0,0,0,0,0,1,0,20260905,20270626
LIO_34-7944,0,0,0,0,1,0,0,20260904,20270625
LIO_34-7948,1,0,1,1,1,0,0,20260902,20270630
LIO_34-7949,0,1,0,0,0,0,0,20260901,20270629
LIO_34-7950,0,0,1,0,0,1,0,20260902,20270630
LIO_34-7960,0,0,1,0,0,0,0,20260902,20270630
LIO_34-7961,1,1,1,1,1,0,0,20260901,20270630
LIO_34-7962,1,1,0,1,1,0,0,20260901,20270629
LIO_34-7963,0,0,0,0,0,0,0,20261021,20270414
LIO_34-7964,0,0,1,0,0,1,0,20260902,20270630
LIO_34-7970,1,1,1,1,1,0,0,20260901,20270630
LIO_34-7971,1,1,0,1,1,0,0,20260901,20270629
LIO_34-7972,1,1,1,1,1,1,0,20260831,20270630
LIO_34-7973,0,0,0,0,0,0,1,20260906,20270627
LIO_34-7974,1,1,1,1,1,0,0,20260831,20270630
LIO_34-7975,0,0,0,0,0,0,0,20260831,20270507
LIO_34-7976,0,0,0,0,0,0,0,20260831,20270507
LIO_34-7977,1,1,1,1,1,1,0,20260901,20270630
LIO_34-7978,0,0,0,0,0,1,0,20260905,20270626
LIO_34-7979,1,0,0,0,0,0,0,20260907,20270628
LIO_34-7980,1,1,0,1,1,1,0,20260901,20270629
LIO_34-7981,0,0,0,0,0,1,0,20260905,20270626
LIO_34-7982,0,0,0,0,0,0,0,20261017,20270417
LIO_34-7983,0,0,1,0,0,0,0,20260902,20270630
LIO_34-7984,0,0,0,0,1,0,0,20260904,20270625
LIO_34-7985,1,1,1,1,0,0,0,20260901,20270630
LIO_34-7986,0,0,0,0,0,0,0,20261017,20270507
LIO_34-7987,0,0,0,0,0,0,1,20260906,20261227
LIO_34-7988,1,1,1,1,1,1,0,20260831,20261231
LIO_34-7989,1,1,1,1,1,0,0,20260901,20270630
LIO_34-8007,1,1,1,1,1,1,0,20260831,20270630
LIO_34-8008,1,1,1,1,1,0,0,20260831,20270630
LIO_34-8019,0,0,0,0,0,0,0,20260831,20270507
LIO_34-8038,1,1,1,1,1,1,0,20260801,20260905
LIO_34-8040,1,0,0,0,0,0,0,20260907,20270628
LIO_34-8041,0,1,1,1,1,1,0,20260908,20261218
LIO_34-8042,0,0,0,0,0,1,0,20261017,20261231
LIO_3405324d4148757b0d18,1,1,0,1,1,1,0,20260901,20270702
LIO_340705414050801d4f03,0,0,1,0,0,0,0,20260902,20270630
LIO_3427195a0a1f476c2d3e,1,1,1,1,1,1,1,20270703,20270831
LIO_34470046707605410b09,0,0,0,0,0,0,0,20261017,20270828
LIO_35315f0c7e2102062569,0,0,1,0,0,0,0,20260902,20261209
LIO_353924395c771345183e,1,1,1,1,1,1,0,20270403,20270417
LIO_354e137012270b77510a,0,0,0,0,0,1,0,20260801,20270828
LIO_35507438240b711d5f5b,0,0,1,0,0,0,0,20270421,20270630
LIO_3551150e77297a4a183d,0,0,0,0,0,1,0,20261219,20270102
LIO_355f7a22763348756d64,0,0,0,0,0,0,0,20261019,20270507
LIO_3561311c3b6a1c5b7d2d,1,1,1,1,0,1,0,20260901,20270701
LIO_357b263c347b64281714,1,1,1,1,1,1,0,20270105,20270205
LIO_360547556b3450647a3f,0,0,1,0,0,0,0,20260805,20261230
LIO_360a01154f7f5c2e4b06,1,1,1,1,1,1,0,20270223,20270402
LIO_36391602632b65314303,1,0,0,0,0,0,0,20270426,20270628
LIO_380b5565022d483a2d49,1,1,1,1,1,0,0,20270208,20270219
LIO_3823594e52252d7f6b14,0,0,0,0,0,0,1,20260906,20270829
LIO_38330f282a2b4a5e2a78,0,0,0,0,0,1,0,20260905,20261010
LIO_3846272550050410467e,0,1,1,1,0,0,0,20260804,20260827
LIO_38482b683730355e6b41,0,0,0,0,1,0,0,20270226,20270402
LIO_384b74532e2c61410e68,0,0,0,0,0,0,1,20260802,20261115
LIO_39206428010a3522612d,0,0,0,0,0,1,0,20260905,20260919
LIO_39537a560f0702647260,1,1,1,1,1,0,0,20260901,20261016
LIO_395a1f7c5d357a3b6071,0,1,0,1,0,1,0,20260804,20260827
LIO_395c1952097b4b124b7e,1,1,1,1,1,0,0,20270223,20270402
LIO_3a2a740e165355335817,1,1,0,1,1,0,0,20260901,20261016
LIO_3a346f1b7b794359135f,0,0,0,0,1,0,0,20261106,20261218
LIO_3a4a044232474e33312b,0,0,0,0,0,0,1,20260802,20260927
LIO_3a4e68395045445e3570,0,0,1,0,0,0,0,20260803,20261231
LIO_3a511f30370a721b2433,0,0,0,0,0,1,0,20260801,20260829
LIO_3b09390537191f550750,1,0,0,0,0,0,0,20260907,20270830
LIO_3b0d0a205721144a1f02,0,0,0,1,0,0,0,20260903,20270826
LIO_3b110f002e63067b2820,1,1,1,1,1,0,0,20260901,20260925
LIO_3b31225a14256e6d1e41,1,1,1,1,1,1,0,20270206,20270220
LIO_3c3545456c7139681d6c,0,0,0,0,1,0,0,20260904,20270702
LIO_3c461d41614c397f4b47,0,0,0,0,0,1,0,20260801,20270831
LIO_3c57162a6f2449753f29,0,0,0,0,0,0,1,20260906,20261011
LIO_3c58707106303413757d,0,0,1,0,0,1,0,20260801,20270831
LIO_3c781b427e2462303d4a,0,0,0,0,0,1,0,20260905,20270626
LIO_3e46195508095d36235f,1,1,1,1,1,0,0,20270104,20270831
LIO_3f1b5e487a23197b626f,1,1,0,1,1,0,0,20260803,20260831
LIO_3f575e1f5f6d63575f07,1,1,1,1,1,1,0,20260901,20270702
LIO_3f5f092e4278577f5702,0,0,0,0,0,0,0,20260803,20270831
LIO_413540202d587762046a,0,0,0,0,0,0,0,20260802,20270831
LIO_416039027b4e59137846,0,0,0,0,1,0,0,20260904,20270702
LIO_4161404f6e1d206c551d,0,0,0,0,0,0,0,20260901,20270831
LIO_4210105e07251f32714c,0,0,0,0,0,0,1,20260906,20260920
LIO_421e74376e77564d7d6e,1,0,1,0,0,0,1,20260802,20260830
LIO_4222041c237916795e5b,0,0,0,0,0,1,1,20260905,20270829
LIO_43151b375409794e0c09,0,0,0,0,0,1,1,20260801,20260823
LIO_44015d5f0d6011480a75,1,0,0,1,0,0,0,20260903,20270701
LIO_441b367c0e7b016b630e,1,1,0,1,1,0,0,20260803,20270831
LIO_44487e3c3e7f21570e19,1,1,0,1,0,0,0,20260901,20270701
LIO_44497940805833595f64,1,1,0,1,1,0,0,20270105,20270205
LIO_451f4904156d3426551d,0,0,0,0,0,1,1,20260801,20270831
LIO_453d6066347c5b162200,1,0,0,1,0,0,0,20270422,20270701
LIO_456526736278083e573b,1,1,0,1,1,0,0,20261102,20270528
LIO_456d1c23155b1f390f2b,1,1,1,1,1,0,0,20261103,20261218
LIO_456e647057623f581d57,1,1,0,1,1,0,0,20260901,20270831
LIO_462e370b72021849012d,0,0,0,0,0,1,1,20260801,20261212
LIO_4631597616785d507d07,0,1,0,1,0,0,0,20260901,20270701
LIO_47051a34570e54472b1e,0,0,0,0,0,0,0,20261019,20270830
LIO_470c2b026954373b2a2c,0,0,1,0,0,0,0,20260902,20270831
LIO_48016b1f0a1449121220,0,0,0,0,0,1,0,20260905,20270626
LIO_4862254b39351a432821,0,0,0,0,0,1,1,20260801,20270829
LIO_486b294706564a373d04,0,0,0,0,0,0,0,20260901,20270702
LIO_494a652c1e455e3d7c72,1,1,1,1,1,0,0,20260901,20270702
LIO_494c103a0c600f5b155d,0,0,0,0,0,0,0,20260902,20270630
LIO_494c67750b6a627f361c,0,1,1,1,0,1,0,20260801,20260829
LIO_495e5f3d32634b3b5042,1,1,0,1,1,0,0,20260901,20270831
LIO_4976414a6c481f5b737b,0,0,0,0,1,0,0,20260801,20270831
LIO_4a7c124f6500586d7f0a,1,1,1,1,1,1,1,20260901,20270702
LIO_4b011b4b727a36540459,1,1,1,0,1,0,0,20260803,20260831
LIO_4b1726772b4f753f5c65,0,0,0,0,0,0,0,20260803,20270831
LIO_4b486d3f75551347753d,1,1,1,1,1,1,1,20260901,20270831
LIO_4c43477d514d257c5e36,0,0,0,0,0,1,0,20260801,20270829
LIO_4c5a3b10242365343140,0,0,1,0,0,0,0,20270106,20270831
LIO_4d0d1262366b6d170878,0,0,0,0,0,0,0,20261019,20270415
LIO_4d5937526b3b473f041c,0,0,0,0,0,1,1,20260801,20260830
LIO_4d6c6d65113953254f10,0,0,0,0,0,1,0,20260801,20260829
LIO_4e3d4c28307d7d150c33,0,0,0,0,0,0,1,20260802,20270829
LIO_4e3f30715c2160755238,1,1,1,1,1,0,0,20260901,20261211
LIO_4f0277002864772e6462,1,1,1,1,1,1,0,20260901,20270831
LIO_4f4267453b7818283210,1,1,1,1,1,0,0,20260803,20270831
LIO_4f4646535648676d7530,0,0,0,0,0,0,0,20261021,20270507
LIO_50521e56012a80000201,1,1,1,1,1,1,0,20260801,20270831
LIO_5065215606115736673f,0,1,0,1,0,1,0,20260801,20260829
LIO_50675737213e13080f20,0,0,0,0,0,0,1,20260802,20270829
LIO_5314150a3d550a560d5b,0,0,1,0,0,0,0,20270106,20270203
LIO_53186d2a0b1d1a4d056f,0,0,0,0,0,1,0,20260801,20261031
LIO_532f183979447e352238,0,0,1,0,0,0,0,20261104,20270630
LIO_532f7e634a3b56246321,0,0,0,1,0,0,0,20260903,20270826
LIO_5358692d1f3e005d4131,0,0,0,0,0,0,1,20260802,20260830
LIO_54671a3201207c557567,1,1,1,1,1,0,0,20261019,20261030
LIO_550933516a260912581e,1,1,1,1,1,1,0,20260801,20270102
LIO_553d275f1455102c362a,1,1,0,1,1,0,0,20260901,20270702
LIO_55465b0d6e285768785e,1,1,1,1,1,1,0,20261102,20261218
LIO_554b630955771e7c2224,1,1,1,1,1,1,1,20260801,20260831
LIO_5563501f074c6e0c5a5f,1,1,1,1,1,0,0,20270105,20270205
LIO_56061576073054406d39,0,0,0,0,0,0,0,20261017,20270507
LIO_56423a61217e29054130,1,0,0,1,0,0,0,20261105,20261217
LIO_564315441b2f1d593c43,0,0,0,0,0,0,0,20260803,20270831
LIO_56503068545a67725c79,1,1,1,1,1,0,0,20260901,20270702
LIO_57545b546d4109654e3d,0,0,0,0,0,1,1,20260905,20270829
LIO_58290a4d0c2868096f76,0,0,0,0,0,0,1,20260802,20261206
LIO_582f143419134c0b4146,0,0,0,0,1,0,0,20260802,20270829
LIO_5839460d757725570f41,0,0,0,0,0,0,1,20260906,20270627
LIO_59445e7d50034e156e11,0,0,0,0,0,0,0,20261017,20270831
LIO_5956697b622423616033,1,0,0,1,0,0,0,20270107,20270204
LIO_597325055c30707c624a,1,1,0,0,1,0,0,20260901,20270831
LIO_59737b0d0f044b52693e,0,0,0,0,0,0,0,20261019,20270831
LIO_5a1a4e292a436d472b15,1,1,1,1,1,0,0,20260803,20270831
LIO_5a1f120d085a5346570a,1,1,1,1,1,1,0,20260901,20261212
LIO_5b312755402c4b435721,1,1,1,1,1,0,1,20260901,20270702
LIO_5b4a7050313d49027b3b,0,0,0,0,0,0,1,20260802,20261115
LIO_5b4c771e484537670d1c,1,1,1,1,1,0,0,20260803,20261030
LIO_5b6745442a4c5624604c,1,1,1,1,1,0,0,20260901,20270831
LIO_5c3f0c273c5f637c7951,0,0,0,0,0,0,0,20260905,20270829
LIO_5c40801d1d0814552047,1,1,1,1,1,0,0,20260801,20270831
LIO_5c641b1d617306354224,1,1,0,1,1,0,0,20260901,20270702
LIO_5c6675075853192e2933,1,1,1,1,1,0,0,20260803,20270831
LIO_5c70287c73060b3a3414,1,1,1,1,1,0,0,20260901,20270129
LIO_5d0330253a2154417274,1,1,1,1,1,1,0,20260801,20270830
LIO_5d3f35696f0f295d693b,0,1,1,1,1,1,0,20260801,20260829
LIO_5e39134b3d4f67553565,1,1,1,1,1,1,0,20260901,20261016
LIO_5e507c283847542b3f60,1,1,0,1,1,0,0,20260901,20261211
LIO_5e744a4e304b4b437d14,0,1,1,1,0,0,0,20260901,20270701
LIO_5f15531a7365556a7f11,1,1,0,1,1,0,0,20260803,20270831
LIO_5f3b14044e5450526210,1,1,1,1,0,0,0,20270420,20270701
LIO_605b5a3f77160839756b,0,0,0,0,0,1,0,20270206,20270220
LIO_605d7c415e7135757f46,0,0,0,0,0,0,0,20260801,20270831
LIO_61121d2d1b1669750837,0,0,0,0,0,0,1,20261004,20270530
LIO_61142e5209166c0c1864,0,0,0,0,0,0,1,20260906,20270627
LIO_61326f086a6664605f32,0,0,0,0,0,0,0,20260801,20270831
LIO_614f3d59350e4c517f10,0,0,0,0,1,1,0,20260801,20260829
LIO_624f456d0c1a3f026c1e,0,0,0,0,1,0,1,20260831,20270702
LIO_62726c2645063e3c4515,1,1,1,1,1,1,1,20260901,20270829
LIO_634b592b186b573b6758,0,0,0,0,0,0,1,20270606,20270829
LIO_640f680c4638587a243f,1,0,0,0,0,0,0,20270301,20270322
LIO_64591c7f25663c1b7675,1,1,1,1,1,1,1,20260801,20270831
LIO_65277b7a215d3a0d2c3f,1,1,0,1,1,1,0,20260801,20270831
LIO_652a3963122e1f595454,0,0,0,0,0,1,1,20260905,20270627
LIO_66045c436f21243b630d,1,1,1,1,1,0,0,20260803,20260828
LIO_66083f326a5e49151d1c,0,0,0,0,0,1,0,20260801,20261212
LIO_66763b4d614a74781d79,0,0,0,0,0,0,1,20260906,20270829
LIO_667e3a2719012b606b74,1,1,0,1,1,0,0,20270223,20270402
LIO_670f5f031d4f562d1803,1,1,0,0,1,1,1,20260801,20260825
LIO_68174b1f17562a355a6f,0,0,0,1,0,0,0,20260806,20260827
LIO_68350f74234b1241330b,0,0,0,0,0,1,1,20270703,20270829
LIO_69181125652d7e4d6a80,1,1,1,1,1,0,0,20260803,20260831
LIO_69657d056e34304a6e14,0,1,1,1,1,0,0,20260901,20270831
LIO_6966080c7a1027192e6a,1,0,0,0,0,0,0,20261109,20261214
LIO_6a0f287e48307c0e1b55,0,0,0,0,0,1,0,20260801,20270831
LIO_6a233617047119584137,1,1,0,1,1,1,0,20260901,20270831
LIO_6a436638246540256429,0,0,0,0,0,0,0,20260801,20270831
LIO_6a79251b17087f247c2d,0,1,1,1,1,0,0,20260901,20270702
LIO_6b1b632d1a4039170e73,1,1,1,1,0,0,0,20260901,20270831
LIO_6b682d375b201e13411c,1,1,0,0,1,0,0,20260803,20260825
LIO_6b7b3b1e2850025d5144,0,1,0,0,1,0,0,20260901,20270702
LIO_6c047c7b6c01797a3441,1,1,0,1,1,1,0,20260801,20260831
LIO_6d0c424c36686c087407,1,1,1,1,1,1,0,20270703,20270831
LIO_6e5055101e69084b3c50,0,0,0,0,1,0,0,20260904,20261016
LIO_6e5279406c6c6a172f7e,1,1,1,1,0,0,0,20270223,20270401
LIO_6e62797f6b2e492f4015,1,1,1,1,0,0,0,20260803,20270831
LIO_6e63331c083228186b3c,1,0,0,0,0,0,0,20260907,20270628
LIO_6f166c68066d266f1856,1,1,1,1,1,1,0,20260901,20260926
LIO_700e3c046b76752b6946,0,0,0,0,0,0,1,20260906,20270627
LIO_701e3479776053631515,0,0,1,0,0,0,0,20261104,20261216
LIO_702c275e051204394d01,1,1,1,1,1,1,0,20260801,20260831
LIO_713560301b0e3d406154,1,1,0,0,1,0,0,20260803,20260831
LIO_71420d14720c18150766,1,1,1,1,1,1,0,20260802,20270829
LIO_720d6d79682d7f440326,1,1,1,1,1,1,1,20260901,20270831
LIO_720e2d0f476223047d12,0,0,0,0,0,0,0,20261017,20270417
LIO_736a5f7b1822046a741e,1,1,1,1,1,1,0,20261103,20261218
LIO_74090b0b134016141168,1,1,1,1,1,0,0,20260803,20260930
LIO_750d306e2d7c23677772,0,0,1,0,0,0,0,20270224,20270331
LIO_752029447a73653d7221,0,0,0,0,0,0,0,20261018,20270829
LIO_7580787a5c0d7b3a757a,0,0,0,0,0,1,0,20260905,20270626
LIO_76052c0d0d6a027a096d,1,1,1,1,1,0,1,20260901,20270702
LIO_76562533406e28661301,1,1,1,1,1,0,0,20260803,20270831
LIO_765f5f5361572b092324,0,0,0,0,0,1,0,20270424,20270626
LIO_770b5f7341607c6e7b5f,0,0,1,0,0,0,0,20260803,20270831
LIO_77480a5d242d6c0f1537,1,1,1,1,1,0,0,20260901,20270831
LIO_780460792c68751e5d21,1,1,1,1,1,0,1,20260802,20270829
LIO_78526b332b5c49775d55,0,0,0,0,0,0,0,20260803,20270830
LIO_786a0a26242d5c283732,0,0,0,0,1,0,0,20260807,20270827
LIO_791e712d420e14727657,0,1,1,1,1,0,0,20260901,20270702
LIO_79205e122e21020a041d,0,0,0,0,0,0,0,20260901,20270702
LIO_79634f716a31375a174a,0,0,0,0,0,1,0,20260905,20261212
LIO_79640261044e70506416,0,0,0,0,1,0,0,20260801,20270831
LIO_7a137a5845210c196028,1,1,1,1,1,0,0,20260801,20270831
LIO_7a442c742d633f684236,0,0,0,0,0,0,0,20260831,20270831
LIO_7a7c2673351c18595c18,0,0,0,0,0,1,1,20260905,20270829
LIO_7b552e572f7b2a1d3a62,1,1,1,1,1,1,1,20260801,20260830
LIO_7c2b205e3c250e21664b,0,0,0,0,0,1,0,20261107,20261212
LIO_7c3c525f1e741923751d,0,0,0,0,0,1,0,20270109,20270828
LIO_7c40501f37807a467b28,1,1,1,1,1,0,0,20270705,20270831
LIO_7c7c74754b153d2d4a26,1,1,1,1,1,0,0,20261102,20270702
LIO_7f25501a30683c20583f,1,1,1,1,1,0,0,20261102,20270528
LIO_7f443a14596255477616,1,1,1,1,1,0,0,20260901,20270702
MAC_1,1,0,0,1,0,0,0,20241224,20261231
MAC_2,0,1,1,0,1,0,0,20241224,20261231
MAC_3,1,1,1,1,1,1,1,20241224,20261231
MAC_4,1,1,1,1,1,0,0,20241224,20261231
MAC_5,1,1,1,1,1,1,1,20241224,20261231
MAN_07910040834,0,0,0,0,0,1,0,20251020,20261231
MAN_07910040851,0,0,0,0,0,1,0,20251020,20261231
MAN_07910040908,0,0,0,0,0,1,0,20251020,20261231
MAN_07910040925,0,0,0,0,0,1,0,20251020,20261231
MAN_07910040942,0,0,0,0,0,1,0,20251020,20261231
MAN_07910040959,0,0,0,0,0,1,0,20251020,20261231
MAN_07910041016,0,0,0,0,0,1,0,20251020,20261231
MAN_07910041033,0,0,0,0,0,1,0,20251020,20261231
MAN_07910041050,0,0,0,0,0,1,0,20251020,20261231
MAN_07910041107,0,0,0,0,0,1,0,20251020,20261231
MAN_07910041124,0,0,0,0,0,1,0,20251020,20261231
MAN_07910041141,0,0,0,0,0,1,0,20251020,20261231
MAN_07910041158,0,0,0,0,0,1,0,20251020,20261231
MAN_07910041215,0,0,0,0,0,1,0,20251020,20261231
MAN_07910041232,0,0,0,0,0,1,0,20251020,20261231
MAN_07910041249,0,0,0,0,0,1,0,20251020,20261231
MAN_07910041306,0,0,0,0,0,1,0,20251020,20261231
MAN_07910041323,0,0,0,0,0,1,0,20251020,20261231
MAN_07910041340,0,0,0,0,0,1,0,20251020,20261231
MAN_07910041357,0,0,0,0,0,1,0,20251020,20261231
MAN_07910041414,0,0,0,0,0,1,0,20251020,20261231
MAN_07910041431,0,0,0,0,0,1,0,20251020,20261231
MAN_07910041448,0,0,0,0,0,1,0,20251020,20261231
MAN_07910041505,0,0,0,0,0,1,0,20251020,20261231
MAN_07910041522,0,0,0,0,0,1,0,20251020,20261231
MAN_07910041539,0,0,0,0,0,1,0,20251020,20261231
MAN_07910041556,0,0,0,0,0,1,0,20251020,20261231
MAN_07910041613,0,0,0,0,0,1,0,20251020,20261231
MAN_07910041630,0,0,0,0,0,1,0,20251020,20261231
MAN_07910041647,0,0,0,0,0,1,0,20251020,20261231
MAN_07910041704,0,0,0,0,0,1,0,20251020,20261231
MAN_07910041721,0,0,0,0,0,1,0,20251020,20261231
MAN_07910041738,0,0,0,0,0,1,0,20251020,20261231
MAN_07910041755,0,0,0,0,0,1,0,20251020,20261231
MAN_07910041812,0,0,0,0,0,1,0,20251020,20261231
MAN_07910041829,0,0,0,0,0,1,0,20251020,20261231
MAN_07910041846,0,0,0,0,0,1,0,20251020,20261231
MAN_07910041903,0,0,0,0,0,1,0,20251020,20261231
MAN_07910041920,0,0,0,0,0,1,0,20251020,20261231
MAN_07910041937,0,0,0,0,0,1,0,20251020,20261231
MAN_07910041954,0,0,0,0,0,1,0,20251020,20261231
MAN_07910042011,0,0,0,0,0,1,0,20251020,20261231
MAN_07910042028,0,0,0,0,0,1,0,20251020,20261231
MAN_07910042045,0,0,0,0,0,1,0,20251020,20261231
MAN_07910042119,0,0,0,0,0,1,0,20251020,20261231
MAN_07910042203,0,0,0,0,0,1,0,20251020,20261231
MAN_07910050537,0,0,0,0,0,1,0,20260629,20261231
MAN_07910050611,0,0,0,0,0,1,0,20260629,20261231
MAN_07910050641,0,0,0,0,0,1,0,20260629,20261231
MAN_07910050702,0,0,0,0,0,1,0,20260629,20261231
MAN_07910050722,0,0,0,0,0,1,0,20260629,20261231
MAN_07910050743,0,0,0,0,0,1,0,20260629,20261231
MAN_07910050804,0,0,0,0,0,1,0,20260629,20261231
MAN_07910050825,0,0,0,0,0,1,0,20260629,20261231
MAN_07910102102,0,0,0,0,0,1,0,20251020,20261231
MAN_07910102136,0,0,0,0,0,1,0,20251020,20261231
MAN_07910102241,0,0,0,0,0,1,0,20251020,20261231
MAN_07910110520,0,0,0,0,0,1,0,20251020,20261231
MAN_07920040534,0,0,0,0,0,1,0,20251020,20261231
MAN_07920040604,0,0,0,0,0,1,0,20251020,20261231
MAN_07920040634,0,0,0,0,0,1,0,20251020,20261231
MAN_07920040700,0,0,0,0,0,1,0,20251020,20261231
MAN_07920040715,0,0,0,0,0,1,0,20251020,20261231
MAN_07920040735,0,0,0,0,0,1,0,20251020,20261231
MAN_07920040755,0,0,0,0,0,1,0,20251020,20261231
MAN_07920040816,0,0,0,0,0,1,0,20251020,20261231
MAN_07920040835,0,0,0,0,0,1,0,20251020,20261231
MAN_07920040855,0,0,0,0,0,1,0,20251020,20261231
MAN_07920040915,0,0,0,0,0,1,0,20251020,20261231
MAN_07920040935,0,0,0,0,0,1,0,20251020,20261231
MAN_07920040955,0,0,0,0,0,1,0,20251020,20261231
MAN_07920041015,0,0,0,0,0,1,0,20251020,20261231
MAN_07920041035,0,0,0,0,0,1,0,20251020,20261231
MAN_07920041055,0,0,0,0,0,1,0,20251020,20261231
MAN_07920041115,0,0,0,0,0,1,0,20251020,20261231
MAN_07920041135,0,0,0,0,0,1,0,20251020,20261231
MAN_07920041155,0,0,0,0,0,1,0,20251020,20261231
MAN_07920041215,0,0,0,0,0,1,0,20251020,20261231
MAN_07920041235,0,0,0,0,0,1,0,20251020,20261231
MAN_07920041255,0,0,0,0,0,1,0,20251020,20261231
MAN_07920041315,0,0,0,0,0,1,0,20251020,20261231
MAN_07920041335,0,0,0,0,0,1,0,20251020,20261231
MAN_07920041355,0,0,0,0,0,1,0,20251020,20261231
MAN_07920041415,0,0,0,0,0,1,0,20251020,20261231
MAN_07920041435,0,0,0,0,0,1,0,20251020,20261231
MAN_07920041455,0,0,0,0,0,1,0,20251020,20261231
MAN_07920041515,0,0,0,0,0,1,0,20251020,20261231
MAN_07920041535,0,0,0,0,0,1,0,20251020,20261231
MAN_07920041555,0,0,0,0,0,1,0,20251020,20261231
MAN_07920041615,0,0,0,0,0,1,0,20251020,20261231
MAN_07920041635,0,0,0,0,0,1,0,20251020,20261231
MAN_07920041655,0,0,0,0,0,1,0,20251020,20261231
MAN_07920041715,0,0,0,0,0,1,0,20251020,20261231
MAN_07920041735,0,0,0,0,0,1,0,20251020,20261231
MAN_07920041755,0,0,0,0,0,1,0,20251020,20261231
MAN_07920041815,0,0,0,0,0,1,0,20251020,20261231
MAN_07920041835,0,0,0,0,0,1,0,20251020,20261231
MAN_07920041855,0,0,0,0,0,1,0,20251020,20261231
MAN_07920041915,0,0,0,0,0,1,0,20251020,20261231
MAN_07920041935,0,0,0,0,0,1,0,20251020,20261231
MAN_07920041955,0,0,0,0,0,1,0,20251020,20261231
MAN_07920042015,0,0,0,0,0,1,0,20251020,20261231
MAN_07920042035,0,0,0,0,0,1,0,20251020,20261231
MAN_07920042055,0,0,0,0,0,1,0,20251020,20261231
MAN_07920042115,0,0,0,0,0,1,0,20251020,20261231
MAN_07920042135,0,0,0,0,0,1,0,20251020,20261231
MAN_07920042155,0,0,0,0,0,1,0,20251020,20261231
MAN_07920052215,0,0,0,0,0,1,0,20251020,20261231
MAN_07920120520,0,0,0,0,0,1,0,20251020,20261231
MAN_07930050847,0,0,0,0,0,1,0,20260720,20261231
MAN_07930050918,0,0,0,0,0,1,0,20260720,20261231
MAN_07930050947,0,0,0,0,0,1,0,20260720,20261231
MAN_07930051017,0,0,0,0,0,1,0,20260720,20261231
MAN_07930051047,0,0,0,0,0,1,0,20260720,20261231
MAN_07930051117,0,0,0,0,0,1,0,20260720,20261231
MAN_07930051147,0,0,0,0,0,1,0,20260720,20261231
MAN_07930051218,0,0,0,0,0,1,0,20260720,20261231
MAN_07930051247,0,0,0,0,0,1,0,20260720,20261231
MAN_07930051317,0,0,0,0,0,1,0,20260720,20261231
MAN_07930051347,0,0,0,0,0,1,0,20260720,20261231
MAN_07930051417,0,0,0,0,0,1,0,20260720,20261231
MAN_07930051447,0,0,0,0,0,1,0,20260720,20261231
MAN_07930051517,0,0,0,0,0,1,0,20260720,20261231
MAN_07930051547,0,0,0,0,0,1,0,20260720,20261231
MAN_07930051617,0,0,0,0,0,1,0,20260720,20261231
MAN_07930051647,0,0,0,0,0,1,0,20260720,20261231
MAN_07930051717,0,0,0,0,0,1,0,20260720,20261231
MAN_07930051747,0,0,0,0,0,1,0,20260720,20261231
MAN_07930051817,0,0,0,0,0,1,0,20260720,20261231
MAN_07930051847,0,0,0,0,0,1,0,20260720,20261231
MAN_07930051917,0,0,0,0,0,1,0,20260720,20261231
MAN_07930051947,0,0,0,0,0,1,0,20260720,20261231
MAN_07930052017,0,0,0,0,0,1,0,20260720,20261231
MAN_07930052047,0,0,0,0,0,1,0,20260720,20261231
MAN_07930062117,0,0,0,0,0,1,0,20260720,20261231
MAN_07930100830,0,0,0,0,0,1,0,20260720,20261231
MAN_07940140840,0,0,0,0,0,1,0,20251020,20261231
MAN_07940140920,0,0,0,0,0,1,0,20251020,20261231
MAN_07940141000,0,0,0,0,0,1,0,20251020,20261231
MAN_07940141040,0,0,0,0,0,1,0,20251020,20261231
MAN_07940141120,0,0,0,0,0,1,0,20251020,20261231
MAN_07940141200,0,0,0,0,0,1,0,20251020,20261231
MAN_07940141240,0,0,0,0,0,1,0,20251020,20261231
MAN_07940141320,0,0,0,0,0,1,0,20251020,20261231
MAN_07940141600,0,0,0,0,0,1,0,20251020,20261231
MAN_07940141640,0,0,0,0,0,1,0,20251020,20261231
MAN_07940141720,0,0,0,0,0,1,0,20251020,20261231
MAN_07940141800,0,0,0,0,0,1,0,20251020,20261231
MAN_07940141840,0,0,0,0,0,1,0,20251020,20261231
MAN_07940141920,0,0,0,0,0,1,0,20251020,20261231
MAN_07940142000,0,0,0,0,0,1,0,20251020,20261231
MAN_07940142040,0,0,0,0,0,1,0,20251020,20261231
MAN_07940142120,0,0,0,0,0,1,0,20251020,20261231
MAN_07950031108,0,0,0,0,0,0,1,20260720,20261231
MAN_07950031216,0,0,0,0,0,0,1,20260720,20261231
MAN_07950031324,0,0,0,0,0,0,1,20260720,20261231
MAN_07950031708,0,0,0,0,0,0,1,20260720,20261231
MAN_07950031816,0,0,0,0,0,0,1,20260720,20261231
MAN_07950031924,0,0,0,0,0,0,1,20260720,20261231
MAN_07950110910,0,0,0,0,0,1,0,20260720,20261231
MAN_07950111010,0,0,0,0,0,1,0,20260720,20261231
MAN_07950111110,0,0,0,0,0,1,0,20260720,20261231
MAN_07950111210,0,0,0,0,0,1,0,20260720,20261231
MAN_07950111310,0,0,0,0,0,1,0,20260720,20261231
MAN_07950111610,0,0,0,0,0,1,0,20260720,20261231
MAN_07950111710,0,0,0,0,0,1,0,20260720,20261231
MAN_07950111810,0,0,0,0,0,1,0,20260720,20261231
MAN_07950111910,0,0,0,0,0,1,0,20260720,20261231
MAN_07950112010,0,0,0,0,0,1,0,20260720,20261231
MAN_07950112110,0,0,0,0,0,1,0,20260720,20261231
MAN_07951060940,0,0,0,0,0,1,0,20260720,20261231
MAN_07951061040,0,0,0,0,0,1,0,20260720,20261231
MAN_07951061140,0,0,0,0,0,1,0,20260720,20261231
MAN_07951061145,0,0,0,0,0,0,1,20260720,20261231
MAN_07951061240,0,0,0,0,0,1,0,20260720,20261231
MAN_07951061253,0,0,0,0,0,0,1,20260720,20261231
MAN_07951061640,0,0,0,0,0,1,0,20260720,20261231
MAN_07951061740,0,0,0,0,0,1,0,20260720,20261231
MAN_07951061745,0,0,0,0,0,0,1,20260720,20261231
MAN_07951061840,0,0,0,0,0,1,0,20260720,20261231
MAN_07951061853,0,0,0,0,0,0,1,20260720,20261231
MAN_07951061940,0,0,0,0,0,1,0,20260720,20261231
MAN_07951062040,0,0,0,0,0,1,0,20260720,20261231
MAN_07951062140,0,0,0,0,0,1,0,20260720,20261231
MAN_07951090902,0,0,0,0,0,1,0,20260720,20261231
MAN_07951091100,0,0,0,0,0,0,1,20260720,20261231
MAN_07951091602,0,0,0,0,0,1,0,20260720,20261231
MAN_07951091700,0,0,0,0,0,0,1,20260720,20261231
MAN_07951101340,0,0,0,0,0,1,0,20260720,20261231
MAN_07951101401,0,0,0,0,0,0,1,20260720,20261231
MAN_07951102001,0,0,0,0,0,0,1,20260720,20261231
MAN_07960070810,0,0,0,0,0,0,1,20260720,20261231
MAN_07960070853,0,0,0,0,0,0,1,20260720,20261231
MAN_07960070936,0,0,0,0,0,0,1,20260720,20261231
MAN_07960071019,0,0,0,0,0,0,1,20260720,20261231
MAN_07960071102,0,0,0,0,0,0,1,20260720,20261231
MAN_07960071145,0,0,0,0,0,0,1,20260720,20261231
MAN_07960071228,0,0,0,0,0,0,1,20260720,20261231
MAN_07960071311,0,0,0,0,0,0,1,20260720,20261231
MAN_07960071354,0,0,0,0,0,0,1,20260720,20261231
MAN_07960071437,0,0,0,0,0,0,1,20260720,20261231
MAN_07960071520,0,0,0,0,0,0,1,20260720,20261231
MAN_07960071603,0,0,0,0,0,0,1,20260720,20261231
MAN_07960071646,0,0,0,0,0,0,1,20260720,20261231
MAN_07960071729,0,0,0,0,0,0,1,20260720,20261231
MAN_07960071812,0,0,0,0,0,0,1,20260720,20261231
MAN_07960071855,0,0,0,0,0,0,1,20260720,20261231
MAN_07960071938,0,0,0,0,0,0,1,20260720,20261231
MAN_07960072021,0,0,0,0,0,0,1,20260720,20261231
MAN_07960072104,0,0,0,0,0,0,1,20260720,20261231
MAN_07960072147,0,0,0,0,0,0,1,20260720,20261231
MAN_07960072230,0,0,0,0,0,0,1,20260720,20261231
MAN_07970130800,0,0,0,0,0,0,1,20260720,20261231
MAN_07970130843,0,0,0,0,0,0,1,20260720,20261231
MAN_07970130926,0,0,0,0,0,0,1,20260720,20261231
MAN_07970131009,0,0,0,0,0,0,1,20260720,20261231
MAN_07970131052,0,0,0,0,0,0,1,20260720,20261231
MAN_07970131135,0,0,0,0,0,0,1,20260720,20261231
MAN_07970131218,0,0,0,0,0,0,1,20260720,20261231
MAN_07970131301,0,0,0,0,0,0,1,20260720,20261231
MAN_07970131344,0,0,0,0,0,0,1,20260720,20261231
MAN_07970131427,0,0,0,0,0,0,1,20260720,20261231
MAN_07970131510,0,0,0,0,0,0,1,20260720,20261231
MAN_07970131553,0,0,0,0,0,0,1,20260720,20261231
MAN_07970131636,0,0,0,0,0,0,1,20260720,20261231
MAN_07970131719,0,0,0,0,0,0,1,20260720,20261231
MAN_07970131802,0,0,0,0,0,0,1,20260720,20261231
MAN_07970131845,0,0,0,0,0,0,1,20260720,20261231
MAN_07970131928,0,0,0,0,0,0,1,20260720,20261231
MAN_07970132011,0,0,0,0,0,0,1,20260720,20261231
MAN_07970132054,0,0,0,0,0,0,1,20260720,20261231
MAN_07970132137,0,0,0,0,0,0,1,20260720,20261231
MAN_07970132220,0,0,0,0,0,0,1,20260720,20261231
MAN_07980020005,0,0,0,0,0,0,1,20250120,20261231
MAN_07980020551,0,0,0,0,0,1,0,20250120,20261231
MAN_07980020651,0,0,0,0,0,1,0,20250120,20261231
MAN_07980020750,0,0,0,0,0,1,0,20250120,20261231
MAN_07980020820,0,0,0,0,0,1,0,20250120,20261231
MAN_07980020821,0,0,0,0,0,0,1,20250120,20261231
MAN_07980020850,0,0,0,0,0,1,0,20250120,20261231
MAN_07980020920,0,0,0,0,0,1,0,20250120,20261231
MAN_07980020921,0,0,0,0,0,0,1,20250120,20261231
MAN_07980020950,0,0,0,0,0,1,0,20250120,20261231
MAN_07980021020,0,0,0,0,0,1,0,20250120,20261231
MAN_07980021021,0,0,0,0,0,0,1,20250120,20261231
MAN_07980021045,0,0,0,0,0,1,0,20250120,20261231
MAN_07980021120,0,0,0,0,0,1,0,20250120,20261231
MAN_07980021121,0,0,0,0,0,0,1,20250120,20261231
MAN_07980021155,0,0,0,0,0,1,0,20250120,20261231
MAN_07980021220,0,0,0,0,0,0,1,20250120,20261231
MAN_07980021230,0,0,0,0,0,1,0,20250120,20261231
MAN_07980021305,0,0,0,0,0,1,0,20250120,20261231
MAN_07980021320,0,0,0,0,0,0,1,20250120,20261231
MAN_07980021340,0,0,0,0,0,1,0,20250120,20261231
MAN_07980021415,0,0,0,0,0,1,0,20250120,20261231
MAN_07980021422,0,0,0,0,0,0,1,20250120,20261231
MAN_07980021450,0,0,0,0,0,1,0,20250120,20261231
MAN_07980021520,0,0,0,0,0,0,1,20250120,20261231
MAN_07980021525,0,0,0,0,0,1,0,20250120,20261231
MAN_07980021600,0,0,0,0,0,1,0,20250120,20261231
MAN_07980021620,0,0,0,0,0,0,1,20250120,20261231
MAN_07980021635,0,0,0,0,0,1,0,20250120,20261231
MAN_07980021711,0,0,0,0,0,1,0,20250120,20261231
MAN_07980021720,0,0,0,0,0,0,1,20250120,20261231
MAN_07980021745,0,0,0,0,0,1,0,20250120,20261231
MAN_07980021820,0,0,0,0,0,1,0,20250120,20261231
MAN_07980021821,0,0,0,0,0,0,1,20250120,20261231
MAN_07980021855,0,0,0,0,0,1,0,20250120,20261231
MAN_07980021921,0,0,0,0,0,0,1,20250120,20261231
MAN_07980021930,0,0,0,0,0,1,0,20250120,20261231
MAN_07980022005,0,0,0,0,0,1,0,20250120,20261231
MAN_07980022020,0,0,0,0,0,0,1,20250120,20261231
MAN_07980022040,0,0,0,0,0,1,0,20250120,20261231
MAN_07980022115,0,0,0,0,0,1,0,20250120,20261231
MAN_07980022121,0,0,0,0,0,0,1,20250120,20261231
MAN_07980022150,0,0,0,0,0,1,0,20250120,20261231
MAN_07980022220,0,0,0,0,0,0,1,20250120,20261231
MAN_07980022300,0,0,0,0,0,1,0,20250120,20261231
MAN_07980022320,0,0,0,0,0,0,1,20250120,20261231
MAN_07981060522,0,0,0,0,0,1,0,20250120,20261231
MAN_07981060616,0,0,0,0,0,1,0,20250120,20261231
MAN_07981060715,0,0,0,0,0,1,0,20250120,20261231
MAN_07981060745,0,0,0,0,0,1,0,20250120,20261231
MAN_07981060750,0,0,0,0,0,0,1,20250120,20261231
MAN_07981060815,0,0,0,0,0,1,0,20250120,20261231
MAN_07981060845,0,0,0,0,0,1,0,20250120,20261231
MAN_07981060850,0,0,0,0,0,0,1,20250120,20261231
MAN_07981060915,0,0,0,0,0,1,0,20250120,20261231
MAN_07981060945,0,0,0,0,0,1,0,20250120,20261231
MAN_07981060950,0,0,0,0,0,0,1,20250120,20261231
MAN_07981061015,0,0,0,0,0,1,0,20250120,20261231
MAN_07981061045,0,0,0,0,0,1,0,20250120,20261231
MAN_07981061050,0,0,0,0,0,0,1,20250120,20261231
MAN_07981061120,0,0,0,0,0,1,0,20250120,20261231
MAN_07981061150,0,0,0,0,0,0,1,20250120,20261231
MAN_07981061155,0,0,0,0,0,1,0,20250120,20261231
MAN_07981061230,0,0,0,0,0,1,0,20250120,20261231
MAN_07981061251,0,0,0,0,0,0,1,20250120,20261231
MAN_07981061305,0,0,0,0,0,1,0,20250120,20261231
MAN_07981061340,0,0,0,0,0,1,0,20250120,20261231
MAN_07981061350,0,0,0,0,0,0,1,20250120,20261231
MAN_07981061415,0,0,0,0,0,1,0,20250120,20261231
MAN_07981061450,0,0,0,0,0,1,0,20250120,20261231
MAN_07981061451,0,0,0,0,0,0,1,20250120,20261231
MAN_07981061525,0,0,0,0,0,1,0,20250120,20261231
MAN_07981061550,0,0,0,0,0,0,1,20250120,20261231
MAN_07981061600,0,0,0,0,0,1,0,20250120,20261231
MAN_07981061635,0,0,0,0,0,1,0,20250120,20261231
MAN_07981061650,0,0,0,0,0,0,1,20250120,20261231
MAN_07981061711,0,0,0,0,0,1,0,20250120,20261231
MAN_07981061745,0,0,0,0,0,1,0,20250120,20261231
MAN_07981061750,0,0,0,0,0,0,1,20250120,20261231
MAN_07981061820,0,0,0,0,0,1,0,20250120,20261231
MAN_07981061850,0,0,0,0,0,0,1,20250120,20261231
MAN_07981061855,0,0,0,0,0,1,0,20250120,20261231
MAN_07981061930,0,0,0,0,0,1,0,20250120,20261231
MAN_07981061950,0,0,0,0,0,0,1,20250120,20261231
MAN_07981062005,0,0,0,0,0,1,0,20250120,20261231
MAN_07981062040,0,0,0,0,0,1,0,20250120,20261231
MAN_07981062050,0,0,0,0,0,0,1,20250120,20261231
MAN_07981062115,0,0,0,0,0,1,0,20250120,20261231
MAN_07981062150,0,0,0,0,0,1,0,20250120,20261231
MAN_07981062151,0,0,0,0,0,0,1,20250120,20261231
MAN_07981062225,0,0,0,0,0,1,0,20250120,20261231
MAN_07981062250,0,0,0,0,0,0,1,20250120,20261231
MAN_07981062325,0,0,0,0,0,1,0,20250120,20261231
MAN_08010022130,0,0,0,0,0,1,0,20251020,20261231
MAN_08010032151,0,0,0,0,0,1,0,20260722,20261231
MAN_08010032228,0,0,0,0,0,1,0,20260722,20261231
MAN_08010032311,0,0,0,0,0,1,0,20260722,20261231
MAN_08010042348,0,0,0,0,0,1,0,20260722,20261231
MAN_08020022130,0,0,0,0,0,1,0,20251020,20261231
MAN_08020032155,0,0,0,0,0,1,0,20251020,20261231
MAN_08020032238,0,0,0,0,0,1,0,20251020,20261231
MAN_08020032315,0,0,0,0,0,1,0,20251020,20261231
MAN_08020042358,0,0,0,0,0,1,0,20251020,20261231
MAN_08040010730,1,1,1,1,1,0,0,20260615,20261231
MAN_08040010815,1,1,1,1,1,0,0,20260615,20261231
MAN_08040010900,1,1,1,1,1,0,0,20260615,20261231
MAN_08040010945,1,1,1,1,1,0,0,20260615,20261231
MAN_08040011030,1,1,1,1,1,0,0,20260615,20261231
MAN_08040011115,1,1,1,1,1,0,0,20260615,20261231
MAN_08040011200,1,1,1,1,1,0,0,20260615,20261231
MAN_08040011245,1,1,1,1,1,0,0,20260615,20261231
MAN_08040011330,1,1,1,1,1,0,0,20260615,20261231
MAN_08040011415,1,1,1,1,1,0,0,20260615,20261231
MAN_08040011500,1,1,1,1,1,0,0,20260615,20261231
MAN_08040011545,1,1,1,1,1,0,0,20260615,20261231
MAN_08040011630,1,1,1,1,1,0,0,20260615,20261231
MAN_08040011715,1,1,1,1,1,0,0,20260615,20261231
MAN_08040011800,1,1,1,1,1,0,0,20260615,20261231
MAN_08040011845,1,1,1,1,1,0,0,20260615,20261231
MAN_08040011930,1,1,1,1,1,0,0,20260615,20261231
MAN_08040012015,1,1,1,1,1,0,0,20260615,20261231
MAN_08040012100,1,1,1,1,1,0,0,20260615,20261231
MAS_D,0,0,0,0,0,0,1,20260801,20270731
MAS_LMXJV,1,1,1,1,1,0,0,20260801,20270731
MAS_LMXJV-A-CONCA,1,1,1,1,1,0,0,20260801,20260831
MAS_LMXJV-A-LTV,1,1,1,1,1,0,0,20260801,20260831
MAS_LMXJV-CONCA,1,1,1,1,1,0,0,20260901,20270630
MAS_LMXJV-J-CONCA,1,1,1,1,1,0,0,20270701,20270731
MAS_LMXJV-LTV,1,1,1,1,1,0,0,20260901,20270731
MAS_N2-LMXJV,1,1,1,1,1,0,0,20260908,20270618
MAS_N2-LMXJV-JA,1,1,1,1,1,0,0,20260701,20260831
MAS_N2-LMXJV-NL,0,0,0,0,0,0,0,20260901,20270630
MAS_S,0,0,0,0,0,1,0,20260801,20270731
MAS_T5-D,0,0,0,0,0,0,1,20260801,20270731
MAS_T7-LMXJV,1,1,1,1,1,0,0,20260901,20270630
MAS_T7-LMXJV-JA,1,1,1,1,1,0,0,20260701,20260831
MON_1,1,1,1,1,1,0,0,20251217,20261231
MON_2,1,1,1,1,1,0,0,20251217,20261231
MOR_1,0,1,0,0,0,0,0,20241114,20261231
OLO_A-1,1,1,1,1,1,0,0,20260101,20261231
OLO_A-2,1,1,1,1,1,0,0,20260101,20261231
OLO_A-3,1,1,1,1,1,0,0,20260625,20260907
OLO_B-1,1,1,1,1,1,0,0,20260101,20261231
OLO_B-2,1,1,1,1,1,0,0,20260901,20270630
OLO_C-1,1,1,1,1,1,0,0,20260701,20260831
OLO_C-2,1,1,1,1,1,0,0,20260101,20261231
OLO_C-3,1,1,1,1,1,0,0,20260901,20270630
OLO_D,1,1,1,1,1,0,0,20260101,20261231
OLO_E,0,0,0,0,0,1,0,20260101,20261231
OSO_04060020855,1,1,1,1,1,0,0,20211220,20261231
OSO_04060021355,1,1,1,1,1,0,0,20211220,20261231
OSO_04060022030,1,1,1,1,1,0,0,20211220,20261231
OSO_04060030630,1,1,1,1,1,0,0,20211220,20271231
OSO_04060050755,1,1,1,1,1,0,0,20211220,20261231
OSO_04060050955,1,1,1,1,1,0,0,20211220,20261231
OSO_04060051155,1,1,1,1,1,0,0,20211220,20261231
OSO_04060051455,1,1,1,1,1,0,0,20211220,20261231
OSO_04060051655,1,1,1,1,1,0,0,20211220,20261231
OSO_04060051855,1,1,1,1,1,0,0,20211220,20261231
OSO_04061021240,1,1,1,1,1,0,0,20211220,20261231
OSO_04061021340,1,1,1,1,1,0,0,20211220,20261231
OSO_04061021740,1,1,1,1,1,0,0,20211220,20261231
OSO_04061030635,1,1,1,1,1,0,0,20211220,20261231
OSO_04061030735,1,1,1,1,1,0,0,20211220,20261231
OSO_04061030835,1,1,1,1,1,0,0,20211220,20261231
OSO_04061031035,1,1,1,1,1,0,0,20211220,20261231
OSO_04061031535,1,1,1,1,1,0,0,20211220,20261231
OSO_04061031910,1,1,1,1,1,0,0,20211220,20261231
OSO_04061060520,1,1,1,1,1,0,0,20211220,20261231
OSO_04070010830,0,0,0,0,0,1,0,20180101,20261231
OSO_04070011425,0,0,0,0,0,1,1,20211220,20261231
OSO_04070012025,0,0,0,0,0,1,1,20211220,20261231
OSO_04070021025,0,0,0,0,0,1,1,20211220,20261231
OSO_04070021730,0,0,0,0,0,1,1,20180101,20261231
OSO_04071010900,0,0,0,0,0,1,1,20211220,20261231
OSO_04071011300,0,0,0,0,0,1,1,20211220,20261231
OSO_04071011900,0,0,0,0,0,1,1,20211220,20261231
OSO_04071020705,0,0,0,0,0,1,0,20211220,20261231
OSO_04071021605,0,0,0,0,0,1,0,20211220,20261231
OSO_04071021606,0,0,0,0,0,0,1,20180101,20261231
OSO_04310011237,1,1,1,1,1,0,0,20230901,20261231
OSO_04310020702,1,1,1,1,1,0,0,20230901,20261231
OSO_04310020812,1,1,1,1,1,0,0,20230901,20261231
OSO_04310020927,1,1,1,1,1,0,0,20230901,20261231
OSO_04310021457,1,1,1,1,1,0,0,20230901,20261231
OSO_04310021612,1,1,1,1,1,0,0,20230901,20261231
OSO_04310021722,1,1,1,1,1,0,0,20230901,20261231
OSO_04310031432,1,1,1,1,1,0,0,20230901,20261231
OSO_04310040612,1,1,1,1,1,0,0,20230901,20261231
OSO_04311020630,1,1,1,1,1,0,0,20230901,20261231
OSO_04311020740,1,1,1,1,1,0,0,20230901,20261231
OSO_04311020855,1,1,1,1,1,0,0,20230901,20261231
OSO_04311021005,1,1,1,1,1,0,0,20230901,20261231
OSO_04311021535,1,1,1,1,1,0,0,20230901,20261231
OSO_04311021650,1,1,1,1,1,0,0,20230901,20261231
OSO_04311031345,1,1,1,1,1,0,0,20230901,20261231
OSO_04311041449,1,1,1,1,1,0,0,20201105,20261231
OSO_04320011550,1,1,1,1,1,0,0,20230801,20271231
OSO_04320011650,1,1,1,1,1,0,0,20230801,20271231
OSO_04320020745,1,1,1,1,1,0,0,20230801,20261231
OSO_04320020830,1,1,1,1,1,0,0,20230801,20261231
OSO_04320021300,1,1,1,1,1,0,0,20230801,20261231
OSO_04320021425,1,1,1,1,1,0,0,20230801,20261231
OSO_04330011500,1,1,1,1,1,0,0,20231001,20261231
OSO_04330021315,1,1,1,1,1,0,0,20231001,20261231
OSO_04330021730,1,1,1,1,1,0,0,20231001,20261231
OSO_04330021915,1,1,1,1,1,0,0,20231001,20261231
OSO_04330022030,1,1,1,1,1,0,0,20231001,20261231
OSO_04330031130,1,1,1,1,1,1,0,20231001,20261231
OSO_04330040800,1,1,1,1,1,0,0,20231001,20261231
OSO_04330041000,1,1,1,1,1,0,0,20231001,20261231
OSO_04330041001,0,0,0,0,0,1,0,20231001,20261231
OSO_04330050750,0,0,0,0,0,1,0,20240701,20261231
OSO_04330071300,0,0,0,0,0,1,0,20240701,20261231
OSO_04330071915,0,0,0,0,0,1,0,20240701,20261231
OSO_04331010700,1,1,1,1,1,0,0,20231001,20261231
OSO_04331020700,0,0,0,0,0,1,0,20231001,20261231
OSO_04331020830,0,0,0,0,0,1,0,20231001,20261231
OSO_04331021530,0,0,0,0,0,1,0,20231001,20261231
OSO_04331030905,1,1,1,1,1,0,0,20231001,20261231
OSO_04331031350,1,1,1,1,1,0,0,20231001,20261231
OSO_04331031750,1,1,1,1,1,0,0,20231001,20261231
OSO_04331041200,1,1,1,1,1,0,0,20231001,20261231
OSO_04331041201,0,0,0,0,0,1,0,20231001,20261231
OSO_04331041545,1,1,1,1,1,0,0,20240701,20261231
OSO_04331051050,1,1,1,1,1,1,0,20231001,20261231
OSO_04331052010,1,1,1,1,1,0,0,20231001,20261231
OSO_04331060625,1,1,1,1,1,0,0,20231001,20271231
OSO_04340010815,1,1,1,1,1,0,0,20231001,20261231
OSO_04340011715,1,1,1,1,1,0,0,20231001,20261231
OSO_04341010755,1,1,1,1,1,0,0,20231001,20261231
OSO_04341011700,1,1,1,1,1,0,0,20231001,20261231
OSO_04360010855,0,0,0,0,0,1,1,20220521,20261231
OSO_04360011345,0,0,0,0,0,1,1,20220521,20261231
OSO_04360011535,0,0,0,0,0,1,1,20220521,20261231
OSO_04360011825,0,0,0,0,0,1,1,20220521,20261231
OSO_04360021120,0,0,0,0,0,1,1,20220521,20261231
OSO_04360021220,0,0,0,0,0,1,1,20220521,20261231
OSO_04360021720,0,0,0,0,0,1,1,20220521,20261231
OSO_04361020805,0,0,0,0,0,1,1,20220521,20261231
OSO_04361021030,0,0,0,0,0,1,1,20220521,20261231
OSO_04361021440,0,0,0,0,0,1,1,20220521,20261231
OSO_04361021625,0,0,0,0,0,1,1,20220521,20261231
OSO_04361041155,0,0,0,0,0,1,1,20220521,20261231
OSO_04361041320,0,0,0,0,0,1,1,20220521,20261231
OSO_04361041755,0,0,0,0,0,1,1,20220521,20261231
OSO_04370011230,0,0,0,0,0,1,0,20231001,20261231
OSO_04370011330,1,1,1,1,1,0,0,20231001,20261231
OSO_04370030700,1,1,1,1,1,0,0,20231001,20271231
OSO_04370041415,1,1,1,1,1,0,0,20240701,20271231
OSO_04370051850,1,1,1,1,1,0,0,20260907,20261231
OSO_04371010810,0,0,0,0,0,1,0,20231001,20261231
OSO_04371010850,1,1,1,1,1,0,0,20231001,20261231
OSO_04371011340,0,0,0,0,0,1,0,20231001,20261231
OSO_04371011525,1,1,1,1,1,0,0,20231001,20261231
OSO_04371030725,1,1,1,1,1,0,0,20240701,20271231
OSO_04380010930,1,0,0,0,0,0,0,20240801,20271231
OSO_04381011040,1,0,0,0,0,0,0,20240801,20271231
OSO_04381021630,0,0,0,0,1,0,0,20240801,20271231
OSO_04410011910,1,1,1,1,1,0,0,20230901,20271231
OSO_04410021055,1,1,1,1,1,0,0,20210913,20261231
OSO_04410021550,1,1,1,1,1,0,0,20210913,20261231
OSO_04410071420,1,1,1,1,1,0,0,20210913,20261231
OSO_04410100700,1,1,1,1,1,0,0,20211108,20261231
OSO_04410110800,1,1,1,1,1,0,0,20211117,20261231
OSO_04410121550,1,1,1,1,1,0,0,20211108,20271231
OSO_04410130850,1,1,1,1,1,0,0,20230901,20271231
OSO_04410131710,1,1,1,1,1,0,0,20230901,20271231
OSO_04410141300,1,1,1,1,1,0,0,20230901,20261231
OSO_04411010610,1,1,1,1,1,0,0,20211108,20261231
OSO_04411021015,1,1,1,1,1,0,0,20180101,20261231
OSO_04411021510,1,1,1,1,1,0,0,20180101,20261231
OSO_04411041330,1,1,1,1,1,0,0,20210913,20261231
OSO_04411041815,1,1,1,1,1,0,0,20230901,20271231
OSO_04411050732,1,1,1,1,1,0,0,20211108,20261231
OSO_04411101515,1,1,1,1,1,0,0,20211108,20271231
OSO_04411120825,1,1,1,1,1,0,0,20230901,20271231
OSO_04411131635,1,1,1,1,1,0,0,20230901,20271231
OSO_04411141230,1,1,1,1,1,0,0,20230901,20261231
OSO_04460010945,1,1,1,1,1,0,0,20250616,20261231
OSO_04460011055,1,1,1,1,1,0,0,20250616,20261231
OSO_04460011510,1,1,1,1,1,0,0,20250616,20261231
OSO_04460011845,1,1,1,1,1,0,0,20250616,20261231
OSO_04460030750,1,1,1,1,1,0,0,20250616,20261231
OSO_04460031015,1,1,1,1,1,0,0,20250616,20261231
OSO_04460031225,0,0,0,0,0,1,1,20250616,20261231
OSO_04460032000,0,0,0,0,0,1,1,20250616,20261231
OSO_04460040720,1,1,1,1,1,0,0,20250616,20261231
OSO_04460040815,1,1,1,1,1,0,0,20250616,20261231
OSO_04460040830,1,1,1,1,1,0,0,20250616,20261231
OSO_04460040920,1,1,1,1,1,0,0,20250616,20261231
OSO_04460041005,0,0,0,0,0,1,1,20250616,20261231
OSO_04460041345,1,1,1,1,1,0,0,20250616,20261231
OSO_04460041440,1,1,1,1,1,0,0,20250616,20261231
OSO_04460041520,0,0,0,0,0,0,1,20250616,20261231
OSO_04460041550,1,1,1,1,1,0,0,20250616,20261231
OSO_04460041820,0,0,0,0,0,1,1,20250616,20261231
OSO_04460042050,0,0,0,0,0,1,1,20250616,20261231
OSO_04460042120,0,0,0,0,0,1,1,20250616,20261231
OSO_04460042200,0,0,0,0,0,1,1,20250616,20261231
OSO_04460042210,1,1,1,1,1,0,0,20250616,20261231
OSO_04460050500,1,1,1,1,1,0,0,20250616,20261231
OSO_04460050525,1,1,1,1,1,0,0,20250616,20261231
OSO_04460050545,1,1,1,1,1,0,0,20250616,20261231
OSO_04460050550,1,1,1,1,1,0,0,20250616,20261231
OSO_04460050610,1,1,1,1,1,0,0,20250616,20261231
OSO_04460050630,1,1,1,1,1,0,0,20250616,20261231
OSO_04460050645,1,1,1,1,1,0,0,20250616,20261231
OSO_04460050710,1,1,1,1,1,0,0,20250616,20261231
OSO_04460050720,1,1,1,1,1,0,0,20250616,20261231
OSO_04460050740,1,1,1,1,1,0,0,20250616,20261231
OSO_04460050800,1,1,1,1,1,1,0,20250616,20261231
OSO_04460050810,1,1,1,1,1,0,0,20250616,20261231
OSO_04460050825,1,1,1,1,1,0,0,20250616,20261231
OSO_04460050855,1,1,1,1,1,0,0,20250616,20261231
OSO_04460050925,1,1,1,1,1,0,0,20250616,20261231
OSO_04460051000,1,1,1,1,1,0,0,20250616,20261231
OSO_04460051020,1,1,1,1,1,0,0,20250616,20261231
OSO_04460051100,1,1,1,1,1,1,0,20250616,20261231
OSO_04460051120,1,1,1,1,1,0,0,20250616,20261231
OSO_04460051235,1,1,1,1,1,0,0,20250616,20261231
OSO_04460051300,0,0,0,0,0,1,0,20250616,20261231
OSO_04460051305,1,1,1,1,1,0,0,20250616,20261231
OSO_04460051345,1,1,1,1,1,0,0,20250616,20261231
OSO_04460051405,0,0,0,0,0,1,1,20250616,20261231
OSO_04460051420,1,1,1,1,1,0,0,20250616,20261231
OSO_04460051445,1,1,1,1,1,0,0,20250616,20261231
OSO_04460051505,1,1,1,1,1,0,0,20250616,20261231
OSO_04460051510,1,1,1,1,1,0,0,20250616,20261231
OSO_04460051530,1,1,1,1,1,0,0,20250616,20261231
OSO_04460051605,0,0,0,0,0,1,1,20250616,20261231
OSO_04460051625,1,1,1,1,1,0,0,20250616,20261231
OSO_04460051635,1,1,1,1,1,0,0,20250616,20261231
OSO_04460051655,1,1,1,1,1,0,0,20250616,20261231
OSO_04460051705,1,1,1,1,1,0,1,20250616,20261231
OSO_04460051715,1,1,1,1,1,0,0,20250616,20261231
OSO_04460051735,1,1,1,1,1,0,0,20250616,20261231
OSO_04460051750,1,1,1,1,1,0,0,20250616,20261231
OSO_04460051815,1,1,1,1,1,0,0,20250616,20261231
OSO_04460051830,1,1,1,1,1,0,0,20250616,20261231
OSO_04460051850,0,0,0,0,0,0,1,20250616,20261231
OSO_04460051900,1,1,1,1,1,0,0,20250616,20261231
OSO_04460051905,0,0,0,0,0,1,1,20250616,20261231
OSO_04460051930,1,1,1,1,1,0,0,20250616,20261231
OSO_04460052005,0,0,0,0,0,1,1,20250616,20261231
OSO_04460052020,1,1,1,1,1,0,0,20250616,20261231
OSO_04460052045,1,1,1,1,1,0,0,20250616,20261231
OSO_04460052150,0,0,0,0,0,1,1,20250616,20261231
OSO_04460052155,1,1,1,1,1,0,0,20250616,20261231
OSO_04461030625,1,1,1,1,1,0,0,20250428,20261231
OSO_04461030730,1,1,1,1,1,0,0,20250428,20261231
OSO_04461030830,1,1,1,1,1,0,0,20250428,20261231
OSO_04461030930,1,1,1,1,1,0,0,20250428,20261231
OSO_04461031100,0,0,0,0,0,1,1,20250428,20261231
OSO_04461031330,1,1,1,1,1,0,0,20250428,20261231
OSO_04461031705,1,1,1,1,1,0,0,20250428,20261231
OSO_04461031830,0,0,0,0,0,1,1,20250428,20261231
OSO_04461040600,1,1,1,1,1,0,0,20250428,20261231
OSO_04461040645,1,1,1,1,1,0,0,20250428,20261231
OSO_04461040710,1,1,1,1,1,0,0,20250428,20261231
OSO_04461040800,1,1,1,1,1,0,0,20250428,20261231
OSO_04461040845,0,0,0,0,0,1,1,20250428,20261231
OSO_04461041045,1,1,1,1,1,0,0,20250428,20261231
OSO_04461041220,1,1,1,1,1,0,0,20250428,20261231
OSO_04461041325,1,1,1,1,1,0,0,20250428,20261231
OSO_04461041400,0,0,0,0,0,0,1,20250428,20261231
OSO_04461041430,1,1,1,1,1,0,0,20250428,20261231
OSO_04461041500,1,1,1,1,1,0,0,20250428,20261231
OSO_04461041555,1,1,1,1,1,0,0,20250428,20261231
OSO_04461041700,0,0,0,0,0,1,1,20250428,20261231
OSO_04461041810,1,1,1,1,1,0,0,20250428,20261231
OSO_04461041930,0,0,0,0,0,1,1,20250428,20261231
OSO_04461042000,0,0,0,0,0,1,1,20250428,20261231
OSO_04461042040,1,1,1,1,1,0,0,20250428,20261231
OSO_04461042045,0,0,0,0,0,1,1,20250428,20261231
OSO_04461050530,1,1,1,1,1,0,0,20250428,20261231
OSO_04461050615,1,1,1,1,1,0,0,20250428,20261231
OSO_04461050635,1,1,1,1,1,0,0,20250428,20261231
OSO_04461050655,1,1,1,1,1,0,0,20250428,20261231
OSO_04461050700,1,1,1,1,1,1,0,20250428,20261231
OSO_04461050720,1,1,1,1,1,0,0,20250428,20261231
OSO_04461050745,1,1,1,1,1,0,0,20250428,20261231
OSO_04461050815,1,1,1,1,1,0,0,20250428,20261231
OSO_04461050855,1,1,1,1,1,0,0,20250428,20261231
OSO_04461050915,1,1,1,1,1,0,0,20250428,20261231
OSO_04461050945,1,1,1,1,1,0,0,20250428,20261231
OSO_04461051000,1,1,1,1,1,1,0,20250428,20261231
OSO_04461051015,1,1,1,1,1,0,0,20250428,20261231
OSO_04461051130,1,1,1,1,1,0,0,20250428,20261231
OSO_04461051200,1,1,1,1,1,1,0,20250428,20261231
OSO_04461051240,1,1,1,1,1,0,0,20250428,20261231
OSO_04461051300,0,0,0,0,0,1,1,20250428,20261231
OSO_04461051315,1,1,1,1,1,0,0,20250428,20261231
OSO_04461051340,1,1,1,1,1,0,0,20250428,20261231
OSO_04461051400,1,1,1,1,1,0,0,20250428,20261231
OSO_04461051415,1,1,1,1,1,0,0,20250428,20261231
OSO_04461051425,1,1,1,1,1,0,0,20250428,20261231
OSO_04461051500,0,0,0,0,0,1,1,20250428,20261231
OSO_04461051520,1,1,1,1,1,0,0,20250428,20261231
OSO_04461051530,1,1,1,1,1,0,0,20250428,20261231
OSO_04461051545,1,1,1,1,1,0,0,20250428,20261231
OSO_04461051600,1,1,1,1,1,0,1,20250428,20261231
OSO_04461051610,1,1,1,1,1,0,0,20250428,20261231
OSO_04461051620,1,1,1,1,1,0,0,20250428,20261231
OSO_04461051630,1,1,1,1,1,0,0,20250428,20261231
OSO_04461051645,1,1,1,1,1,0,0,20250428,20261231
OSO_04461051710,1,1,1,1,1,0,0,20250428,20261231
OSO_04461051725,1,1,1,1,1,0,0,20250428,20261231
OSO_04461051745,0,0,0,0,0,0,1,20250428,20261231
OSO_04461051755,1,1,1,1,1,0,0,20250428,20261231
OSO_04461051800,0,0,0,0,0,1,1,20250428,20261231
OSO_04461051825,1,1,1,1,1,0,0,20250428,20261231
OSO_04461051900,0,0,0,0,0,1,1,20250428,20261231
OSO_04461051915,1,1,1,1,1,0,0,20250428,20261231
OSO_04461051940,1,1,1,1,1,0,0,20250428,20261231
OSO_04461052030,0,0,0,0,0,0,1,20250428,20261231
OSO_04461052050,1,1,1,1,1,0,0,20250428,20261231
OSO_04461052200,1,1,1,1,1,0,0,20250428,20261231
OSO_04490010700,0,0,0,0,0,0,1,20230502,20261231
OSO_04490010925,0,0,0,0,0,0,1,20230502,20261231
OSO_04490011150,0,0,0,0,0,0,1,20230502,20261231
OSO_04490011300,0,0,0,0,0,0,1,20230502,20261231
OSO_04490011525,0,0,0,0,0,0,1,20230502,20261231
OSO_04490011750,0,0,0,0,0,0,1,20230502,20261231
OSO_04490012015,0,0,0,0,0,0,1,20230502,20261231
OSO_04491010820,0,0,0,0,0,0,1,20230501,20261231
OSO_04491011045,0,0,0,0,0,0,1,20230501,20261231
OSO_04491011310,0,0,0,0,0,0,1,20230501,20261231
OSO_04491011420,0,0,0,0,0,0,1,20230501,20261231
OSO_04491011645,0,0,0,0,0,0,1,20230501,20261231
OSO_04491011910,0,0,0,0,0,0,1,20230501,20261231
OSO_04491012135,0,0,0,0,0,0,1,20230501,20261231
OSO_04550020705,0,0,0,0,0,1,0,20230503,20261231
OSO_04550021025,0,0,0,0,0,1,0,20230503,20261231
OSO_04550021135,0,0,0,0,0,1,0,20180716,20261231
OSO_04550021320,0,0,0,0,0,1,0,20230503,20261231
OSO_04550021400,0,0,0,0,0,1,0,20230503,20261231
OSO_04550021535,0,0,0,0,0,1,0,20230503,20261231
OSO_04550021845,0,0,0,0,0,1,0,20230503,20261231
OSO_04550022010,0,0,0,0,0,1,0,20230503,20261231
OSO_04550030805,0,0,0,0,0,1,0,20230502,20261231
OSO_04550030925,0,0,0,0,0,1,0,20230502,20261231
OSO_04550031255,0,0,0,0,0,1,0,20230502,20261231
OSO_04550031635,0,0,0,0,0,1,0,20230502,20261231
OSO_04550031800,0,0,0,0,0,1,0,20230502,20261231
OSO_04550032040,1,1,1,1,1,0,0,20250630,20261231
OSO_04550032115,0,0,0,0,0,1,0,20230502,20261231
OSO_04550050540,1,1,1,1,1,0,0,20220905,20261231
OSO_04550050600,1,1,1,1,1,0,0,20220905,20261231
OSO_04550050620,1,1,1,1,1,0,0,20220905,20261231
OSO_04550050640,1,1,1,1,1,0,0,20220905,20261231
OSO_04550050700,1,1,1,1,1,0,0,20220905,20261231
OSO_04550050720,1,1,1,1,1,0,0,20220905,20261231
OSO_04550050740,1,1,1,1,1,0,0,20220905,20261231
OSO_04550050800,1,1,1,1,1,0,0,20220905,20261231
OSO_04550050820,1,1,1,1,1,0,0,20220905,20261231
OSO_04550050840,1,1,1,1,1,0,0,20220905,20261231
OSO_04550050900,1,1,1,1,1,0,0,20220905,20261231
OSO_04550050920,1,1,1,1,1,0,0,20220905,20261231
OSO_04550050940,1,1,1,1,1,0,0,20220905,20261231
OSO_04550051000,1,1,1,1,1,0,0,20250630,20261231
OSO_04550051020,1,1,1,1,1,0,0,20250630,20261231
OSO_04550051040,1,1,1,1,1,0,0,20220905,20261231
OSO_04550051100,1,1,1,1,1,0,0,20250630,20261231
OSO_04550051120,1,1,1,1,1,0,0,20250630,20261231
OSO_04550051140,1,1,1,1,1,0,0,20220905,20261231
OSO_04550051200,1,1,1,1,1,0,0,20220905,20261231
OSO_04550051220,1,1,1,1,1,0,0,20250630,20261231
OSO_04550051240,1,1,1,1,1,0,0,20250630,20261231
OSO_04550051300,1,1,1,1,1,0,0,20220905,20261231
OSO_04550051320,1,1,1,1,1,0,0,20220905,20261231
OSO_04550051340,1,1,1,1,1,0,0,20220905,20261231
OSO_04550051400,1,1,1,1,1,0,0,20220905,20261231
OSO_04550051420,1,1,1,1,1,0,0,20220905,20261231
OSO_04550051440,1,1,1,1,1,0,0,20220905,20261231
OSO_04550051500,1,1,1,1,1,0,0,20220905,20261231
OSO_04550051520,1,1,1,1,1,0,0,20220905,20261231
OSO_04550051540,1,1,1,1,1,0,0,20220905,20261231
OSO_04550051600,1,1,1,1,1,0,0,20220905,20261231
OSO_04550051620,1,1,1,1,1,0,0,20220905,20261231
OSO_04550051640,1,1,1,1,1,0,0,20220905,20261231
OSO_04550051700,1,1,1,1,1,0,0,20220905,20261231
OSO_04550051720,1,1,1,1,1,0,0,20220905,20261231
OSO_04550051740,1,1,1,1,1,0,0,20220905,20261231
OSO_04550051800,1,1,1,1,1,0,0,20250630,20261231
OSO_04550051820,1,1,1,1,1,0,0,20250630,20261231
OSO_04550051840,1,1,1,1,1,0,0,20250630,20261231
OSO_04550051900,1,1,1,1,1,0,0,20220905,20261231
OSO_04550051920,1,1,1,1,1,0,0,20250630,20261231
OSO_04550051940,1,1,1,1,1,0,0,20250630,20261231
OSO_04550052000,1,1,1,1,1,0,0,20220905,20261231
OSO_04550052020,1,1,1,1,1,0,0,20250630,20261231
OSO_04550052100,1,1,1,1,1,0,0,20250630,20261231
OSO_04550052120,1,1,1,1,1,0,0,20250630,20261231
OSO_04551020910,0,0,0,0,0,1,0,20230502,20261231
OSO_04551021140,0,0,0,0,0,1,0,20230502,20261231
OSO_04551021520,0,0,0,0,0,1,0,20230502,20261231
OSO_04551021650,0,0,0,0,0,1,0,20230502,20261231
OSO_04551022000,0,0,0,0,0,1,0,20230502,20261231
OSO_04551030820,0,0,0,0,0,1,0,20230502,20261231
OSO_04551031030,0,0,0,0,0,1,0,20230502,20261231
OSO_04551031240,0,0,0,0,0,1,0,20230502,20261231
OSO_04551031400,0,0,0,0,0,1,0,20230502,20261231
OSO_04551031435,0,0,0,0,0,1,0,20230502,20261231
OSO_04551031740,0,0,0,0,0,1,0,20230502,20261231
OSO_04551031905,0,0,0,0,0,1,0,20230502,20261231
OSO_04551032125,0,0,0,0,0,1,0,20230502,20261231
OSO_04551032220,0,0,0,0,0,1,0,20230502,20261231
OSO_04551050500,1,1,1,1,1,0,0,20220905,20261231
OSO_04551050520,1,1,1,1,1,0,0,20201116,20261231
OSO_04551050540,1,1,1,1,1,0,0,20220905,20261231
OSO_04551050600,1,1,1,1,1,0,0,20220905,20261231
OSO_04551050620,1,1,1,1,1,1,0,20230502,20261231
OSO_04551050640,1,1,1,1,1,0,0,20220905,20261231
OSO_04551050700,1,1,1,1,1,0,0,20220905,20261231
OSO_04551050720,1,1,1,1,1,1,0,20230501,20261231
OSO_04551050740,1,1,1,1,1,0,0,20220905,20261231
OSO_04551050800,1,1,1,1,1,0,0,20220905,20261231
OSO_04551050820,1,1,1,1,1,0,0,20201116,20261231
OSO_04551050840,1,1,1,1,1,0,0,20220905,20261231
OSO_04551050900,1,1,1,1,1,0,0,20220905,20261231
OSO_04551050920,1,1,1,1,1,0,0,20250630,20261231
OSO_04551050940,1,1,1,1,1,0,0,20250630,20261231
OSO_04551051000,1,1,1,1,1,0,0,20220905,20261231
OSO_04551051020,1,1,1,1,1,0,0,20250630,20261231
OSO_04551051040,1,1,1,1,1,0,0,20250630,20261231
OSO_04551051100,1,1,1,1,1,0,0,20220905,20261231
OSO_04551051120,1,1,1,1,1,0,0,20201116,20261231
OSO_04551051140,1,1,1,1,1,0,0,20250630,20261231
OSO_04551051200,1,1,1,1,1,0,0,20250630,20261231
OSO_04551051220,1,1,1,1,1,0,0,20201116,20261231
OSO_04551051240,1,1,1,1,1,0,0,20220905,20261231
OSO_04551051300,1,1,1,1,1,0,0,20220905,20261231
OSO_04551051320,1,1,1,1,1,0,0,20201116,20261231
OSO_04551051340,1,1,1,1,1,0,0,20220905,20261231
OSO_04551051400,1,1,1,1,1,0,0,20220905,20261231
OSO_04551051420,1,1,1,1,1,0,0,20201116,20261231
OSO_04551051440,1,1,1,1,1,0,0,20220905,20261231
OSO_04551051500,1,1,1,1,1,0,0,20220905,20261231
OSO_04551051520,1,1,1,1,1,0,0,20201116,20261231
OSO_04551051540,1,1,1,1,1,0,0,20220905,20261231
OSO_04551051600,1,1,1,1,1,0,0,20220905,20261231
OSO_04551051620,1,1,1,1,1,0,0,20220905,20261231
OSO_04551051640,1,1,1,1,1,0,0,20220905,20261231
OSO_04551051700,1,1,1,1,1,0,0,20220905,20261231
OSO_04551051720,1,1,1,1,1,0,0,20250630,20261231
OSO_04551051740,1,1,1,1,1,0,0,20250630,20261231
OSO_04551051800,1,1,1,1,1,0,0,20250630,20261231
OSO_04551051820,1,1,1,1,1,0,0,20201116,20261231
OSO_04551051840,1,1,1,1,1,0,0,20250630,20261231
OSO_04551051900,1,1,1,1,1,0,0,20250630,20261231
OSO_04551051920,1,1,1,1,1,0,0,20201116,20261231
OSO_04551051940,1,1,1,1,1,0,0,20250630,20261231
OSO_04551052000,1,1,1,1,1,0,0,20250630,20261231
OSO_04551052020,1,1,1,1,1,0,0,20201116,20261231
OSO_04551052040,1,1,1,1,1,0,0,20250630,20261231
OSO_04551052100,1,1,1,1,1,0,0,20250630,20261231
OSO_04551052120,1,1,1,1,1,0,0,20250630,20261231
OSO_04551052140,1,1,1,1,1,0,0,20250630,20261231
OSO_04551052205,1,1,1,1,1,0,0,20250630,20261231
OSO_04600040600,1,1,1,1,1,0,0,20260907,20271231
OSO_04600051400,1,1,1,1,1,0,0,20260907,20271231
OSO_04600061240,1,1,1,1,1,0,0,20210322,20261231
OSO_04600070640,1,1,1,1,1,0,0,20201116,20261231
OSO_04600070740,1,1,1,1,1,0,0,20201116,20261231
OSO_04600070840,1,1,1,1,1,0,0,20201116,20261231
OSO_04600070940,1,1,1,1,1,0,0,20201116,20261231
OSO_04600071040,1,1,1,1,1,0,0,20201116,20261231
OSO_04600071140,1,1,1,1,1,0,0,20201116,20261231
OSO_04600071340,1,1,1,1,1,0,0,20201116,20261231
OSO_04600071440,1,1,1,1,1,0,0,20201116,20261231
OSO_04600071540,1,1,1,1,1,0,0,20201116,20261231
OSO_04600071640,1,1,1,1,1,0,0,20201116,20261231
OSO_04600071740,1,1,1,1,1,0,0,20201116,20261231
OSO_04600071840,1,1,1,1,1,0,0,20201116,20261231
OSO_04600071940,1,1,1,1,1,0,0,20201116,20261231
OSO_04601020653,1,1,1,1,1,0,0,20260907,20271231
OSO_04601031539,1,1,1,1,1,0,0,20260907,20271231
OSO_04601061316,1,1,1,1,1,0,0,20180101,20261231
OSO_04601070610,1,1,1,1,1,0,0,20201116,20261231
OSO_04601070710,1,1,1,1,1,0,0,20201116,20261231
OSO_04601070810,1,1,1,1,1,0,0,20201116,20261231
OSO_04601070910,1,1,1,1,1,0,0,20201116,20261231
OSO_04601071010,1,1,1,1,1,0,0,20201116,20261231
OSO_04601071110,1,1,1,1,1,0,0,20201116,20261231
OSO_04601071210,1,1,1,1,1,0,0,20201116,20261231
OSO_04601071410,1,1,1,1,1,0,0,20201116,20261231
OSO_04601071510,1,1,1,1,1,0,0,20201116,20261231
OSO_04601071610,1,1,1,1,1,0,0,20201116,20261231
OSO_04601071710,1,1,1,1,1,0,0,20201116,20261231
OSO_04601071810,1,1,1,1,1,0,0,20201116,20261231
OSO_04601071910,1,1,1,1,1,0,0,20201116,20261231
OSO_04601072010,1,1,1,1,1,0,0,20201116,20261231
OSO_04620020900,0,0,0,0,0,1,0,20230901,20261231
OSO_04620021040,0,0,0,0,0,1,0,20230901,20261231
OSO_04620051130,0,0,0,0,0,0,1,20230901,20261231
OSO_04620070900,0,0,0,0,0,0,1,20230901,20261231
OSO_04620071020,0,0,0,0,0,0,1,20230901,20261231
OSO_04620071435,0,0,0,0,0,0,1,20230901,20261231
OSO_04620071800,0,0,0,0,0,0,1,20230901,20261231
OSO_04620072040,1,1,1,1,1,0,0,20201116,20261231
OSO_04620081225,0,0,0,0,0,1,0,20230901,20261231
OSO_04620091330,0,0,0,0,0,1,0,20230901,20261231
OSO_04620091815,0,0,0,0,0,1,0,20230901,20261231
OSO_04621010820,0,0,0,0,0,1,0,20230901,20261231
OSO_04621010950,0,0,0,0,0,1,0,20230901,20261231
OSO_04621062110,1,1,1,1,1,0,0,20230901,20261231
OSO_04621070950,0,0,0,0,0,0,1,20230901,20261231
OSO_04621071100,0,0,0,0,0,0,1,20201116,20261231
OSO_04621071520,0,0,0,0,0,0,1,20230901,20261231
OSO_04621071845,0,0,0,0,0,0,1,20230901,20261231
OSO_04621071905,0,0,0,0,0,1,0,20230901,20261231
OSO_04621080755,1,1,1,1,1,0,0,20230901,20261231
OSO_04621092025,1,1,1,1,1,0,0,20230901,20261231
OSO_04630011515,0,0,0,0,0,1,0,20230901,20261231
OSO_04630011615,0,0,0,0,0,0,1,20230901,20261231
OSO_04630020645,1,1,1,1,1,0,0,20230901,20261231
OSO_04640020730,0,0,0,0,0,1,0,20230901,20261231
OSO_04640041550,1,1,1,1,1,0,0,20201116,20271231
OSO_04640061900,1,1,1,1,1,0,0,20230901,20261231
OSO_04641051244,0,0,0,0,0,0,1,20230901,20261231
OSO_04641051346,0,0,0,0,0,1,0,20230901,20261231
OSO_04641051633,0,0,0,0,0,1,0,20230901,20261231
OSO_04641051747,0,0,0,0,0,0,1,20230901,20261231
OSO_04641061130,0,0,0,0,0,1,0,20230901,20261231
OSO_04641061420,0,0,0,0,0,1,0,20230901,20261231
OSO_04641071800,1,1,1,1,1,0,0,20230901,20261231
OSO_04641091715,1,1,1,1,1,0,0,20230901,20261231
OSO_04650020655,1,1,1,1,1,0,0,20220905,20271231
OSO_04650051430,1,1,1,1,1,0,0,20220905,20271231
OSO_04651021500,1,1,1,1,1,0,0,20220905,20271231
OSO_04651030730,1,1,1,1,1,0,0,20220905,20271231
OSO_04660041315,1,1,1,1,1,0,0,20220905,20271231
OSO_04661061230,1,1,1,1,1,0,0,20220905,20271231
OSO_04670040705,1,1,1,1,1,0,0,20260907,20271231
OSO_04670051430,1,1,1,1,1,0,0,20260907,20271231
OSO_04671030740,1,1,1,1,1,0,0,20260907,20271231
OSO_04671041520,1,1,1,1,1,0,0,20260907,20271231
OSO_04680031645,1,1,1,1,1,0,0,20220905,20271231
OSO_04680040755,1,1,1,1,1,0,0,20220905,20271231
OSO_04681010830,1,1,1,1,1,0,0,20220905,20271231
OSO_04681031745,1,1,1,1,1,0,0,20220905,20271231
OSO_04691020635,1,1,1,1,1,0,0,20220905,20271231
OSO_04700010800,1,1,1,1,1,0,0,20200713,20261231
OSO_04700011300,1,1,1,1,1,0,0,20230904,20261231
OSO_04700011350,1,1,1,1,1,0,0,20230904,20261231
OSO_04700031440,0,0,0,0,1,1,0,20251209,20261231
OSO_04700040850,1,1,1,1,1,0,0,20251209,20261231
OSO_04700050740,0,0,0,0,0,1,0,20251209,20261231
OSO_04700051300,0,0,0,0,0,1,0,20251209,20261231
OSO_04700051700,1,1,1,1,1,0,0,20251209,20261231
OSO_04700051840,1,1,1,1,1,0,0,20251209,20261231
OSO_04701010820,1,1,1,1,1,0,0,20200713,20261231
OSO_04701011320,1,1,1,1,1,0,0,20230904,20261231
OSO_04701011410,1,1,1,1,1,0,0,20230904,20261231
OSO_04701030940,1,1,1,1,1,0,0,20251209,20261231
OSO_04701031601,1,1,1,1,1,0,0,20251209,20261231
OSO_04701060640,1,1,1,1,1,0,0,20251209,20261231
OSO_04701080831,0,0,0,0,0,1,0,20251209,20261231
OSO_04701081351,0,0,0,0,0,1,0,20251209,20261231
OSO_04701081751,1,1,1,1,1,0,0,20251209,20261231
OSO_04701081928,1,1,1,1,1,0,0,20251209,20261231
OSO_04710010715,1,1,1,1,1,0,0,20220905,20271231
OSO_04710011540,1,1,1,1,1,0,0,20220905,20271231
OSO_04711010630,1,1,1,1,1,0,0,20220905,20271231
OSO_04711011450,1,1,1,1,1,0,0,20220905,20271231
OSO_04720010720,1,1,1,1,1,0,0,20220905,20271231
OSO_04720010835,0,1,1,1,1,0,1,20190502,20261231
OSO_04720011320,0,1,1,1,1,0,1,20190502,20261231
OSO_04720011450,1,1,1,1,1,0,0,20220905,20271231
OSO_04760021420,1,1,1,1,1,0,0,20260907,20261231
OSO_04760050810,0,0,0,0,0,1,0,20260907,20261231
OSO_04760050820,1,1,1,1,1,0,0,20260907,20261231
OSO_04760050900,1,1,1,1,1,0,0,20260907,20271231
OSO_04760051305,0,0,0,0,0,1,0,20260907,20261231
OSO_04760051535,1,1,1,1,1,0,0,20260907,20261231
OSO_04760051630,1,1,1,1,1,0,0,20260907,20261231
OSO_04760090630,1,1,1,1,1,0,0,20260907,20261231
OSO_04760090915,1,1,1,1,1,0,0,20260907,20261231
OSO_04760091320,1,1,1,1,1,0,0,20260907,20261231
OSO_04760091800,1,1,1,1,1,0,0,20260907,20261231
OSO_04761050735,0,0,0,0,0,1,0,20260907,20261231
OSO_04761050745,1,1,1,1,1,0,0,20260907,20261231
OSO_04761050855,1,1,1,1,1,0,0,20260907,20261231
OSO_04761050940,1,1,1,1,1,0,0,20260907,20271231
OSO_04761051230,0,0,0,0,0,1,0,20260907,20261231
OSO_04761051500,1,1,1,1,1,0,0,20260907,20261231
OSO_04761051830,1,1,1,1,1,0,0,20260907,20271231
OSO_04761061535,1,1,1,1,1,0,0,20260907,20261231
OSO_04761090650,1,1,1,1,1,0,0,20260907,20261231
OSO_04761091200,1,1,1,1,1,0,0,20260907,20261231
OSO_04761091915,1,1,1,1,1,0,0,20260907,20261231
OSO_04790010700,1,1,1,1,1,0,0,20220905,20271231
OSO_04790021430,1,1,1,1,1,0,0,20220905,20271231
OSO_04791031500,1,1,1,1,1,0,0,20220905,20271231
OSO_04791060726,1,1,1,1,1,0,0,20260907,20271231
OSO_04820010630,1,1,1,1,1,0,0,20230206,20261231
OSO_04820010715,1,1,1,1,1,0,0,20180716,20261231
OSO_04820010815,1,1,1,1,1,0,0,20230206,20261231
OSO_04820010910,1,1,1,1,1,0,0,20230206,20261231
OSO_04820011022,1,1,1,1,1,0,0,20230206,20261231
OSO_04820011115,1,1,1,1,1,0,0,20230206,20261231
OSO_04820011205,1,1,1,1,1,0,0,20230206,20261231
OSO_04820011255,1,1,1,1,1,0,0,20230206,20261231
OSO_04820011605,1,1,1,1,1,0,0,20230206,20261231
OSO_04820011655,1,1,1,1,1,0,0,20230206,20261231
OSO_04820011745,1,1,1,1,1,0,0,20230206,20261231
OSO_04820011830,1,1,1,1,1,0,0,20230206,20261231
OSO_04820011920,1,1,1,1,1,0,0,20230206,20261231
OSO_04821010650,1,1,1,1,1,0,0,20180716,20261231
OSO_04821010735,1,1,1,1,1,0,0,20230206,20261231
OSO_04821010840,1,1,1,1,1,0,0,20230206,20261231
OSO_04821011000,1,1,1,1,1,0,0,20230206,20261231
OSO_04821011050,1,1,1,1,1,0,0,20230206,20261231
OSO_04821011138,1,1,1,1,1,0,0,20230206,20261231
OSO_04821011230,1,1,1,1,1,0,0,20230206,20261231
OSO_04821011320,1,1,1,1,1,0,0,20230206,20261231
OSO_04821011410,1,1,1,1,1,0,0,20230206,20261231
OSO_04821011530,1,1,1,1,1,0,0,20230206,20261231
OSO_04821011630,1,1,1,1,1,0,0,20230206,20261231
OSO_04821011720,1,1,1,1,1,0,0,20230206,20261231
OSO_04821011855,1,1,1,1,1,0,0,20230206,20261231
OSO_04821011945,1,1,1,1,1,0,0,20230206,20261231
OSO_04821012030,1,1,1,1,1,0,0,20230206,20261231
OSO_04821012115,1,1,1,1,1,0,0,20230206,20261231
OSO_04821021810,1,1,1,1,1,0,0,20230206,20261231
OSO_04821022152,1,1,1,1,1,0,0,20250630,20261231
OSO_04830011350,1,1,1,1,1,0,0,20230206,20261231
OSO_04830011435,1,1,1,1,1,0,0,20180716,20261231
OSO_04830012010,1,1,1,1,1,0,0,20230206,20261231
OSO_04830012055,1,1,1,1,1,0,0,20230206,20261231
OSO_04840011310,0,0,0,0,0,1,1,20231012,20261231
OSO_04840011840,0,0,0,0,0,1,1,20231012,20261231
OSO_04840030910,0,0,0,0,0,1,1,20231012,20261231
OSO_04840030950,0,0,0,0,0,1,1,20231012,20261231
OSO_04840031030,0,0,0,0,0,1,1,20231012,20261231
OSO_04840031110,0,0,0,0,0,1,1,20231012,20261231
OSO_04840031150,0,0,0,0,0,1,1,20231012,20261231
OSO_04840031230,0,0,0,0,0,1,1,20231012,20261231
OSO_04840031440,0,0,0,0,0,1,1,20231012,20261231
OSO_04840031520,0,0,0,0,0,1,1,20231012,20261231
OSO_04840031600,0,0,0,0,0,1,1,20231012,20261231
OSO_04840031640,0,0,0,0,0,1,1,20231012,20261231
OSO_04840031720,0,0,0,0,0,1,1,20231012,20261231
OSO_04840031800,0,0,0,0,0,1,1,20231012,20261231
OSO_04841010815,0,0,0,0,0,1,1,20231012,20261231
OSO_04841011345,0,0,0,0,0,1,1,20231012,20261231
OSO_04841030930,0,0,0,0,0,1,1,20231012,20261231
OSO_04841031010,0,0,0,0,0,1,1,20231012,20261231
OSO_04841031050,0,0,0,0,0,1,1,20231012,20261231
OSO_04841031130,0,0,0,0,0,1,1,20231012,20261231
OSO_04841031210,0,0,0,0,0,1,1,20231012,20261231
OSO_04841031250,0,0,0,0,0,1,1,20231012,20261231
OSO_04841031500,0,0,0,0,0,1,1,20231012,20261231
OSO_04841031540,0,0,0,0,0,1,1,20231012,20261231
OSO_04841031620,0,0,0,0,0,1,1,20231012,20261231
OSO_04841031700,0,0,0,0,0,1,1,20231012,20261231
OSO_04841031740,0,0,0,0,0,1,1,20231012,20261231
OSO_04841031820,0,0,0,0,0,1,1,20231012,20261231
OSO_04850010930,0,1,0,0,0,1,0,20200713,20261231
OSO_04851011327,0,1,0,0,0,1,0,20200713,20261231
OSO_04860010835,0,1,0,0,0,0,0,20180101,20261231
OSO_04860011735,0,0,0,0,0,1,0,20180101,20261231
OSO_04861010750,0,1,0,0,0,0,0,20180101,20261231
OSO_04861011650,0,0,0,0,0,1,0,20180101,20261231
OSO_04870010640,1,1,1,1,1,1,0,20240701,20261231
OSO_04870010800,0,0,0,0,0,1,0,20240701,20261231
OSO_04870010910,1,1,1,1,1,1,0,20240701,20261231
OSO_04870011020,1,1,1,1,1,1,0,20240701,20261231
OSO_04870011130,1,1,1,1,1,1,0,20240701,20261231
OSO_04870011240,1,1,1,1,1,1,0,20240701,20261231
OSO_04870011350,1,1,1,1,1,1,0,20240701,20261231
OSO_04870011455,0,0,0,0,0,1,0,20240701,20261231
OSO_04870011605,1,1,1,1,1,1,0,20240701,20261231
OSO_04870011720,1,1,1,1,1,1,0,20240701,20261231
OSO_04870011835,1,1,1,1,1,1,0,20240701,20261231
OSO_04870011950,1,1,1,1,1,1,0,20240701,20261231
OSO_04870012105,1,1,1,1,1,1,0,20240701,20261231
OSO_04870030752,1,1,1,1,1,0,0,20240701,20271231
OSO_04870031445,1,1,1,1,1,0,0,20240701,20271231
OSO_04871010835,1,1,1,1,1,1,0,20240701,20261231
OSO_04871010945,1,1,1,1,1,1,0,20240701,20261231
OSO_04871011055,1,1,1,1,1,1,0,20240701,20261231
OSO_04871011205,1,1,1,1,1,1,0,20240701,20261231
OSO_04871011315,1,1,1,1,1,1,0,20240701,20261231
OSO_04871011425,1,1,1,1,1,1,0,20240701,20261231
OSO_04871011530,1,1,1,1,1,1,0,20240701,20261231
OSO_04871011640,1,1,1,1,1,1,0,20240701,20261231
OSO_04871011755,1,1,1,1,1,1,0,20240701,20261231
OSO_04871011910,1,1,1,1,1,1,0,20240701,20261231
OSO_04871012025,1,1,1,1,1,1,0,20240701,20261231
OSO_04871012140,1,1,1,1,1,1,0,20240701,20261231
OSO_04871050715,1,1,1,1,1,0,0,20240701,20271231
OSO_04871060715,0,0,0,0,0,1,0,20240701,20261231
OSO_04880031000,0,0,0,0,0,1,0,20240701,20261231
OSO_04880031400,0,0,0,0,0,1,0,20240701,20261231
OSO_04881031055,0,0,0,0,0,1,0,20240701,20261231
OSO_04881031455,0,0,0,0,0,1,0,20240701,20261231
OSO_04940010920,0,1,1,1,1,0,1,20200713,20261231
OSO_04940011325,0,0,0,0,0,0,1,20190502,20261231
OSO_04940011405,0,1,1,1,1,0,0,20200713,20261231
OSO_04950011350,0,0,0,0,0,0,1,20200713,20261231
OSO_04950011720,0,1,1,1,1,0,0,20200713,20261231
OSO_04950020945,0,1,1,1,1,0,1,20200713,20261231
OSO_04951011030,0,1,1,1,1,0,1,20200713,20261231
OSO_04951021510,0,0,0,0,0,0,1,20200713,20261231
OSO_04951021840,0,1,1,1,1,0,0,20200713,20261231
OSO_04960010730,0,1,1,1,1,0,1,20200713,20261231
OSO_04960011135,0,0,0,0,0,0,1,20200713,20261231
OSO_04960011215,0,1,1,1,1,0,0,20200713,20261231
PIE_1,1,1,1,1,1,0,0,20250616,20261231
PIE_2,0,0,0,0,0,1,0,20250616,20261231
PIE_3,1,1,1,1,1,1,1,20250616,20261231
PUI_Servei urbà,1,1,1,1,1,1,1,20251216,20261231
REG_2026-09-062026-10-11158101,1,1,1,1,1,1,1,20260906,20261011
REG_2026-09-062026-10-11158701,1,1,1,1,1,1,1,20260906,20261011
REG_2026-09-062026-10-30157101,1,1,1,1,1,1,1,20260906,20261030
REG_2026-09-062026-10-31159021,1,1,1,1,1,1,1,20260906,20261031
REG_2026-09-062026-11-03150001,1,1,1,1,1,1,1,20260906,20261103
REG_2026-09-062026-11-03150031,1,1,1,1,1,1,1,20260906,20261103
REG_2026-09-062026-11-03150051,1,1,1,1,1,1,1,20260906,20261103
REG_2026-09-062026-11-03150061,1,1,1,1,1,1,1,20260906,20261103
REG_2026-09-062026-11-03150071,1,1,1,1,1,1,1,20260906,20261103
REG_2026-09-062026-11-03150091,1,1,1,1,1,1,1,20260906,20261103
REG_2026-09-062026-11-03150101,1,1,1,1,1,1,1,20260906,20261103
REG_2026-09-062026-11-03150121,1,1,1,1,1,1,1,20260906,20261103
REG_2026-09-062026-11-03150131,1,1,1,1,1,1,1,20260906,20261103
REG_2026-09-062026-11-03150141,1,1,1,1,1,1,1,20260906,20261103
REG_2026-09-062026-11-03150161,1,1,1,1,1,1,1,20260906,20261103
REG_2026-09-062026-11-03150171,1,1,1,1,1,1,1,20260906,20261103
REG_2026-09-062026-11-03150191,1,1,1,1,1,1,1,20260906,20261103
REG_2026-09-062026-11-03150201,1,1,1,1,1,1,1,20260906,20261103
REG_2026-09-062026-11-03150211,1,1,1,1,1,1,1,20260906,20261103
REG_2026-09-062026-11-03150221,1,1,1,1,1,1,1,20260906,20261103
REG_2026-09-062026-11-03150231,1,1,1,1,1,1,1,20260906,20261103
REG_2026-09-062026-11-03150241,1,1,1,1,1,1,1,20260906,20261103
REG_2026-09-062026-11-03150302,1,1,1,1,1,1,1,20260906,20261103
REG_2026-09-062026-11-03150311,1,1,1,1,1,1,1,20260906,20261103
REG_2026-09-062026-11-03150331,1,1,1,1,1,1,1,20260906,20261103
REG_2026-09-062026-11-03150341,1,1,1,1,1,1,1,20260906,20261103
REG_2026-09-062026-11-03150361,1,1,1,1,1,1,1,20260906,20261103
REG_2026-09-062026-11-03150381,1,1,1,1,1,1,1,20260906,20261103
REG_2026-09-062026-11-03150401,1,1,1,1,1,1,1,20260906,20261103
REG_2026-09-062026-11-03150411,1,1,1,1,1,1,1,20260906,20261103
REG_2026-09-062026-11-03150421,1,1,1,1,1,1,1,20260906,20261103
REG_2026-09-062026-11-03150431,1,1,1,1,1,1,1,20260906,20261103
REG_2026-09-062026-11-03150441,1,1,1,1,1,1,1,20260906,20261103
REG_2026-09-062026-11-03150451,1,1,1,1,1,1,1,20260906,20261103
REG_2026-09-062026-11-03150461,1,1,1,1,1,1,1,20260906,20261103
REG_2026-09-062026-11-03150471,1,1,1,1,1,1,1,20260906,20261103
REG_2026-09-062026-11-03150511,1,1,1,1,1,1,1,20260906,20261103
REG_2026-09-062026-11-03150521,1,1,1,1,1,1,1,20260906,20261103
REG_2026-09-062026-11-03150531,1,1,1,1,1,1,1,20260906,20261103
REG_2026-09-062026-11-03150541,1,1,1,1,1,1,1,20260906,20261103
REG_2026-09-062026-11-03150601,1,1,1,1,1,1,1,20260906,20261103
REG_2026-09-062026-11-03150611,1,1,1,1,1,1,1,20260906,20261103
REG_2026-09-062026-11-03150621,1,1,1,1,1,1,1,20260906,20261103
REG_2026-09-062026-11-03150631,1,1,1,1,1,1,1,20260906,20261103
REG_2026-09-062026-11-03150641,1,1,1,1,1,1,1,20260906,20261103
REG_2026-09-062026-11-03150651,1,1,1,1,1,1,1,20260906,20261103
REG_2026-09-062026-11-03156261,1,1,1,1,1,1,1,20260906,20261103
REG_2026-09-062026-11-03156271,1,1,1,1,1,1,1,20260906,20261103
REG_2026-09-062026-11-03156281,1,1,1,1,1,1,1,20260906,20261103
REG_2026-09-062026-11-03156282,1,1,1,1,1,1,1,20260906,20261103
REG_2026-09-062026-11-03156291,1,1,1,1,1,1,1,20260906,20261103
REG_2026-09-062026-11-03156322,1,1,1,1,1,1,1,20260906,20261103
REG_2026-09-062026-11-03156332,1,1,1,1,1,1,1,20260906,20261103
REG_2026-09-062026-11-03156342,1,1,1,1,1,1,1,20260906,20261103
REG_2026-09-062026-11-03156352,1,1,1,1,1,1,1,20260906,20261103
REG_2026-09-062026-11-03157001,1,1,1,1,1,1,1,20260906,20261103
REG_2026-09-062026-11-03157021,1,1,1,1,1,1,1,20260906,20261103
REG_2026-09-062026-11-03157261,1,1,1,1,1,1,1,20260906,20261103
REG_2026-09-062026-11-03157381,1,1,1,1,1,1,1,20260906,20261103
REG_2026-09-062026-11-03157801,1,1,1,1,1,1,1,20260906,20261103
REG_2026-09-062026-11-03157861,1,1,1,1,1,1,1,20260906,20261103
REG_2026-09-062026-11-03158082,1,1,1,1,1,1,1,20260906,20261103
REG_2026-09-062026-11-03158121,1,1,1,1,1,1,1,20260906,20261103
REG_2026-09-062026-11-03158161,1,1,1,1,1,1,1,20260906,20261103
REG_2026-09-062026-11-03158201,1,1,1,1,1,1,1,20260906,20261103
REG_2026-09-062026-11-03158501,1,1,1,1,1,1,1,20260906,20261103
REG_2026-09-062026-11-03158541,1,1,1,1,1,1,1,20260906,20261103
REG_2026-09-062026-11-03158601,1,1,1,1,1,1,1,20260906,20261103
REG_2026-09-062026-11-03158621,1,1,1,1,1,1,1,20260906,20261103
REG_2026-09-062026-11-03158641,1,1,1,1,1,1,1,20260906,20261103
REG_2026-09-062026-11-03158661,1,1,1,1,1,1,1,20260906,20261103
REG_2026-09-062026-11-03158721,1,1,1,1,1,1,1,20260906,20261103
REG_2026-09-062026-11-03159181,1,1,1,1,1,1,1,20260906,20261103
REG_2026-09-062026-11-03180541,1,1,1,1,1,1,1,20260906,20261103
REG_2026-09-062026-11-03180551,1,1,1,1,1,1,1,20260906,20261103
REG_2026-09-062026-11-03181201,1,1,1,1,1,1,1,20260906,20261103
REG_2026-09-062026-11-03181211,1,1,1,1,1,1,1,20260906,20261103
REG_2026-09-062026-11-03181221,1,1,1,1,1,1,1,20260906,20261103
REG_2026-09-062026-11-03181231,1,1,1,1,1,1,1,20260906,20261103
REG_2026-09-062026-11-03181241,1,1,1,1,1,1,1,20260906,20261103
REG_2026-09-062026-11-03181251,1,1,1,1,1,1,1,20260906,20261103
REG_2026-09-062026-11-03181261,1,1,1,1,1,1,1,20260906,20261103
REG_2026-09-062026-11-03181271,1,1,1,1,1,1,1,20260906,20261103
REG_2026-09-062026-11-03181281,1,1,1,1,1,1,1,20260906,20261103
REG_2026-09-062026-11-03181291,1,1,1,1,1,1,1,20260906,20261103
REG_2026-09-062026-11-03181301,1,1,1,1,1,1,1,20260906,20261103
REG_2026-09-062026-11-03181311,1,1,1,1,1,1,1,20260906,20261103
REG_2026-09-062026-11-03181321,1,1,1,1,1,1,1,20260906,20261103
REG_2026-09-062026-11-03181331,1,1,1,1,1,1,1,20260906,20261103
REG_2026-09-062026-11-03181341,1,1,1,1,1,1,1,20260906,20261103
REG_2026-09-062026-11-03181351,1,1,1,1,1,1,1,20260906,20261103
REG_2026-09-072026-09-13150011,1,1,1,1,1,1,1,20260907,20260913
REG_2026-09-072026-09-13150021,1,1,1,1,1,1,1,20260907,20260913
REG_2026-09-072026-09-13150041,1,1,1,1,1,1,1,20260907,20260913
REG_2026-09-072026-09-13150111,1,1,1,1,1,1,1,20260907,20260913
REG_2026-09-072026-09-13150151,1,1,1,1,1,1,1,20260907,20260913
REG_2026-09-072026-09-13150181,1,1,1,1,1,1,1,20260907,20260913
REG_2026-09-072026-09-13150501,1,1,1,1,1,1,1,20260907,20260913
REG_2026-09-072026-09-13150551,1,1,1,1,1,1,1,20260907,20260913
REG_2026-09-072026-09-13156201,1,1,1,1,1,1,1,20260907,20260913
REG_2026-09-072026-09-13156221,1,1,1,1,1,1,1,20260907,20260913
REG_2026-09-072026-09-13156231,1,1,1,1,1,1,1,20260907,20260913
REG_2026-09-072026-09-13156241,1,1,1,1,1,1,1,20260907,20260913
REG_2026-09-072026-09-13156251,1,1,1,1,1,1,1,20260907,20260913
REG_2026-09-072026-09-13156311,1,1,1,1,1,1,1,20260907,20260913
REG_2026-09-072026-09-13157201,1,1,1,1,1,1,1,20260907,20260913
REG_2026-09-072026-09-13157221,1,1,1,1,1,1,1,20260907,20260913
REG_2026-09-072026-09-13157241,1,1,1,1,1,1,1,20260907,20260913
REG_2026-09-072026-09-13157281,1,1,1,1,1,1,1,20260907,20260913
REG_2026-09-072026-09-13157301,1,1,1,1,1,1,1,20260907,20260913
REG_2026-09-072026-09-13157321,1,1,1,1,1,1,1,20260907,20260913
REG_2026-09-072026-09-13157341,1,1,1,1,1,1,1,20260907,20260913
REG_2026-09-072026-09-13157361,1,1,1,1,1,1,1,20260907,20260913
REG_2026-09-072026-09-13157701,1,1,1,1,1,1,1,20260907,20260913
REG_2026-09-072026-09-13157721,1,1,1,1,1,1,1,20260907,20260913
REG_2026-09-072026-09-13157741,1,1,1,1,1,1,1,20260907,20260913
REG_2026-09-072026-09-13157761,1,1,1,1,1,1,1,20260907,20260913
REG_2026-09-072026-09-13157781,1,1,1,1,1,1,1,20260907,20260913
REG_2026-09-072026-09-13157821,1,1,1,1,1,1,1,20260907,20260913
REG_2026-09-072026-09-13157841,1,1,1,1,1,1,1,20260907,20260913
REG_2026-09-072026-09-13157842,1,1,1,1,1,1,1,20260907,20260913
REG_2026-09-072026-09-13157881,1,1,1,1,1,1,1,20260907,20260913
REG_2026-09-072026-09-13158001,1,1,1,1,1,1,1,20260907,20260913
REG_2026-09-072026-09-13158021,1,1,1,1,1,1,1,20260907,20260913
REG_2026-09-072026-09-13158041,1,1,1,1,1,1,1,20260907,20260913
REG_2026-09-072026-09-13158061,1,1,1,1,1,1,1,20260907,20260913
REG_2026-09-072026-09-13158122,1,1,1,1,1,1,1,20260907,20260913
REG_2026-09-072026-09-13158141,1,1,1,1,1,1,1,20260907,20260913
REG_2026-09-072026-09-13158181,1,1,1,1,1,1,1,20260907,20260913
REG_2026-09-072026-09-13158521,1,1,1,1,1,1,1,20260907,20260913
REG_2026-09-072026-09-13158561,1,1,1,1,1,1,1,20260907,20260913
REG_2026-09-072026-09-13158581,1,1,1,1,1,1,1,20260907,20260913
REG_2026-09-072026-09-13158681,1,1,1,1,1,1,1,20260907,20260913
REG_2026-09-072026-09-13158682,1,1,1,1,1,1,1,20260907,20260913
REG_2026-09-072026-09-13158741,1,1,1,1,1,1,1,20260907,20260913
REG_2026-09-072026-09-13158742,1,1,1,1,1,1,1,20260907,20260913
REG_2026-09-072026-09-13158761,1,1,1,1,1,1,1,20260907,20260913
REG_2026-09-072026-09-13158781,1,1,1,1,1,1,1,20260907,20260913
REG_2026-09-072026-09-13158801,1,1,1,1,1,1,1,20260907,20260913
REG_2026-09-072026-09-13158821,1,1,1,1,1,1,1,20260907,20260913
REG_2026-09-072026-09-13158841,1,1,1,1,1,1,1,20260907,20260913
REG_2026-09-072026-09-13158861,1,1,1,1,1,1,1,20260907,20260913
REG_2026-09-072026-09-13158881,1,1,1,1,1,1,1,20260907,20260913
REG_2026-09-072026-09-13159001,1,1,1,1,1,1,1,20260907,20260913
REG_2026-09-072026-09-13159041,1,1,1,1,1,1,1,20260907,20260913
REG_2026-09-072026-09-13159061,1,1,1,1,1,1,1,20260907,20260913
REG_2026-09-072026-09-13159081,1,1,1,1,1,1,1,20260907,20260913
REG_2026-09-072026-09-13159101,1,1,1,1,1,1,1,20260907,20260913
REG_2026-09-072026-09-13159121,1,1,1,1,1,1,1,20260907,20260913
REG_2026-09-072026-09-13159141,1,1,1,1,1,1,1,20260907,20260913
REG_2026-09-072026-09-13159161,1,1,1,1,1,1,1,20260907,20260913
REG_2026-09-072026-09-13309001,1,1,1,1,1,1,1,20260907,20260913
REG_2026-09-072026-09-13309021,1,1,1,1,1,1,1,20260907,20260913
REG_2026-09-072026-09-13309041,1,1,1,1,1,1,1,20260907,20260913
REG_2026-09-072026-09-13309061,1,1,1,1,1,1,1,20260907,20260913
REG_2026-09-072026-09-13309081,1,1,1,1,1,1,1,20260907,20260913
REG_2026-09-072026-09-13309101,1,1,1,1,1,1,1,20260907,20260913
REG_2026-09-072026-09-13309121,1,1,1,1,1,1,1,20260907,20260913
REG_2026-09-072026-09-13309141,1,1,1,1,1,1,1,20260907,20260913
REG_2026-09-072026-09-13309161,1,1,1,1,1,1,1,20260907,20260913
REG_2026-09-072026-09-13309181,1,1,1,1,1,1,1,20260907,20260913
REG_2026-09-142026-10-11150011,1,1,1,1,1,1,1,20260914,20261011
REG_2026-09-142026-10-11150021,1,1,1,1,1,1,1,20260914,20261011
REG_2026-09-142026-10-11150041,1,1,1,1,1,1,1,20260914,20261011
REG_2026-09-142026-10-11150111,1,1,1,1,1,1,1,20260914,20261011
REG_2026-09-142026-10-11150151,1,1,1,1,1,1,1,20260914,20261011
REG_2026-09-142026-10-11150181,1,1,1,1,1,1,1,20260914,20261011
REG_2026-09-142026-10-11150501,1,1,1,1,1,1,1,20260914,20261011
REG_2026-09-142026-10-11150551,1,1,1,1,1,1,1,20260914,20261011
REG_2026-09-142026-10-11156201,1,1,1,1,1,1,1,20260914,20261011
REG_2026-09-142026-10-11156221,1,1,1,1,1,1,1,20260914,20261011
REG_2026-09-142026-10-11156231,1,1,1,1,1,1,1,20260914,20261011
REG_2026-09-142026-10-11156241,1,1,1,1,1,1,1,20260914,20261011
REG_2026-09-142026-10-11156251,1,1,1,1,1,1,1,20260914,20261011
REG_2026-09-142026-10-11157201,1,1,1,1,1,1,1,20260914,20261011
REG_2026-09-142026-10-11157221,1,1,1,1,1,1,1,20260914,20261011
REG_2026-09-142026-10-11157241,1,1,1,1,1,1,1,20260914,20261011
REG_2026-09-142026-10-11157281,1,1,1,1,1,1,1,20260914,20261011
REG_2026-09-142026-10-11157301,1,1,1,1,1,1,1,20260914,20261011
REG_2026-09-142026-10-11157321,1,1,1,1,1,1,1,20260914,20261011
REG_2026-09-142026-10-11157341,1,1,1,1,1,1,1,20260914,20261011
REG_2026-09-142026-10-11157361,1,1,1,1,1,1,1,20260914,20261011
REG_2026-09-142026-10-11157701,1,1,1,1,1,1,1,20260914,20261011
REG_2026-09-142026-10-11157721,1,1,1,1,1,1,1,20260914,20261011
REG_2026-09-142026-10-11157741,1,1,1,1,1,1,1,20260914,20261011
REG_2026-09-142026-10-11157761,1,1,1,1,1,1,1,20260914,20261011
REG_2026-09-142026-10-11157781,1,1,1,1,1,1,1,20260914,20261011
REG_2026-09-142026-10-11157821,1,1,1,1,1,1,1,20260914,20261011
REG_2026-09-142026-10-11157841,1,1,1,1,1,1,1,20260914,20261011
REG_2026-09-142026-10-11157842,1,1,1,1,1,1,1,20260914,20261011
REG_2026-09-142026-10-11157881,1,1,1,1,1,1,1,20260914,20261011
REG_2026-09-142026-10-11158001,1,1,1,1,1,1,1,20260914,20261011
REG_2026-09-142026-10-11158021,1,1,1,1,1,1,1,20260914,20261011
REG_2026-09-142026-10-11158041,1,1,1,1,1,1,1,20260914,20261011
REG_2026-09-142026-10-11158061,1,1,1,1,1,1,1,20260914,20261011
REG_2026-09-142026-10-11158122,1,1,1,1,1,1,1,20260914,20261011
REG_2026-09-142026-10-11158141,1,1,1,1,1,1,1,20260914,20261011
REG_2026-09-142026-10-11158181,1,1,1,1,1,1,1,20260914,20261011
REG_2026-09-142026-10-11158521,1,1,1,1,1,1,1,20260914,20261011
REG_2026-09-142026-10-11158561,1,1,1,1,1,1,1,20260914,20261011
REG_2026-09-142026-10-11158581,1,1,1,1,1,1,1,20260914,20261011
REG_2026-09-142026-10-11158681,1,1,1,1,1,1,1,20260914,20261011
REG_2026-09-142026-10-11158682,1,1,1,1,1,1,1,20260914,20261011
REG_2026-09-142026-10-11158741,1,1,1,1,1,1,1,20260914,20261011
REG_2026-09-142026-10-11158742,1,1,1,1,1,1,1,20260914,20261011
REG_2026-09-142026-10-11158761,1,1,1,1,1,1,1,20260914,20261011
REG_2026-09-142026-10-11158781,1,1,1,1,1,1,1,20260914,20261011
REG_2026-09-142026-10-11158801,1,1,1,1,1,1,1,20260914,20261011
REG_2026-09-142026-10-11158821,1,1,1,1,1,1,1,20260914,20261011
REG_2026-09-142026-10-11158841,1,1,1,1,1,1,1,20260914,20261011
REG_2026-09-142026-10-11158861,1,1,1,1,1,1,1,20260914,20261011
REG_2026-09-142026-10-11158881,1,1,1,1,1,1,1,20260914,20261011
REG_2026-09-142026-10-11159001,1,1,1,1,1,1,1,20260914,20261011
REG_2026-09-142026-10-11159041,1,1,1,1,1,1,1,20260914,20261011
REG_2026-09-142026-10-11159061,1,1,1,1,1,1,1,20260914,20261011
REG_2026-09-142026-10-11159081,1,1,1,1,1,1,1,20260914,20261011
REG_2026-09-142026-10-11159101,1,1,1,1,1,1,1,20260914,20261011
REG_2026-09-142026-10-11159121,1,1,1,1,1,1,1,20260914,20261011
REG_2026-09-142026-10-11159141,1,1,1,1,1,1,1,20260914,20261011
REG_2026-09-142026-10-11159161,1,1,1,1,1,1,1,20260914,20261011
REG_2026-09-142026-10-11309001,1,1,1,1,1,1,1,20260914,20261011
REG_2026-09-142026-10-11309021,1,1,1,1,1,1,1,20260914,20261011
REG_2026-09-142026-10-11309041,1,1,1,1,1,1,1,20260914,20261011
REG_2026-09-142026-10-11309061,1,1,1,1,1,1,1,20260914,20261011
REG_2026-09-142026-10-11309081,1,1,1,1,1,1,1,20260914,20261011
REG_2026-09-142026-10-11309101,1,1,1,1,1,1,1,20260914,20261011
REG_2026-09-142026-10-11309121,1,1,1,1,1,1,1,20260914,20261011
REG_2026-09-142026-10-11309141,1,1,1,1,1,1,1,20260914,20261011
REG_2026-09-142026-10-11309161,1,1,1,1,1,1,1,20260914,20261011
REG_2026-09-142026-10-11309181,1,1,1,1,1,1,1,20260914,20261011
REG_2026-09-142026-11-03156311,1,1,1,1,1,1,1,20260914,20261103
REG_2026-10-122026-10-18150011,1,1,1,1,1,1,1,20261012,20261018
REG_2026-10-122026-10-18150021,1,1,1,1,1,1,1,20261012,20261018
REG_2026-10-122026-10-18150041,1,1,1,1,1,1,1,20261012,20261018
REG_2026-10-122026-10-18150111,1,1,1,1,1,1,1,20261012,20261018
REG_2026-10-122026-10-18150151,1,1,1,1,1,1,1,20261012,20261018
REG_2026-10-122026-10-18150181,1,1,1,1,1,1,1,20261012,20261018
REG_2026-10-122026-10-18150501,1,1,1,1,1,1,1,20261012,20261018
REG_2026-10-122026-10-18150551,1,1,1,1,1,1,1,20261012,20261018
REG_2026-10-122026-10-18156201,1,1,1,1,1,1,1,20261012,20261018
REG_2026-10-122026-10-18156221,1,1,1,1,1,1,1,20261012,20261018
REG_2026-10-122026-10-18156231,1,1,1,1,1,1,1,20261012,20261018
REG_2026-10-122026-10-18156241,1,1,1,1,1,1,1,20261012,20261018
REG_2026-10-122026-10-18156251,1,1,1,1,1,1,1,20261012,20261018
REG_2026-10-122026-10-18157201,1,1,1,1,1,1,1,20261012,20261018
REG_2026-10-122026-10-18157221,1,1,1,1,1,1,1,20261012,20261018
REG_2026-10-122026-10-18157241,1,1,1,1,1,1,1,20261012,20261018
REG_2026-10-122026-10-18157281,1,1,1,1,1,1,1,20261012,20261018
REG_2026-10-122026-10-18157301,1,1,1,1,1,1,1,20261012,20261018
REG_2026-10-122026-10-18157321,1,1,1,1,1,1,1,20261012,20261018
REG_2026-10-122026-10-18157341,1,1,1,1,1,1,1,20261012,20261018
REG_2026-10-122026-10-18157361,1,1,1,1,1,1,1,20261012,20261018
REG_2026-10-122026-10-18157701,1,1,1,1,1,1,1,20261012,20261018
REG_2026-10-122026-10-18157721,1,1,1,1,1,1,1,20261012,20261018
REG_2026-10-122026-10-18157741,1,1,1,1,1,1,1,20261012,20261018
REG_2026-10-122026-10-18157761,1,1,1,1,1,1,1,20261012,20261018
REG_2026-10-122026-10-18157781,1,1,1,1,1,1,1,20261012,20261018
REG_2026-10-122026-10-18157821,1,1,1,1,1,1,1,20261012,20261018
REG_2026-10-122026-10-18157841,1,1,1,1,1,1,1,20261012,20261018
REG_2026-10-122026-10-18157842,1,1,1,1,1,1,1,20261012,20261018
REG_2026-10-122026-10-18157881,1,1,1,1,1,1,1,20261012,20261018
REG_2026-10-122026-10-18158001,1,1,1,1,1,1,1,20261012,20261018
REG_2026-10-122026-10-18158021,1,1,1,1,1,1,1,20261012,20261018
REG_2026-10-122026-10-18158041,1,1,1,1,1,1,1,20261012,20261018
REG_2026-10-122026-10-18158061,1,1,1,1,1,1,1,20261012,20261018
REG_2026-10-122026-10-18158101,1,1,1,1,1,1,1,20261012,20261018
REG_2026-10-122026-10-18158122,1,1,1,1,1,1,1,20261012,20261018
REG_2026-10-122026-10-18158141,1,1,1,1,1,1,1,20261012,20261018
REG_2026-10-122026-10-18158181,1,1,1,1,1,1,1,20261012,20261018
REG_2026-10-122026-10-18158521,1,1,1,1,1,1,1,20261012,20261018
REG_2026-10-122026-10-18158561,1,1,1,1,1,1,1,20261012,20261018
REG_2026-10-122026-10-18158581,1,1,1,1,1,1,1,20261012,20261018
REG_2026-10-122026-10-18158681,1,1,1,1,1,1,1,20261012,20261018
REG_2026-10-122026-10-18158682,1,1,1,1,1,1,1,20261012,20261018
REG_2026-10-122026-10-18158701,1,1,1,1,1,1,1,20261012,20261018
REG_2026-10-122026-10-18158741,1,1,1,1,1,1,1,20261012,20261018
REG_2026-10-122026-10-18158742,1,1,1,1,1,1,1,20261012,20261018
REG_2026-10-122026-10-18158761,1,1,1,1,1,1,1,20261012,20261018
REG_2026-10-122026-10-18158781,1,1,1,1,1,1,1,20261012,20261018
REG_2026-10-122026-10-18158801,1,1,1,1,1,1,1,20261012,20261018
REG_2026-10-122026-10-18158821,1,1,1,1,1,1,1,20261012,20261018
REG_2026-10-122026-10-18158841,1,1,1,1,1,1,1,20261012,20261018
REG_2026-10-122026-10-18158861,1,1,1,1,1,1,1,20261012,20261018
REG_2026-10-122026-10-18158881,1,1,1,1,1,1,1,20261012,20261018
REG_2026-10-122026-10-18159001,1,1,1,1,1,1,1,20261012,20261018
REG_2026-10-122026-10-18159041,1,1,1,1,1,1,1,20261012,20261018
REG_2026-10-122026-10-18159061,1,1,1,1,1,1,1,20261012,20261018
REG_2026-10-122026-10-18159081,1,1,1,1,1,1,1,20261012,20261018
REG_2026-10-122026-10-18159101,1,1,1,1,1,1,1,20261012,20261018
REG_2026-10-122026-10-18159121,1,1,1,1,1,1,1,20261012,20261018
REG_2026-10-122026-10-18159141,1,1,1,1,1,1,1,20261012,20261018
REG_2026-10-122026-10-18159161,1,1,1,1,1,1,1,20261012,20261018
REG_2026-10-122026-10-18309001,1,1,1,1,1,1,1,20261012,20261018
REG_2026-10-122026-10-18309021,1,1,1,1,1,1,1,20261012,20261018
REG_2026-10-122026-10-18309041,1,1,1,1,1,1,1,20261012,20261018
REG_2026-10-122026-10-18309061,1,1,1,1,1,1,1,20261012,20261018
REG_2026-10-122026-10-18309081,1,1,1,1,1,1,1,20261012,20261018
REG_2026-10-122026-10-18309101,1,1,1,1,1,1,1,20261012,20261018
REG_2026-10-122026-10-18309121,1,1,1,1,1,1,1,20261012,20261018
REG_2026-10-122026-10-18309141,1,1,1,1,1,1,1,20261012,20261018
REG_2026-10-122026-10-18309161,1,1,1,1,1,1,1,20261012,20261018
REG_2026-10-122026-10-18309181,1,1,1,1,1,1,1,20261012,20261018
REG_2026-10-192026-11-01157361,1,1,1,1,1,1,1,20261019,20261101
REG_2026-10-192026-11-01157761,1,1,1,1,1,1,1,20261019,20261101
REG_2026-10-192026-11-01158001,1,1,1,1,1,1,1,20261019,20261101
REG_2026-10-192026-11-01159101,1,1,1,1,1,1,1,20261019,20261101
REG_2026-10-192026-11-03150011,1,1,1,1,1,1,1,20261019,20261103
REG_2026-10-192026-11-03150021,1,1,1,1,1,1,1,20261019,20261103
REG_2026-10-192026-11-03150041,1,1,1,1,1,1,1,20261019,20261103
REG_2026-10-192026-11-03150111,1,1,1,1,1,1,1,20261019,20261103
REG_2026-10-192026-11-03150151,1,1,1,1,1,1,1,20261019,20261103
REG_2026-10-192026-11-03150181,1,1,1,1,1,1,1,20261019,20261103
REG_2026-10-192026-11-03150501,1,1,1,1,1,1,1,20261019,20261103
REG_2026-10-192026-11-03150551,1,1,1,1,1,1,1,20261019,20261103
REG_2026-10-192026-11-03156201,1,1,1,1,1,1,1,20261019,20261103
REG_2026-10-192026-11-03156221,1,1,1,1,1,1,1,20261019,20261103
REG_2026-10-192026-11-03156231,1,1,1,1,1,1,1,20261019,20261103
REG_2026-10-192026-11-03156241,1,1,1,1,1,1,1,20261019,20261103
REG_2026-10-192026-11-03156251,1,1,1,1,1,1,1,20261019,20261103
REG_2026-10-192026-11-03157201,1,1,1,1,1,1,1,20261019,20261103
REG_2026-10-192026-11-03157221,1,1,1,1,1,1,1,20261019,20261103
REG_2026-10-192026-11-03157241,1,1,1,1,1,1,1,20261019,20261103
REG_2026-10-192026-11-03157281,1,1,1,1,1,1,1,20261019,20261103
REG_2026-10-192026-11-03157301,1,1,1,1,1,1,1,20261019,20261103
REG_2026-10-192026-11-03157321,1,1,1,1,1,1,1,20261019,20261103
REG_2026-10-192026-11-03157341,1,1,1,1,1,1,1,20261019,20261103
REG_2026-10-192026-11-03157701,1,1,1,1,1,1,1,20261019,20261103
REG_2026-10-192026-11-03157721,1,1,1,1,1,1,1,20261019,20261103
REG_2026-10-192026-11-03157741,1,1,1,1,1,1,1,20261019,20261103
REG_2026-10-192026-11-03157781,1,1,1,1,1,1,1,20261019,20261103
REG_2026-10-192026-11-03157821,1,1,1,1,1,1,1,20261019,20261103
REG_2026-10-192026-11-03157841,1,1,1,1,1,1,1,20261019,20261103
REG_2026-10-192026-11-03157842,1,1,1,1,1,1,1,20261019,20261103
REG_2026-10-192026-11-03157881,1,1,1,1,1,1,1,20261019,20261103
REG_2026-10-192026-11-03158021,1,1,1,1,1,1,1,20261019,20261103
REG_2026-10-192026-11-03158041,1,1,1,1,1,1,1,20261019,20261103
REG_2026-10-192026-11-03158061,1,1,1,1,1,1,1,20261019,20261103
REG_2026-10-192026-11-03158101,1,1,1,1,1,1,1,20261019,20261103
REG_2026-10-192026-11-03158122,1,1,1,1,1,1,1,20261019,20261103
REG_2026-10-192026-11-03158141,1,1,1,1,1,1,1,20261019,20261103
REG_2026-10-192026-11-03158181,1,1,1,1,1,1,1,20261019,20261103
REG_2026-10-192026-11-03158521,1,1,1,1,1,1,1,20261019,20261103
REG_2026-10-192026-11-03158561,1,1,1,1,1,1,1,20261019,20261103
REG_2026-10-192026-11-03158581,1,1,1,1,1,1,1,20261019,20261103
REG_2026-10-192026-11-03158681,1,1,1,1,1,1,1,20261019,20261103
REG_2026-10-192026-11-03158682,1,1,1,1,1,1,1,20261019,20261103
REG_2026-10-192026-11-03158701,1,1,1,1,1,1,1,20261019,20261103
REG_2026-10-192026-11-03158741,1,1,1,1,1,1,1,20261019,20261103
REG_2026-10-192026-11-03158742,1,1,1,1,1,1,1,20261019,20261103
REG_2026-10-192026-11-03158761,1,1,1,1,1,1,1,20261019,20261103
REG_2026-10-192026-11-03158781,1,1,1,1,1,1,1,20261019,20261103
REG_2026-10-192026-11-03158801,1,1,1,1,1,1,1,20261019,20261103
REG_2026-10-192026-11-03158821,1,1,1,1,1,1,1,20261019,20261103
REG_2026-10-192026-11-03158841,1,1,1,1,1,1,1,20261019,20261103
REG_2026-10-192026-11-03158861,1,1,1,1,1,1,1,20261019,20261103
REG_2026-10-192026-11-03158881,1,1,1,1,1,1,1,20261019,20261103
REG_2026-10-192026-11-03159001,1,1,1,1,1,1,1,20261019,20261103
REG_2026-10-192026-11-03159041,1,1,1,1,1,1,1,20261019,20261103
REG_2026-10-192026-11-03159061,1,1,1,1,1,1,1,20261019,20261103
REG_2026-10-192026-11-03159081,1,1,1,1,1,1,1,20261019,20261103
REG_2026-10-192026-11-03159121,1,1,1,1,1,1,1,20261019,20261103
REG_2026-10-192026-11-03159141,1,1,1,1,1,1,1,20261019,20261103
REG_2026-10-192026-11-03159161,1,1,1,1,1,1,1,20261019,20261103
REG_2026-10-192026-11-03309001,1,1,1,1,1,1,1,20261019,20261103
REG_2026-10-192026-11-03309021,1,1,1,1,1,1,1,20261019,20261103
REG_2026-10-192026-11-03309041,1,1,1,1,1,1,1,20261019,20261103
REG_2026-10-192026-11-03309061,1,1,1,1,1,1,1,20261019,20261103
REG_2026-10-192026-11-03309081,1,1,1,1,1,1,1,20261019,20261103
REG_2026-10-192026-11-03309101,1,1,1,1,1,1,1,20261019,20261103
REG_2026-10-192026-11-03309121,1,1,1,1,1,1,1,20261019,20261103
REG_2026-10-192026-11-03309141,1,1,1,1,1,1,1,20261019,20261103
REG_2026-10-192026-11-03309161,1,1,1,1,1,1,1,20261019,20261103
REG_2026-10-192026-11-03309181,1,1,1,1,1,1,1,20261019,20261103
REG_2026-11-042026-12-06158701,1,1,1,1,1,1,1,20261104,20261206
REG_2026-12-072026-12-11158701,1,1,1,1,1,1,1,20261207,20261211
REU_15,1,1,1,1,1,0,0,20260908,20270908
REU_66,0,0,0,0,0,1,0,20260908,20270908
REU_77,0,0,0,0,0,0,1,20260908,20270908
ROD_1,1,1,1,1,1,1,0,20251104,20260531
ROD_2,1,1,1,1,1,0,0,20251104,20260531
ROD_2024-01-022024-12-31RG1,1,1,1,1,1,0,0,20240102,20270928
ROD_2024-01-022024-12-31RT2,1,1,1,1,1,1,1,20240102,20270928
ROD_2026-09-232026-09-27156091,1,1,1,1,1,1,1,20260923,20270928
ROD_2026-09-232026-09-27156211,1,1,1,1,1,1,1,20260923,20270928
ROD_2026-09-232026-09-27156212,1,1,1,1,1,1,1,20260923,20270928
ROD_2026-09-232026-09-27156331,1,1,1,1,1,1,1,20260923,20270928
ROD_2026-09-232026-09-27156351,1,1,1,1,1,1,1,20260923,20270928
ROD_2026-09-232026-10-11156301,1,1,1,1,1,1,1,20260923,20270928
ROD_2026-09-232026-10-11156302,1,1,1,1,1,1,1,20260923,20270928
ROD_2026-09-232026-10-11156321,1,1,1,1,1,1,1,20260923,20270928
ROD_2026-09-232026-10-11156341,1,1,1,1,1,1,1,20260923,20270928
ROD_2026-09-232026-10-11156361,1,1,1,1,1,1,1,20260923,20270928
ROD_2026-09-232026-10-11156381,1,1,1,1,1,1,1,20260923,20270928
ROD_2026-09-232026-10-11156391,1,1,1,1,1,1,1,20260923,20270928
ROD_2026-09-232026-11-03152101,1,1,1,1,1,1,1,20260923,20270928
ROD_2026-09-232026-11-03152121,1,1,1,1,1,1,1,20260923,20270928
ROD_2026-09-232026-11-03152141,1,1,1,1,1,1,1,20260923,20270928
ROD_2026-09-232026-11-03152161,1,1,1,1,1,1,1,20260923,20270928
ROD_2026-09-232026-11-03152181,1,1,1,1,1,1,1,20260923,20270928
ROD_2026-09-232026-11-03152201,1,1,1,1,1,1,1,20260923,20270928
ROD_2026-09-232026-11-03152221,1,1,1,1,1,1,1,20260923,20270928
ROD_2026-09-232026-11-03152241,1,1,1,1,1,1,1,20260923,20270928
ROD_2026-09-232026-11-03156101,1,1,1,1,1,1,1,20260923,20270928
ROD_2026-09-232026-12-12152111,1,1,1,1,1,1,1,20260923,20270928
ROD_2026-09-232026-12-12152131,1,1,1,1,1,1,1,20260923,20270928
ROD_2026-09-232026-12-12152151,1,1,1,1,1,1,1,20260923,20270928
ROD_2026-09-232026-12-12152171,1,1,1,1,1,1,1,20260923,20270928
ROD_2026-09-232026-12-12152191,1,1,1,1,1,1,1,20260923,20270928
ROD_2026-09-232026-12-12152211,1,1,1,1,1,1,1,20260923,20270928
ROD_2026-09-232026-12-12152231,1,1,1,1,1,1,1,20260923,20270928
ROD_2026-09-232026-12-12152251,1,1,1,1,1,1,1,20260923,20270928
ROD_2026-09-232026-12-12156131,1,1,1,1,1,1,1,20260923,20270928
ROD_2026-09-282026-10-11156091,1,1,1,1,1,1,1,20260928,20270928
ROD_2026-09-282026-10-11156211,1,1,1,1,1,1,1,20260928,20270928
ROD_2026-09-282026-10-11156331,1,1,1,1,1,1,1,20260928,20270928
ROD_2026-09-282026-10-11156351,1,1,1,1,1,1,1,20260928,20270928
ROD_2026-10-032026-10-11156212,1,1,1,1,1,1,1,20261003,20270928
ROD_2026-10-122026-10-18156091,1,1,1,1,1,1,1,20261012,20270928
ROD_2026-10-122026-10-18156211,1,1,1,1,1,1,1,20261012,20270928
ROD_2026-10-122026-10-18156212,1,1,1,1,1,1,1,20261012,20270928
ROD_2026-10-122026-10-18156301,1,1,1,1,1,1,1,20261012,20270928
ROD_2026-10-122026-10-18156302,1,1,1,1,1,1,1,20261012,20270928
ROD_2026-10-122026-10-18156321,1,1,1,1,1,1,1,20261012,20270928
ROD_2026-10-122026-10-18156331,1,1,1,1,1,1,1,20261012,20270928
ROD_2026-10-122026-10-18156341,1,1,1,1,1,1,1,20261012,20270928
ROD_2026-10-122026-10-18156351,1,1,1,1,1,1,1,20261012,20270928
ROD_2026-10-122026-10-18156361,1,1,1,1,1,1,1,20261012,20270928
ROD_2026-10-122026-10-18156381,1,1,1,1,1,1,1,20261012,20270928
ROD_2026-10-122026-10-18156391,1,1,1,1,1,1,1,20261012,20270928
ROD_2026-10-192026-11-01156302,1,1,1,1,1,1,1,20261019,20270928
ROD_2026-10-192026-11-03156301,1,1,1,1,1,1,1,20261019,20270928
ROD_2026-10-192026-11-03156321,1,1,1,1,1,1,1,20261019,20270928
ROD_2026-10-192026-11-03156341,1,1,1,1,1,1,1,20261019,20270928
ROD_2026-10-192026-11-03156361,1,1,1,1,1,1,1,20261019,20270928
ROD_2026-10-192026-11-03156381,1,1,1,1,1,1,1,20261019,20270928
ROD_2026-10-192026-12-06156091,1,1,1,1,1,1,1,20261019,20270928
ROD_2026-10-192026-12-06156211,1,1,1,1,1,1,1,20261019,20270928
ROD_2026-10-192026-12-06156212,1,1,1,1,1,1,1,20261019,20270928
ROD_2026-10-192026-12-06156331,1,1,1,1,1,1,1,20261019,20270928
ROD_2026-10-192026-12-06156351,1,1,1,1,1,1,1,20261019,20270928
ROD_2026-10-192026-12-06156391,1,1,1,1,1,1,1,20261019,20270928
ROD_2026-11-042026-12-06156301,1,1,1,1,1,1,1,20261104,20270928
ROD_2026-11-042026-12-06156321,1,1,1,1,1,1,1,20261104,20270928
ROD_2026-11-042026-12-06156341,1,1,1,1,1,1,1,20261104,20270928
ROD_2026-11-042026-12-06156361,1,1,1,1,1,1,1,20261104,20270928
ROD_2026-11-042026-12-06156381,1,1,1,1,1,1,1,20261104,20270928
ROD_2026-11-042026-12-12152101,1,1,1,1,1,1,1,20261104,20270928
ROD_2026-11-042026-12-12152121,1,1,1,1,1,1,1,20261104,20270928
ROD_2026-11-042026-12-12152141,1,1,1,1,1,1,1,20261104,20270928
ROD_2026-11-042026-12-12152161,1,1,1,1,1,1,1,20261104,20270928
ROD_2026-11-042026-12-12152181,1,1,1,1,1,1,1,20261104,20270928
ROD_2026-11-042026-12-12152201,1,1,1,1,1,1,1,20261104,20270928
ROD_2026-11-042026-12-12152221,1,1,1,1,1,1,1,20261104,20270928
ROD_2026-11-042026-12-12152241,1,1,1,1,1,1,1,20261104,20270928
ROD_2026-11-042026-12-12156101,1,1,1,1,1,1,1,20261104,20270928
ROD_2026-11-072026-12-06156302,1,1,1,1,1,1,1,20261107,20270928
ROD_2026-12-072026-12-11156091,1,1,1,1,1,1,1,20261207,20270928
ROD_2026-12-072026-12-11156211,1,1,1,1,1,1,1,20261207,20270928
ROD_2026-12-072026-12-11156301,1,1,1,1,1,1,1,20261207,20270928
ROD_2026-12-072026-12-11156321,1,1,1,1,1,1,1,20261207,20270928
ROD_2026-12-072026-12-11156331,1,1,1,1,1,1,1,20261207,20270928
ROD_2026-12-072026-12-11156341,1,1,1,1,1,1,1,20261207,20270928
ROD_2026-12-072026-12-11156351,1,1,1,1,1,1,1,20261207,20270928
ROD_2026-12-072026-12-11156361,1,1,1,1,1,1,1,20261207,20270928
ROD_2026-12-072026-12-11156381,1,1,1,1,1,1,1,20261207,20270928
ROD_2026-12-072026-12-11156391,1,1,1,1,1,1,1,20261207,20270928
ROD_2026-12-072026-12-12156212,1,1,1,1,1,1,1,20261207,20270928
ROD_2026-12-072026-12-12156302,1,1,1,1,1,1,1,20261207,20270928
ROD_3,1,1,1,1,1,1,1,20251104,20260531
ROD_5119J,0,0,0,1,0,0,0,20251016,20270928
ROD_5120V,0,0,0,0,1,0,0,20251017,20270928
ROD_5121S,0,0,0,0,0,1,0,20251018,20270928
ROD_5122D,0,0,0,0,0,0,1,20251019,20270928
ROD_5123L,1,0,0,0,0,0,0,20251020,20270928
ROD_5124M,0,1,0,0,0,0,0,20251021,20270928
ROD_5125X,0,0,1,0,0,0,0,20251022,20270928
ROD_5126J,0,0,0,1,0,0,0,20251023,20270928
ROD_5127V,0,0,0,0,1,0,0,20251024,20270928
ROD_5128S,0,0,0,0,0,1,0,20251025,20270928
ROD_5129D,0,0,0,0,0,0,1,20251026,20270928
ROD_5169L,1,0,0,0,0,0,0,20260928,20260928
ROD_5170M,0,1,0,0,0,0,0,20260929,20260929
ROD_5171X,0,0,1,0,0,0,0,20260930,20260930
ROD_5172J,0,0,0,1,0,0,0,20261001,20261001
ROD_5173V,0,0,0,0,1,0,0,20261002,20261002
ROD_5174S,0,0,0,0,0,1,0,20261003,20261003
ROD_5175D,0,0,0,0,0,0,1,20261004,20261004
ROD_5176,0,0,0,0,0,0,0,20261005,20261005
ROD_5177,0,0,0,0,0,0,0,20261006,20261006
ROD_5178,0,0,0,0,0,0,0,20261007,20261007
ROD_5179,0,0,0,0,0,0,0,20261008,20261008
ROD_5180,0,0,0,0,0,0,0,20261009,20261009
ROD_5181,0,0,0,0,0,0,0,20261010,20261010
ROD_5182,0,0,0,0,0,0,0,20261011,20261011
ROD_5183,0,0,0,0,0,0,0,20261012,20261012
ROD_5184,0,0,0,0,0,0,0,20261013,20261013
ROD_5185,0,0,0,0,0,0,0,20261014,20261014
ROD_5186,0,0,0,0,0,0,0,20261015,20261015
ROD_5187,0,0,0,0,0,0,0,20261016,20261016
ROD_5188,0,0,0,0,0,0,0,20261017,20261017
ROD_5189,0,0,0,0,0,0,0,20261018,20261018
ROD_5190,0,0,0,0,0,0,0,20261019,20261019
ROD_5191,0,0,0,0,0,0,0,20261020,20261020
ROD_5192,0,0,0,0,0,0,0,20261021,20261021
ROD_5193,0,0,0,0,0,0,0,20261022,20261022
ROD_5194,0,0,0,0,0,0,0,20261023,20261023
ROS_Feiner (esitu) L1,1,1,1,1,1,1,1,20260526,20270930
ROS_Feiner (hivern) L1,1,1,1,1,1,1,0,20261001,20270531
ROS_Festiu (hivern) L1,0,0,0,0,0,0,1,20261001,20270531
ROS_Servei L2,1,1,1,1,1,1,1,20260526,20270930
SAG_02530010715,1,1,1,1,1,0,0,20180101,20271231
SAG_02530010805,1,1,1,1,1,0,0,20180101,20271231
SAG_02530021710,1,1,1,1,1,0,0,20180101,20271231
SAG_02531010735,1,1,1,1,1,0,0,20180101,20271231
SAG_02531011730,1,1,1,1,1,0,0,20180101,20271231
SAG_02531020820,1,1,1,1,1,0,0,20180101,20271231
SAG_02540011245,0,1,0,1,0,0,0,20200729,20261231
SAG_02540011640,0,1,0,1,0,0,0,20200729,20261231
SAG_02540011930,0,1,0,1,0,0,0,20200729,20261231
SAG_02541011315,0,1,0,1,0,0,0,20200729,20261231
SAG_02541011730,0,1,0,1,0,0,0,20200729,20261231
SAG_02950020645,1,1,1,1,1,0,0,20240603,20261231
SAG_02950020715,1,1,1,1,1,0,0,20240603,20261231
SAG_02950020745,1,1,1,1,1,0,0,20240603,20261231
SAG_02950020815,1,1,1,1,1,0,0,20240603,20261231
SAG_02950020845,1,1,1,1,1,1,0,20240603,20261231
SAG_02950020915,1,1,1,1,1,1,0,20240603,20261231
SAG_02950020945,1,1,1,1,1,1,0,20240603,20261231
SAG_02950021015,1,1,1,1,1,1,0,20240603,20261231
SAG_02950021045,1,1,1,1,1,1,0,20240603,20261231
SAG_02950021115,1,1,1,1,1,1,0,20240603,20261231
SAG_02950021145,1,1,1,1,1,1,0,20240603,20261231
SAG_02950021215,1,1,1,1,1,1,0,20240603,20261231
SAG_02950021245,1,1,1,1,1,1,0,20240603,20261231
SAG_02950021315,1,1,1,1,1,1,0,20240603,20261231
SAG_02950021345,1,1,1,1,1,0,0,20240603,20261231
SAG_02950021415,1,1,1,1,1,0,0,20240603,20261231
SAG_02950021445,1,1,1,1,1,0,0,20240603,20261231
SAG_02950021515,1,1,1,1,1,0,0,20240603,20261231
SAG_02950021545,1,1,1,1,1,0,0,20240603,20261231
SAG_02950021630,1,1,1,1,1,0,0,20240603,20261231
SAG_02950021715,1,1,1,1,1,0,0,20240603,20261231
SAG_02950021745,1,1,1,1,1,0,0,20240603,20261231
SAG_02950021815,1,1,1,1,1,0,0,20240603,20261231
SAG_02950021845,1,1,1,1,1,0,0,20240603,20261231
SAG_02950021915,1,1,1,1,1,0,0,20240603,20261231
SAG_03200050530,1,1,1,1,1,0,0,20250428,20261231
SAG_03200050545,1,1,1,1,1,0,0,20250428,20261231
SAG_03200050600,1,1,1,1,1,0,0,20250428,20261231
SAG_03200050625,1,1,1,1,1,0,0,20250428,20261231
SAG_03200050630,0,0,0,0,0,1,0,20250428,20261231
SAG_03200050640,1,1,1,1,1,0,0,20250428,20261231
SAG_03200050655,1,1,1,1,1,0,0,20250428,20261231
SAG_03200050700,0,0,0,0,0,1,0,20250428,20261231
SAG_03200050710,1,1,1,1,1,0,0,20250428,20261231
SAG_03200050725,1,1,1,1,1,0,0,20250428,20261231
SAG_03200050730,0,0,0,0,0,1,0,20250428,20261231
SAG_03200050740,1,1,1,1,1,0,0,20250428,20261231
SAG_03200050755,1,1,1,1,1,0,0,20250428,20261231
SAG_03200050800,0,0,0,0,0,1,1,20250428,20261231
SAG_03200050810,1,1,1,1,1,0,0,20250428,20261231
SAG_03200050825,1,1,1,1,1,0,0,20250428,20261231
SAG_03200050830,0,0,0,0,0,1,1,20250428,20261231
SAG_03200050840,1,1,1,1,1,0,0,20250428,20261231
SAG_03200050855,1,1,1,1,1,0,0,20250428,20261231
SAG_03200050900,0,0,0,0,0,1,1,20250428,20261231
SAG_03200050910,1,1,1,1,1,0,0,20250428,20261231
SAG_03200050925,1,1,1,1,1,0,0,20250428,20261231
SAG_03200050930,0,0,0,0,0,1,1,20250428,20261231
SAG_03200050940,1,1,1,1,1,0,0,20250428,20261231
SAG_03200050955,1,1,1,1,1,0,0,20250428,20261231
SAG_03200051000,0,0,0,0,0,1,1,20250428,20261231
SAG_03200051010,1,1,1,1,1,0,0,20250428,20261231
SAG_03200051025,1,1,1,1,1,0,0,20250428,20261231
SAG_03200051030,0,0,0,0,0,1,1,20250428,20261231
SAG_03200051040,1,1,1,1,1,0,0,20250428,20261231
SAG_03200051055,1,1,1,1,1,0,0,20250428,20261231
SAG_03200051100,0,0,0,0,0,1,1,20250428,20261231
SAG_03200051110,1,1,1,1,1,0,0,20250428,20261231
SAG_03200051120,1,1,1,1,1,0,0,20250428,20261231
SAG_03200051130,0,0,0,0,0,1,1,20250428,20261231
SAG_03200051140,1,1,1,1,1,0,0,20250428,20261231
SAG_03200051200,1,1,1,1,1,0,0,20250428,20261231
SAG_03200051201,0,0,0,0,0,1,1,20250428,20261231
SAG_03200051220,1,1,1,1,1,0,0,20250428,20261231
SAG_03200051230,0,0,0,0,0,1,1,20250428,20261231
SAG_03200051250,1,1,1,1,1,0,0,20250428,20261231
SAG_03200051300,0,0,0,0,0,1,1,20250428,20261231
SAG_03200051310,1,1,1,1,1,0,0,20250428,20261231
SAG_03200051330,0,0,0,0,0,1,1,20250428,20261231
SAG_03200051340,1,1,1,1,1,0,0,20250428,20261231
SAG_03200051400,1,1,1,1,1,0,0,20250428,20261231
SAG_03200051401,0,0,0,0,0,1,1,20250428,20261231
SAG_03200051420,1,1,1,1,1,0,0,20250428,20261231
SAG_03200051430,0,0,0,0,0,1,1,20250428,20261231
SAG_03200051435,1,1,1,1,1,0,0,20250428,20261231
SAG_03200051450,1,1,1,1,1,0,0,20250428,20261231
SAG_03200051500,0,0,0,0,0,1,1,20250428,20261231
SAG_03200051505,1,1,1,1,1,0,0,20250428,20261231
SAG_03200051520,1,1,1,1,1,0,0,20250428,20261231
SAG_03200051530,0,0,0,0,0,1,1,20250428,20261231
SAG_03200051535,1,1,1,1,1,0,0,20250428,20261231
SAG_03200051550,1,1,1,1,1,0,0,20250428,20261231
SAG_03200051600,0,0,0,0,0,1,1,20250428,20261231
SAG_03200051605,1,1,1,1,1,0,0,20250428,20261231
SAG_03200051620,1,1,1,1,1,0,0,20250428,20261231
SAG_03200051630,0,0,0,0,0,1,1,20250428,20261231
SAG_03200051635,1,1,1,1,1,0,0,20250428,20261231
SAG_03200051650,1,1,1,1,1,0,0,20250428,20261231
SAG_03200051700,0,0,0,0,0,1,1,20250428,20261231
SAG_03200051705,1,1,1,1,1,0,0,20250428,20261231
SAG_03200051720,1,1,1,1,1,0,0,20250428,20261231
SAG_03200051730,0,0,0,0,0,1,1,20250428,20261231
SAG_03200051735,1,1,1,1,1,0,0,20250428,20261231
SAG_03200051750,1,1,1,1,1,0,0,20250428,20261231
SAG_03200051800,0,0,0,0,0,1,1,20250428,20261231
SAG_03200051805,1,1,1,1,1,0,0,20250428,20261231
SAG_03200051820,1,1,1,1,1,0,0,20250428,20261231
SAG_03200051830,0,0,0,0,0,1,1,20250428,20261231
SAG_03200051835,1,1,1,1,1,0,0,20250428,20261231
SAG_03200051850,1,1,1,1,1,0,0,20250428,20261231
SAG_03200051900,0,0,0,0,0,1,1,20250428,20261231
SAG_03200051905,1,1,1,1,1,0,0,20250428,20261231
SAG_03200051920,1,1,1,1,1,0,0,20250428,20261231
SAG_03200051930,0,0,0,0,0,1,1,20250428,20261231
SAG_03200051940,1,1,1,1,1,0,0,20250428,20261231
SAG_03200051955,1,1,1,1,1,0,0,20250428,20261231
SAG_03200052000,0,0,0,0,0,1,1,20250428,20261231
SAG_03200052015,1,1,1,1,1,0,0,20250428,20261231
SAG_03200052030,0,0,0,0,0,1,1,20250428,20261231
SAG_03200052035,1,1,1,1,1,0,0,20250428,20261231
SAG_03200052055,1,1,1,1,1,0,0,20250428,20261231
SAG_03200052100,0,0,0,0,0,1,1,20250428,20261231
SAG_03200052120,1,1,1,1,1,0,0,20250428,20261231
SAG_03200052130,0,0,0,0,0,1,1,20250428,20261231
SAG_03200052140,1,1,1,1,1,0,0,20250428,20261231
SAG_03200052155,1,1,1,1,1,0,0,20250428,20261231
SAG_03200052200,0,0,0,0,0,1,1,20250428,20261231
SAG_03200052215,1,1,1,1,1,0,0,20250428,20261231
SAG_03200052230,0,0,0,0,0,1,1,20250428,20261231
SAG_03200052235,1,1,1,1,1,0,0,20250428,20261231
SAG_03200052255,1,1,1,1,1,0,0,20250428,20261231
SAG_03200052320,1,1,1,1,1,0,0,20250428,20261231
SAG_03201050430,1,1,1,1,1,0,0,20250428,20261231
SAG_03201050445,1,1,1,1,1,0,0,20250428,20261231
SAG_03201050500,1,1,1,1,1,0,0,20250428,20261231
SAG_03201050515,1,1,1,1,1,0,0,20250428,20261231
SAG_03201050530,1,1,1,1,1,0,0,20250428,20261231
SAG_03201050531,0,0,0,0,0,1,0,20250428,20261231
SAG_03201050545,1,1,1,1,1,0,0,20250428,20261231
SAG_03201050600,1,1,1,1,1,0,0,20250428,20261231
SAG_03201050601,0,0,0,0,0,1,0,20250428,20261231
SAG_03201050615,1,1,1,1,1,0,0,20250428,20261231
SAG_03201050630,1,1,1,1,1,0,0,20250428,20261231
SAG_03201050631,0,0,0,0,0,1,0,20250428,20261231
SAG_03201050645,1,1,1,1,1,0,0,20250428,20261231
SAG_03201050700,1,1,1,1,1,0,0,20250428,20261231
SAG_03201050701,0,0,0,0,0,1,1,20250428,20261231
SAG_03201050715,1,1,1,1,1,0,0,20250428,20261231
SAG_03201050730,1,1,1,1,1,0,0,20250428,20261231
SAG_03201050731,0,0,0,0,0,1,1,20250428,20261231
SAG_03201050745,1,1,1,1,1,0,0,20250428,20261231
SAG_03201050800,1,1,1,1,1,0,0,20250428,20261231
SAG_03201050801,0,0,0,0,0,1,1,20250428,20261231
SAG_03201050815,1,1,1,1,1,0,0,20250428,20261231
SAG_03201050830,1,1,1,1,1,0,0,20250428,20261231
SAG_03201050831,0,0,0,0,0,1,1,20250428,20261231
SAG_03201050845,1,1,1,1,1,0,0,20250428,20261231
SAG_03201050900,1,1,1,1,1,0,0,20250428,20261231
SAG_03201050901,0,0,0,0,0,1,1,20250428,20261231
SAG_03201050915,1,1,1,1,1,0,0,20250428,20261231
SAG_03201050930,1,1,1,1,1,0,0,20250428,20261231
SAG_03201050931,0,0,0,0,0,1,1,20250428,20261231
SAG_03201050945,1,1,1,1,1,0,0,20250428,20261231
SAG_03201051000,1,1,1,1,1,0,0,20250428,20261231
SAG_03201051001,0,0,0,0,0,1,1,20250428,20261231
SAG_03201051020,1,1,1,1,1,0,0,20250428,20261231
SAG_03201051030,0,0,0,0,0,1,1,20250428,20261231
SAG_03201051040,1,1,1,1,1,0,0,20250428,20261231
SAG_03201051100,1,1,1,1,1,1,1,20250428,20261231
SAG_03201051120,1,1,1,1,1,0,0,20250428,20261231
SAG_03201051130,0,0,0,0,0,1,1,20250428,20261231
SAG_03201051150,1,1,1,1,1,0,0,20250428,20261231
SAG_03201051200,0,0,0,0,0,1,1,20250428,20261231
SAG_03201051210,1,1,1,1,1,0,0,20250428,20261231
SAG_03201051230,0,0,0,0,0,1,1,20250428,20261231
SAG_03201051240,1,1,1,1,1,0,0,20250428,20261231
SAG_03201051300,1,1,1,1,1,1,1,20250428,20261231
SAG_03201051310,1,1,1,1,1,0,0,20250428,20261231
SAG_03201051325,1,1,1,1,1,0,0,20250428,20261231
SAG_03201051330,0,0,0,0,0,1,1,20250428,20261231
SAG_03201051340,1,1,1,1,1,0,0,20250428,20261231
SAG_03201051355,1,1,1,1,1,0,0,20250428,20261231
SAG_03201051400,0,0,0,0,0,1,1,20250428,20261231
SAG_03201051410,1,1,1,1,1,0,0,20250428,20261231
SAG_03201051425,1,1,1,1,1,0,0,20250428,20261231
SAG_03201051430,0,0,0,0,0,1,1,20250428,20261231
SAG_03201051440,1,1,1,1,1,0,0,20250428,20261231
SAG_03201051455,1,1,1,1,1,0,0,20250428,20261231
SAG_03201051500,0,0,0,0,0,1,1,20250428,20261231
SAG_03201051510,1,1,1,1,1,0,0,20250428,20261231
SAG_03201051525,1,1,1,1,1,0,0,20250428,20261231
SAG_03201051530,0,0,0,0,0,1,1,20250428,20261231
SAG_03201051540,1,1,1,1,1,0,0,20250428,20261231
SAG_03201051555,1,1,1,1,1,0,0,20250428,20261231
SAG_03201051600,0,0,0,0,0,1,1,20250428,20261231
SAG_03201051610,1,1,1,1,1,0,0,20250428,20261231
SAG_03201051625,1,1,1,1,1,0,0,20250428,20261231
SAG_03201051630,0,0,0,0,0,1,1,20250428,20261231
SAG_03201051640,1,1,1,1,1,0,0,20250428,20261231
SAG_03201051655,1,1,1,1,1,0,0,20250428,20261231
SAG_03201051700,0,0,0,0,0,1,1,20250428,20261231
SAG_03201051710,1,1,1,1,1,0,0,20250428,20261231
SAG_03201051725,1,1,1,1,1,0,0,20250428,20261231
SAG_03201051730,0,0,0,0,0,1,1,20250428,20261231
SAG_03201051740,1,1,1,1,1,0,0,20250428,20261231
SAG_03201051755,1,1,1,1,1,0,0,20250428,20261231
SAG_03201051800,0,0,0,0,0,1,1,20250428,20261231
SAG_03201051810,1,1,1,1,1,0,0,20250428,20261231
SAG_03201051830,1,1,1,1,1,0,0,20250428,20261231
SAG_03201051831,0,0,0,0,0,1,1,20250428,20261231
SAG_03201051855,1,1,1,1,1,0,0,20250428,20261231
SAG_03201051900,0,0,0,0,0,1,1,20250428,20261231
SAG_03201051915,1,1,1,1,1,0,0,20250428,20261231
SAG_03201051930,0,0,0,0,0,1,1,20250428,20261231
SAG_03201051935,1,1,1,1,1,0,0,20250428,20261231
SAG_03201051955,1,1,1,1,1,0,0,20250428,20261231
SAG_03201052000,0,0,0,0,0,1,1,20250428,20261231
SAG_03201052020,1,1,1,1,1,0,0,20250428,20261231
SAG_03201052030,0,0,0,0,0,1,1,20250428,20261231
SAG_03201052040,1,1,1,1,1,0,0,20250428,20261231
SAG_03201052055,1,1,1,1,1,0,0,20250428,20261231
SAG_03201052100,0,0,0,0,0,1,1,20250428,20261231
SAG_03201052115,1,1,1,1,1,0,0,20250428,20261231
SAG_03201052130,0,0,0,0,0,1,1,20250428,20261231
SAG_03201052135,1,1,1,1,1,0,0,20250428,20261231
SAG_03201052155,1,1,1,1,1,0,0,20250428,20261231
SAG_03201052220,1,1,1,1,1,0,0,20250428,20261231
SAG_03210040540,1,1,1,1,1,0,0,20250428,20261231
SAG_03210040555,1,1,1,1,1,0,0,20250428,20261231
SAG_03210040610,1,1,1,1,1,0,0,20250428,20261231
SAG_03210040625,1,1,1,1,1,0,0,20250428,20261231
SAG_03210040640,1,1,1,1,1,0,0,20250428,20261231
SAG_03210040655,1,1,1,1,1,0,0,20250428,20261231
SAG_03210040710,1,1,1,1,1,0,0,20250428,20261231
SAG_03210040725,1,1,1,1,1,0,0,20250428,20261231
SAG_03210040740,1,1,1,1,1,0,0,20250428,20261231
SAG_03210040755,1,1,1,1,1,0,0,20250428,20261231
SAG_03210040810,1,1,1,1,1,0,0,20250428,20261231
SAG_03210040825,1,1,1,1,1,0,0,20250428,20261231
SAG_03210040840,1,1,1,1,1,0,0,20250428,20261231
SAG_03210040855,1,1,1,1,1,0,0,20250428,20261231
SAG_03210040910,1,1,1,1,1,0,0,20250428,20261231
SAG_03210040925,1,1,1,1,1,0,0,20250428,20261231
SAG_03210040940,1,1,1,1,1,0,0,20250428,20261231
SAG_03210040955,1,1,1,1,1,0,0,20250428,20261231
SAG_03210041010,1,1,1,1,1,0,0,20250428,20261231
SAG_03210041025,1,1,1,1,1,0,0,20250428,20261231
SAG_03210041040,1,1,1,1,1,0,0,20250428,20261231
SAG_03210041055,1,1,1,1,1,0,0,20250428,20261231
SAG_03210041110,1,1,1,1,1,0,0,20250428,20261231
SAG_03210041125,1,1,1,1,1,0,0,20250428,20261231
SAG_03210041140,1,1,1,1,1,0,0,20250428,20261231
SAG_03210041155,1,1,1,1,1,0,0,20250428,20261231
SAG_03210041210,1,1,1,1,1,0,0,20250428,20261231
SAG_03210041225,1,1,1,1,1,0,0,20250428,20261231
SAG_03210041240,1,1,1,1,1,0,0,20250428,20261231
SAG_03210041255,1,1,1,1,1,0,0,20250428,20261231
SAG_03210041310,1,1,1,1,1,0,0,20250428,20261231
SAG_03210041325,1,1,1,1,1,0,0,20250428,20261231
SAG_03210041340,1,1,1,1,1,0,0,20250428,20261231
SAG_03210041355,1,1,1,1,1,0,0,20250428,20261231
SAG_03210041410,1,1,1,1,1,0,0,20250428,20261231
SAG_03210041425,1,1,1,1,1,0,0,20250428,20261231
SAG_03210041440,1,1,1,1,1,0,0,20250428,20261231
SAG_03210041455,1,1,1,1,1,0,0,20250428,20261231
SAG_03210041510,1,1,1,1,1,0,0,20250428,20261231
SAG_03210041525,1,1,1,1,1,0,0,20250428,20261231
SAG_03210041540,1,1,1,1,1,0,0,20250428,20261231
SAG_03210041555,1,1,1,1,1,0,0,20250428,20261231
SAG_03210041610,1,1,1,1,1,0,0,20250428,20261231
SAG_03210041625,1,1,1,1,1,0,0,20250428,20261231
SAG_03210041640,1,1,1,1,1,0,0,20250428,20261231
SAG_03210041655,1,1,1,1,1,0,0,20250428,20261231
SAG_03210041710,1,1,1,1,1,0,0,20250428,20261231
SAG_03210041725,1,1,1,1,1,0,0,20250428,20261231
SAG_03210041740,1,1,1,1,1,0,0,20250428,20261231
SAG_03210041755,1,1,1,1,1,0,0,20250428,20261231
SAG_03210041810,1,1,1,1,1,0,0,20250428,20261231
SAG_03210041825,1,1,1,1,1,0,0,20250428,20261231
SAG_03210041840,1,1,1,1,1,0,0,20250428,20261231
SAG_03210041855,1,1,1,1,1,0,0,20250428,20261231
SAG_03210041910,1,1,1,1,1,0,0,20250428,20261231
SAG_03210041925,1,1,1,1,1,0,0,20250428,20261231
SAG_03210041940,1,1,1,1,1,0,0,20250428,20261231
SAG_03210041955,1,1,1,1,1,0,0,20250428,20261231
SAG_03210042020,1,1,1,1,1,0,0,20250428,20261231
SAG_03210042050,1,1,1,1,1,0,0,20250428,20261231
SAG_03211040445,1,1,1,1,1,0,0,20250428,20261231
SAG_03211040500,1,1,1,1,1,0,0,20250428,20261231
SAG_03211040515,1,1,1,1,1,0,0,20250428,20261231
SAG_03211040530,1,1,1,1,1,0,0,20250428,20261231
SAG_03211040545,1,1,1,1,1,0,0,20250428,20261231
SAG_03211040600,1,1,1,1,1,0,0,20250428,20261231
SAG_03211040615,1,1,1,1,1,0,0,20250428,20261231
SAG_03211040630,1,1,1,1,1,0,0,20250428,20261231
SAG_03211040645,1,1,1,1,1,0,0,20250428,20261231
SAG_03211040700,1,1,1,1,1,0,0,20250428,20261231
SAG_03211040715,1,1,1,1,1,0,0,20250428,20261231
SAG_03211040730,1,1,1,1,1,0,0,20250428,20261231
SAG_03211040745,1,1,1,1,1,0,0,20250428,20261231
SAG_03211040800,1,1,1,1,1,0,0,20250428,20261231
SAG_03211040815,1,1,1,1,1,0,0,20250428,20261231
SAG_03211040830,1,1,1,1,1,0,0,20250428,20261231
SAG_03211040845,1,1,1,1,1,0,0,20250428,20261231
SAG_03211040900,1,1,1,1,1,0,0,20250428,20261231
SAG_03211040915,1,1,1,1,1,0,0,20250428,20261231
SAG_03211040930,1,1,1,1,1,0,0,20250428,20261231
SAG_03211040945,1,1,1,1,1,0,0,20250428,20261231
SAG_03211041000,1,1,1,1,1,0,0,20250428,20261231
SAG_03211041015,1,1,1,1,1,0,0,20250428,20261231
SAG_03211041030,1,1,1,1,1,0,0,20250428,20261231
SAG_03211041045,1,1,1,1,1,0,0,20250428,20261231
SAG_03211041100,1,1,1,1,1,0,0,20250428,20261231
SAG_03211041115,1,1,1,1,1,0,0,20250428,20261231
SAG_03211041130,1,1,1,1,1,0,0,20250428,20261231
SAG_03211041145,1,1,1,1,1,0,0,20250428,20261231
SAG_03211041200,1,1,1,1,1,0,0,20250428,20261231
SAG_03211041215,1,1,1,1,1,0,0,20250428,20261231
SAG_03211041230,1,1,1,1,1,0,0,20250428,20261231
SAG_03211041245,1,1,1,1,1,0,0,20250428,20261231
SAG_03211041300,1,1,1,1,1,0,0,20250428,20261231
SAG_03211041315,1,1,1,1,1,0,0,20250428,20261231
SAG_03211041330,1,1,1,1,1,0,0,20250428,20261231
SAG_03211041345,1,1,1,1,1,0,0,20250428,20261231
SAG_03211041400,1,1,1,1,1,0,0,20250428,20261231
SAG_03211041415,1,1,1,1,1,0,0,20250428,20261231
SAG_03211041430,1,1,1,1,1,0,0,20250428,20261231
SAG_03211041445,1,1,1,1,1,0,0,20250428,20261231
SAG_03211041500,1,1,1,1,1,0,0,20250428,20261231
SAG_03211041515,1,1,1,1,1,0,0,20250428,20261231
SAG_03211041530,1,1,1,1,1,0,0,20250428,20261231
SAG_03211041545,1,1,1,1,1,0,0,20250428,20261231
SAG_03211041600,1,1,1,1,1,0,0,20250428,20261231
SAG_03211041615,1,1,1,1,1,0,0,20250428,20261231
SAG_03211041630,1,1,1,1,1,0,0,20250428,20261231
SAG_03211041645,1,1,1,1,1,0,0,20250428,20261231
SAG_03211041700,1,1,1,1,1,0,0,20250428,20261231
SAG_03211041715,1,1,1,1,1,0,0,20250428,20261231
SAG_03211041730,1,1,1,1,1,0,0,20250428,20261231
SAG_03211041745,1,1,1,1,1,0,0,20250428,20261231
SAG_03211041800,1,1,1,1,1,0,0,20250428,20261231
SAG_03211041815,1,1,1,1,1,0,0,20250428,20261231
SAG_03211041830,1,1,1,1,1,0,0,20250428,20261231
SAG_03211041845,1,1,1,1,1,0,0,20250428,20261231
SAG_03211041901,1,1,1,1,1,0,0,20250428,20261231
SAG_03211041925,1,1,1,1,1,0,0,20250428,20261231
SAG_03211041955,1,1,1,1,1,0,0,20250428,20261231
SAG_03240010700,1,1,1,1,1,0,0,20250428,20260920
SAG_03240010850,1,1,1,1,1,0,0,20250428,20260920
SAG_03240011040,1,1,1,1,1,0,0,20250428,20260920
SAG_03240011230,1,1,1,1,1,0,0,20250428,20260920
SAG_03240011420,1,1,1,1,1,0,0,20250428,20260920
SAG_03240011610,1,1,1,1,1,0,0,20250428,20260920
SAG_03240011800,1,1,1,1,1,0,0,20250428,20260920
SAG_03240011950,1,1,1,1,1,0,0,20250428,20260920
SAG_03240012140,1,1,1,1,1,0,0,20250428,20260920
SAG_03241010600,1,1,1,1,1,0,0,20250428,20260920
SAG_03241010750,1,1,1,1,1,0,0,20250428,20260920
SAG_03241010940,1,1,1,1,1,0,0,20250428,20260920
SAG_03241011130,1,1,1,1,1,0,0,20250428,20260920
SAG_03241011320,1,1,1,1,1,0,0,20250428,20260920
SAG_03241011510,1,1,1,1,1,0,0,20250428,20260920
SAG_03241011700,1,1,1,1,1,0,0,20250428,20260920
SAG_03241011850,1,1,1,1,1,0,0,20250428,20260920
SAG_03241012040,1,1,1,1,1,0,0,20250428,20260920
SAG_03260010605,1,1,1,1,1,0,0,20260629,20261231
SAG_03260010610,0,0,0,0,0,1,0,20260629,20261231
SAG_03260010650,1,1,1,1,1,0,0,20260629,20261231
SAG_03260010710,0,0,0,0,0,1,1,20260629,20261231
SAG_03260010755,1,1,1,1,1,0,0,20260629,20261231
SAG_03260010810,0,0,0,0,0,1,1,20260629,20261231
SAG_03260010900,1,1,1,1,1,0,0,20260629,20261231
SAG_03260010910,0,0,0,0,0,1,0,20260629,20261231
SAG_03260011000,1,1,1,1,1,0,0,20260629,20261231
SAG_03260011010,0,0,0,0,0,1,0,20260629,20261231
SAG_03260011100,1,1,1,1,1,0,0,20260629,20261231
SAG_03260011110,0,0,0,0,0,1,1,20260629,20261231
SAG_03260011200,1,1,1,1,1,0,0,20260629,20261231
SAG_03260011210,0,0,0,0,0,1,1,20260629,20261231
SAG_03260011300,1,1,1,1,1,0,0,20260629,20261231
SAG_03260011310,0,0,0,0,0,1,0,20260629,20261231
SAG_03260011400,1,1,1,1,1,0,0,20260629,20261231
SAG_03260011410,0,0,0,0,0,1,1,20260629,20261231
SAG_03260011510,1,1,1,1,1,0,0,20260629,20261231
SAG_03260011511,0,0,0,0,0,1,0,20260629,20261231
SAG_03260011610,1,1,1,1,1,0,0,20260629,20261231
SAG_03260011611,0,0,0,0,0,1,0,20260629,20261231
SAG_03260011710,0,0,0,0,0,1,1,20260629,20261231
SAG_03260011715,1,1,1,1,1,0,0,20260629,20261231
SAG_03260011810,0,0,0,0,0,1,1,20260629,20261231
SAG_03260011820,1,1,1,1,1,0,0,20260629,20261231
SAG_03260011910,0,0,0,0,0,1,0,20260629,20261231
SAG_03260011915,1,1,1,1,1,0,0,20260629,20261231
SAG_03260012010,0,0,0,0,0,1,1,20260629,20261231
SAG_03260012015,1,1,1,1,1,0,0,20260629,20261231
SAG_03260012110,0,0,0,0,0,1,1,20260629,20261231
SAG_03260012115,1,1,1,1,1,0,0,20260629,20261231
SAG_03260012210,0,0,0,0,0,1,1,20260629,20261231
SAG_03260012215,1,1,1,1,1,0,0,20260629,20261231
SAG_03260012310,0,0,0,0,0,1,0,20260629,20261231
SAG_03260012315,1,1,1,1,1,0,0,20260629,20261231
SAG_03260020550,1,1,1,1,1,0,0,20260629,20261231
SAG_03260020555,1,1,1,1,1,0,0,20260629,20261231
SAG_03260020620,1,1,1,1,1,0,0,20260629,20261231
SAG_03260020640,1,1,1,1,1,0,0,20260629,20261231
SAG_03260020730,1,1,1,1,1,0,0,20260629,20261231
SAG_03260020745,1,1,1,1,1,0,0,20260629,20261231
SAG_03260020840,1,1,1,1,1,0,0,20260629,20261231
SAG_03260020841,0,0,0,0,0,1,0,20260629,20261231
SAG_03260020845,1,1,1,1,1,0,0,20260629,20261231
SAG_03260020910,0,0,0,0,0,0,1,20260629,20261231
SAG_03260020940,0,0,0,0,0,1,0,20260629,20261231
SAG_03260020945,1,1,1,1,1,0,0,20260629,20261231
SAG_03260021010,0,0,0,0,0,0,1,20260629,20261231
SAG_03260021030,1,1,1,1,1,0,0,20260629,20261231
SAG_03260021040,0,0,0,0,0,1,0,20260629,20261231
SAG_03260021130,1,1,1,1,1,0,0,20260629,20261231
SAG_03260021140,0,0,0,0,0,1,0,20260629,20261231
SAG_03260021230,1,1,1,1,1,0,0,20260629,20261231
SAG_03260021241,0,0,0,0,0,1,0,20260629,20261231
SAG_03260021310,0,0,0,0,0,0,1,20260629,20261231
SAG_03260021330,1,1,1,1,1,0,0,20260629,20261231
SAG_03260021341,0,0,0,0,0,1,0,20260629,20261231
SAG_03260021425,1,1,1,1,1,0,0,20260629,20261231
SAG_03260021440,1,1,1,1,1,0,0,20260629,20261231
SAG_03260021455,1,1,1,1,1,0,0,20260629,20261231
SAG_03260021510,0,0,0,0,0,0,1,20260629,20261231
SAG_03260021525,1,1,1,1,1,0,0,20260629,20261231
SAG_03260021540,1,1,1,1,1,0,0,20260629,20261231
SAG_03260021555,1,1,1,1,1,0,0,20260629,20261231
SAG_03260021610,0,0,0,0,0,0,1,20260629,20261231
SAG_03260021625,1,1,1,1,1,0,0,20260629,20261231
SAG_03260021640,1,1,1,1,1,0,0,20260629,20261231
SAG_03260021655,1,1,1,1,1,0,0,20260629,20261231
SAG_03260021725,1,1,1,1,1,0,0,20260629,20261231
SAG_03260021740,1,1,1,1,1,0,0,20260629,20261231
SAG_03260021741,0,0,0,0,0,1,0,20260629,20261231
SAG_03260021755,1,1,1,1,1,0,0,20260629,20261231
SAG_03260021830,1,1,1,1,1,0,0,20260629,20261231
SAG_03260021840,0,0,0,0,0,1,0,20260629,20261231
SAG_03260021845,1,1,1,1,1,0,0,20260629,20261231
SAG_03260021900,1,1,1,1,1,0,0,20260629,20261231
SAG_03260021910,0,0,0,0,0,0,1,20260629,20261231
SAG_03260021930,1,1,1,1,1,0,0,20260629,20261231
SAG_03260021940,0,0,0,0,0,1,0,20260629,20261231
SAG_03260021950,1,1,1,1,1,0,0,20260629,20261231
SAG_03260022035,1,1,1,1,1,0,0,20260629,20261231
SAG_03260022042,0,0,0,0,0,1,0,20260629,20261231
SAG_03260022055,1,1,1,1,1,0,0,20260629,20261231
SAG_03260022141,0,0,0,0,0,1,0,20260629,20261231
SAG_03260022145,1,1,1,1,1,0,0,20260629,20261231
SAG_03260022245,1,1,1,1,1,0,0,20260629,20261231
SAG_03260040825,1,1,1,1,1,0,0,20260629,20261231
SAG_03260040844,1,1,1,1,1,0,0,20260629,20261231
SAG_03260040930,1,1,1,1,1,0,0,20260629,20261231
SAG_03260040949,1,1,1,1,1,0,0,20260629,20261231
SAG_03260060429,1,1,1,1,1,0,0,20260629,20261231
SAG_03260060445,0,0,0,0,0,1,0,20260629,20261231
SAG_03260060459,1,1,1,1,1,0,0,20260629,20261231
SAG_03260060529,1,1,1,1,1,0,0,20260629,20261231
SAG_03260060559,1,1,1,1,1,0,0,20260629,20261231
SAG_03260060715,0,0,0,0,0,1,0,20260629,20261231
SAG_03260060815,0,0,0,0,0,1,0,20260629,20261231
SAG_03260061615,0,0,0,0,0,1,0,20260629,20261231
SAG_03260061715,0,0,0,0,0,1,0,20260629,20261231
SAG_03260070509,1,1,1,1,1,0,0,20260629,20261231
SAG_03260070529,1,1,1,1,1,0,0,20260629,20261231
SAG_03260070535,0,0,0,0,0,1,0,20260629,20261231
SAG_03260080506,1,1,1,1,1,0,0,20260629,20261231
SAG_03260080612,1,1,1,1,1,0,0,20260629,20261231
SAG_03260090710,1,1,1,1,1,0,0,20260629,20261231
SAG_03260090719,1,1,1,1,1,0,0,20260629,20261231
SAG_03260090815,1,1,1,1,1,0,0,20260629,20261231
SAG_03261010542,1,1,1,1,1,0,0,20260629,20261231
SAG_03261010600,1,1,1,1,1,0,0,20260629,20261231
SAG_03261010605,0,0,0,0,0,1,0,20260629,20261231
SAG_03261010705,1,1,1,1,1,0,0,20260629,20261231
SAG_03261010706,0,0,0,0,0,1,0,20260629,20261231
SAG_03261010750,1,1,1,1,1,0,0,20260629,20261231
SAG_03261010805,0,0,0,0,0,1,1,20260629,20261231
SAG_03261010900,1,1,1,1,1,0,0,20260629,20261231
SAG_03261010905,0,0,0,0,0,1,1,20260629,20261231
SAG_03261011000,1,1,1,1,1,0,0,20260629,20261231
SAG_03261011005,0,0,0,0,0,1,0,20260629,20261231
SAG_03261011100,1,1,1,1,1,0,0,20260629,20261231
SAG_03261011105,0,0,0,0,0,1,0,20260629,20261231
SAG_03261011200,1,1,1,1,1,0,0,20260629,20261231
SAG_03261011205,0,0,0,0,0,1,1,20260629,20261231
SAG_03261011300,1,1,1,1,1,0,0,20260629,20261231
SAG_03261011305,0,0,0,0,0,1,1,20260629,20261231
SAG_03261011400,1,1,1,1,1,0,0,20260629,20261231
SAG_03261011405,0,0,0,0,0,1,0,20260629,20261231
SAG_03261011500,1,1,1,1,1,0,0,20260629,20261231
SAG_03261011505,0,0,0,0,0,1,1,20260629,20261231
SAG_03261011605,1,1,1,1,1,0,0,20260629,20261231
SAG_03261011606,0,0,0,0,0,1,0,20260629,20261231
SAG_03261011705,0,0,0,0,0,1,0,20260629,20261231
SAG_03261011710,1,1,1,1,1,0,0,20260629,20261231
SAG_03261011805,0,0,0,0,0,1,1,20260629,20261231
SAG_03261011815,1,1,1,1,1,0,0,20260629,20261231
SAG_03261011905,0,0,0,0,0,1,1,20260629,20261231
SAG_03261011915,1,1,1,1,1,0,0,20260629,20261231
SAG_03261012005,0,0,0,0,0,1,0,20260629,20261231
SAG_03261012015,1,1,1,1,1,0,0,20260629,20261231
SAG_03261012105,0,0,0,0,0,1,1,20260629,20261231
SAG_03261012115,1,1,1,1,1,0,0,20260629,20261231
SAG_03261012205,0,0,0,0,0,1,0,20260629,20261231
SAG_03261012215,1,1,1,1,1,0,0,20260629,20261231
SAG_03261020455,1,1,1,1,1,0,0,20260629,20261231
SAG_03261020510,0,0,0,0,0,1,0,20260629,20261231
SAG_03261020525,1,1,1,1,1,0,0,20260629,20261231
SAG_03261020555,1,1,1,1,1,0,0,20260629,20261231
SAG_03261020625,1,1,1,1,1,0,0,20260629,20261231
SAG_03261020640,1,1,1,1,1,0,0,20260629,20261231
SAG_03261020650,1,1,1,1,1,0,0,20260629,20261231
SAG_03261020720,1,1,1,1,1,0,0,20260629,20261231
SAG_03261020735,1,1,1,1,1,0,0,20260629,20261231
SAG_03261020740,0,0,0,0,0,1,0,20260629,20261231
SAG_03261020825,1,1,1,1,1,0,0,20260629,20261231
SAG_03261020840,1,1,1,1,1,0,0,20260629,20261231
SAG_03261020841,0,0,0,0,0,1,0,20260629,20261231
SAG_03261020935,1,1,1,1,1,0,0,20260629,20261231
SAG_03261020940,0,0,0,0,0,1,0,20260629,20261231
SAG_03261021010,0,0,0,0,0,0,1,20260629,20261231
SAG_03261021035,1,1,1,1,1,0,0,20260629,20261231
SAG_03261021040,0,0,0,0,0,1,0,20260629,20261231
SAG_03261021110,0,0,0,0,0,0,1,20260629,20261231
SAG_03261021135,1,1,1,1,1,0,0,20260629,20261231
SAG_03261021140,0,0,0,0,0,1,0,20260629,20261231
SAG_03261021235,1,1,1,1,1,0,0,20260629,20261231
SAG_03261021240,0,0,0,0,0,1,0,20260629,20261231
SAG_03261021320,1,1,1,1,1,0,0,20260629,20261231
SAG_03261021335,1,1,1,1,1,0,0,20260629,20261231
SAG_03261021350,1,1,1,1,1,0,0,20260629,20261231
SAG_03261021410,0,0,0,0,0,0,1,20260629,20261231
SAG_03261021420,1,1,1,1,1,0,0,20260629,20261231
SAG_03261021436,1,1,1,1,1,0,0,20260629,20261231
SAG_03261021450,1,1,1,1,1,0,0,20260629,20261231
SAG_03261021520,1,1,1,1,1,0,0,20260629,20261231
SAG_03261021535,1,1,1,1,1,0,0,20260629,20261231
SAG_03261021550,1,1,1,1,1,0,0,20260629,20261231
SAG_03261021610,0,0,0,0,0,0,1,20260629,20261231
SAG_03261021620,1,1,1,1,1,0,0,20260629,20261231
SAG_03261021635,1,1,1,1,1,0,0,20260629,20261231
SAG_03261021640,0,0,0,0,0,1,0,20260629,20261231
SAG_03261021650,1,1,1,1,1,0,0,20260629,20261231
SAG_03261021710,0,0,0,0,0,0,1,20260629,20261231
SAG_03261021725,1,1,1,1,1,0,0,20260629,20261231
SAG_03261021740,1,1,1,1,1,0,0,20260629,20261231
SAG_03261021741,0,0,0,0,0,1,0,20260629,20261231
SAG_03261021755,1,1,1,1,1,0,0,20260629,20261231
SAG_03261021835,1,1,1,1,1,0,0,20260629,20261231
SAG_03261021840,0,0,0,0,0,1,0,20260629,20261231
SAG_03261021855,1,1,1,1,1,0,0,20260629,20261231
SAG_03261021940,1,1,1,1,1,0,0,20260629,20261231
SAG_03261021941,0,0,0,0,0,1,0,20260629,20261231
SAG_03261022000,1,1,1,1,1,0,0,20260629,20261231
SAG_03261022010,0,0,0,0,0,0,1,20260629,20261231
SAG_03261022040,0,0,0,0,0,1,0,20260629,20261231
SAG_03261022050,1,1,1,1,1,0,0,20260629,20261231
SAG_03261022150,1,1,1,1,1,0,0,20260629,20261231
SAG_03261040527,1,1,1,1,1,0,0,20260629,20261231
SAG_03261060521,1,1,1,1,1,0,0,20260629,20261231
SAG_03261060622,0,0,0,0,0,0,1,20260629,20261231
SAG_03261060627,1,1,1,1,1,0,0,20260629,20261231
SAG_03261060722,0,0,0,0,0,0,1,20260629,20261231
SAG_03261060752,1,1,1,1,1,0,0,20260629,20261231
SAG_03261060801,1,1,1,1,1,0,0,20260629,20261231
SAG_03261060857,1,1,1,1,1,0,0,20260629,20261231
SAG_03261070940,1,1,1,1,1,0,0,20260629,20261231
SAG_03261071327,0,0,0,0,0,1,0,20260629,20261231
SAG_03261071427,0,0,0,0,0,1,0,20260629,20261231
SAG_03261072127,0,0,0,0,0,1,0,20260629,20261231
SAG_03261072227,0,0,0,0,0,1,0,20260629,20261231
SAG_03261072240,1,1,1,1,1,0,0,20260629,20261231
SAG_03261072340,1,1,1,1,1,0,0,20260629,20261231
SAG_03261090002,0,0,0,0,0,1,1,20260629,20261231
SAG_03261090015,0,1,1,1,1,1,0,20260629,20261231
SAG_03261092205,0,0,0,0,0,0,1,20260629,20261231
SAG_03261092302,0,0,0,0,0,1,0,20260629,20261231
SAG_03261092305,0,0,0,0,0,0,1,20260629,20261231
SAG_03261092315,1,1,1,1,1,0,0,20260629,20261231
SAG_03290010615,1,1,1,1,1,1,1,20260629,20260920
SAG_03290010710,1,1,1,1,1,1,1,20260629,20260920
SAG_03290010805,1,1,1,1,1,1,1,20260629,20260920
SAG_03290010900,1,1,1,1,1,1,1,20260629,20260920
SAG_03290010955,1,1,1,1,1,1,1,20260629,20260920
SAG_03290011050,1,1,1,1,1,1,1,20260629,20260920
SAG_03290011145,1,1,1,1,1,1,1,20260629,20260920
SAG_03290011240,1,1,1,1,1,1,1,20260629,20260920
SAG_03290011335,1,1,1,1,1,1,1,20260629,20260920
SAG_03290011430,1,1,1,1,1,1,1,20260629,20260920
SAG_03290011525,1,1,1,1,1,1,1,20260629,20260920
SAG_03290011620,1,1,1,1,1,1,1,20260629,20260920
SAG_03290011715,1,1,1,1,1,1,1,20260629,20260920
SAG_03290011810,1,1,1,1,1,1,1,20260629,20260920
SAG_03290011905,1,1,1,1,1,1,1,20260629,20260920
SAG_03290012000,1,1,1,1,1,1,1,20260629,20260920
SAG_03290012055,1,1,1,1,1,1,1,20260629,20260920
SAG_03290012150,1,1,1,1,1,0,0,20260629,20260920
SAG_03300010610,1,1,1,1,1,0,0,20240801,20261231
SAG_03300010710,1,1,1,1,1,0,0,20240801,20261231
SAG_03300010715,0,0,0,0,0,1,0,20240801,20261231
SAG_03300010740,1,1,1,1,1,0,0,20240801,20261231
SAG_03300010800,0,0,0,0,0,1,0,20240801,20261231
SAG_03300010810,1,1,1,1,1,0,0,20240801,20261231
SAG_03300010840,1,1,1,1,1,0,0,20240801,20261231
SAG_03300010845,0,0,0,0,0,1,1,20240801,20261231
SAG_03300010910,1,1,1,1,1,0,0,20240801,20261231
SAG_03300010930,0,0,0,0,0,1,1,20240801,20261231
SAG_03300010940,1,1,1,1,1,0,0,20240801,20261231
SAG_03300011010,1,1,1,1,1,0,0,20240801,20261231
SAG_03300011015,0,0,0,0,0,1,1,20240801,20261231
SAG_03300011040,1,1,1,1,1,0,0,20240801,20261231
SAG_03300011100,0,0,0,0,0,1,1,20240801,20261231
SAG_03300011110,1,1,1,1,1,0,0,20240801,20261231
SAG_03300011140,1,1,1,1,1,0,0,20240801,20261231
SAG_03300011145,0,0,0,0,0,1,1,20240801,20261231
SAG_03300011210,1,1,1,1,1,0,0,20240801,20261231
SAG_03300011230,0,0,0,0,0,1,1,20240801,20261231
SAG_03300011240,1,1,1,1,1,0,0,20240801,20261231
SAG_03300011310,1,1,1,1,1,0,0,20240801,20261231
SAG_03300011315,0,0,0,0,0,1,1,20240801,20261231
SAG_03300011340,1,1,1,1,1,0,0,20240801,20261231
SAG_03300011400,0,0,0,0,0,1,1,20240801,20261231
SAG_03300011410,1,1,1,1,1,0,0,20240801,20261231
SAG_03300011440,1,1,1,1,1,0,0,20240801,20261231
SAG_03300011445,0,0,0,0,0,1,1,20240801,20261231
SAG_03300011510,1,1,1,1,1,0,0,20240801,20261231
SAG_03300011530,0,0,0,0,0,1,1,20240801,20261231
SAG_03300011540,1,1,1,1,1,0,0,20240801,20261231
SAG_03300011610,1,1,1,1,1,0,0,20240801,20261231
SAG_03300011615,0,0,0,0,0,1,1,20240801,20261231
SAG_03300011640,1,1,1,1,1,0,0,20240801,20261231
SAG_03300011700,0,0,0,0,0,1,1,20240801,20261231
SAG_03300011710,1,1,1,1,1,0,0,20240801,20261231
SAG_03300011740,1,1,1,1,1,0,0,20240801,20261231
SAG_03300011745,0,0,0,0,0,1,1,20240801,20261231
SAG_03300011810,1,1,1,1,1,0,0,20240801,20261231
SAG_03300011830,0,0,0,0,0,1,1,20240801,20261231
SAG_03300011840,1,1,1,1,1,0,0,20240801,20261231
SAG_03300011910,1,1,1,1,1,0,0,20240801,20261231
SAG_03300011915,0,0,0,0,0,1,1,20240801,20261231
SAG_03300011940,1,1,1,1,1,0,0,20240801,20261231
SAG_03300012000,0,0,0,0,0,1,1,20240801,20261231
SAG_03300012010,1,1,1,1,1,0,0,20240801,20261231
SAG_03300012040,1,1,1,1,1,0,0,20240801,20261231
SAG_03300012045,0,0,0,0,0,1,1,20240801,20261231
SAG_03300012110,1,1,1,1,1,0,0,20240801,20261231
SAG_03300012130,0,0,0,0,0,1,1,20240801,20261231
SAG_03300012210,1,1,1,1,1,0,0,20240801,20261231
SAG_03300012215,0,0,0,0,0,1,1,20240801,20261231
SAG_03301010525,1,1,1,1,1,0,0,20240801,20261231
SAG_03301010625,1,1,1,1,1,0,0,20240801,20261231
SAG_03301010630,0,0,0,0,0,1,0,20240801,20261231
SAG_03301010655,1,1,1,1,1,0,0,20240801,20261231
SAG_03301010715,0,0,0,0,0,1,0,20240801,20261231
SAG_03301010725,1,1,1,1,1,0,0,20240801,20261231
SAG_03301010755,1,1,1,1,1,0,0,20240801,20261231
SAG_03301010800,0,0,0,0,0,1,1,20240801,20261231
SAG_03301010825,1,1,1,1,1,0,0,20240801,20261231
SAG_03301010845,0,0,0,0,0,1,1,20240801,20261231
SAG_03301010855,1,1,1,1,1,0,0,20240801,20261231
SAG_03301010925,1,1,1,1,1,0,0,20240801,20261231
SAG_03301010930,0,0,0,0,0,1,1,20240801,20261231
SAG_03301010955,1,1,1,1,1,0,0,20240801,20261231
SAG_03301011015,0,0,0,0,0,1,1,20240801,20261231
SAG_03301011025,1,1,1,1,1,0,0,20240801,20261231
SAG_03301011055,1,1,1,1,1,0,0,20240801,20261231
SAG_03301011100,0,0,0,0,0,1,1,20240801,20261231
SAG_03301011125,1,1,1,1,1,0,0,20240801,20261231
SAG_03301011145,0,0,0,0,0,1,1,20240801,20261231
SAG_03301011155,1,1,1,1,1,0,0,20240801,20261231
SAG_03301011225,1,1,1,1,1,0,0,20240801,20261231
SAG_03301011230,0,0,0,0,0,1,1,20240801,20261231
SAG_03301011255,1,1,1,1,1,0,0,20240801,20261231
SAG_03301011315,0,0,0,0,0,1,1,20240801,20261231
SAG_03301011325,1,1,1,1,1,0,0,20240801,20261231
SAG_03301011355,1,1,1,1,1,0,0,20240801,20261231
SAG_03301011400,0,0,0,0,0,1,1,20240801,20261231
SAG_03301011425,1,1,1,1,1,0,0,20240801,20261231
SAG_03301011445,0,0,0,0,0,1,1,20240801,20261231
SAG_03301011455,1,1,1,1,1,0,0,20240801,20261231
SAG_03301011525,1,1,1,1,1,0,0,20240801,20261231
SAG_03301011530,0,0,0,0,0,1,1,20240801,20261231
SAG_03301011555,1,1,1,1,1,0,0,20240801,20261231
SAG_03301011615,0,0,0,0,0,1,1,20240801,20261231
SAG_03301011625,1,1,1,1,1,0,0,20240801,20261231
SAG_03301011655,1,1,1,1,1,0,0,20240801,20261231
SAG_03301011700,0,0,0,0,0,1,1,20240801,20261231
SAG_03301011725,1,1,1,1,1,0,0,20240801,20261231
SAG_03301011745,0,0,0,0,0,1,1,20240801,20261231
SAG_03301011755,1,1,1,1,1,0,0,20240801,20261231
SAG_03301011825,1,1,1,1,1,0,0,20240801,20261231
SAG_03301011830,0,0,0,0,0,1,1,20240801,20261231
SAG_03301011855,1,1,1,1,1,0,0,20240801,20261231
SAG_03301011915,0,0,0,0,0,1,1,20240801,20261231
SAG_03301011925,1,1,1,1,1,0,0,20240801,20261231
SAG_03301011955,1,1,1,1,1,0,0,20240801,20261231
SAG_03301012000,0,0,0,0,0,1,1,20240801,20261231
SAG_03301012025,1,1,1,1,1,0,0,20240801,20261231
SAG_03301012045,0,0,0,0,0,1,1,20240801,20261231
SAG_03301012125,1,1,1,1,1,0,0,20240801,20261231
SAG_03301012130,0,0,0,0,0,1,1,20240801,20261231
SAG_03320011900,0,0,0,0,1,0,0,20200622,20261231
SAG_03320011901,0,0,0,0,0,1,1,20200622,20261231
SAG_03320012100,0,0,0,0,1,0,0,20200622,20261231
SAG_03320012101,0,0,0,0,0,1,1,20200622,20261231
SAG_03321010630,0,0,0,0,0,1,1,20200622,20261231
SAG_03321010815,0,0,0,0,0,1,1,20200622,20261231
SAG_03321011230,0,0,0,0,1,0,0,20200622,20261231
SAG_03321011345,0,0,0,0,1,0,0,20200622,20261231
SAG_03350011030,0,0,0,1,0,0,0,20201217,20261231
SAG_03351011105,0,0,0,1,0,0,0,20201217,20261231
SAG_03400070600,1,1,1,1,1,0,0,20240916,20261231
SAG_03400070746,1,1,1,1,1,0,0,20240916,20261231
SAG_03400071418,1,1,1,1,1,0,0,20240916,20261231
SAG_03400080750,0,0,0,0,0,1,0,20240916,20261231
SAG_03400080924,0,0,0,0,0,1,0,20240916,20261231
SAG_03400080936,1,1,1,1,1,0,0,20240916,20261231
SAG_03400080937,0,0,0,0,0,0,1,20240916,20261231
SAG_03400081110,1,1,1,1,1,0,0,20240916,20261231
SAG_03400081244,1,1,1,1,1,0,0,20240916,20261231
SAG_03400081330,0,0,0,0,0,1,1,20240916,20261231
SAG_03400081709,0,0,0,0,0,1,0,20240916,20261231
SAG_03400081745,1,1,1,1,1,0,0,20240916,20261231
SAG_03400082015,1,1,1,1,1,1,1,20240916,20261231
SAG_03401070654,1,1,1,1,1,0,0,20240916,20261231
SAG_03401070844,1,1,1,1,1,0,0,20240916,20261231
SAG_03401081014,0,0,0,0,0,1,0,20240916,20261231
SAG_03401081022,0,0,0,0,0,0,1,20240916,20261231
SAG_03401081416,0,0,0,0,0,1,1,20240916,20261231
SAG_03401081625,0,0,0,0,0,0,1,20240916,20261231
SAG_03401081755,0,0,0,0,0,1,0,20240916,20261231
SAG_03401081831,1,1,1,1,1,0,0,20240916,20261231
SAG_03401082101,1,1,1,1,1,1,1,20240916,20261231
SAG_03401090840,0,0,0,0,0,1,0,20240916,20261231
SAG_03401091026,1,1,1,1,1,0,0,20240916,20261231
SAG_03401091200,1,1,1,1,1,0,0,20240916,20261231
SAG_03401091334,1,1,1,1,1,0,0,20240916,20261231
SAG_03401091625,0,0,0,0,0,1,0,20240916,20261231
SAG_03401101512,1,1,1,1,1,0,0,20240916,20261231
SAG_03430010800,1,1,1,1,1,0,0,20260907,20261231
SAG_03430010845,1,1,1,1,1,0,0,20260907,20261231
SAG_03430010930,1,1,1,1,1,0,0,20260907,20261231
SAG_03430011015,1,1,1,1,1,0,0,20260907,20261231
SAG_03430011100,1,1,1,1,1,0,0,20260907,20261231
SAG_03430011145,1,1,1,1,1,0,0,20260907,20261231
SAG_03430011230,1,1,1,1,1,0,0,20260907,20261231
SAG_03430011315,1,1,1,1,1,0,0,20260907,20261231
SAG_03430011600,1,1,1,1,1,0,0,20260907,20261231
SAG_03430011645,1,1,1,1,1,0,0,20260907,20261231
SAG_03430011730,1,1,1,1,1,0,0,20260907,20261231
SAG_03430011815,1,1,1,1,1,0,0,20260907,20261231
SAG_03430011900,1,1,1,1,1,0,0,20260907,20261231
SAG_03431010824,1,1,1,1,1,0,0,20260907,20261231
SAG_03431010909,1,1,1,1,1,0,0,20260907,20261231
SAG_03431010954,1,1,1,1,1,0,0,20260907,20261231
SAG_03431011039,1,1,1,1,1,0,0,20260907,20261231
SAG_03431011124,1,1,1,1,1,0,0,20260907,20261231
SAG_03431011209,1,1,1,1,1,0,0,20260907,20261231
SAG_03431011254,1,1,1,1,1,0,0,20260907,20261231
SAG_03431011339,1,1,1,1,1,0,0,20260907,20261231
SAG_03431011624,1,1,1,1,1,0,0,20260907,20261231
SAG_03431011709,1,1,1,1,1,0,0,20260907,20261231
SAG_03431011754,1,1,1,1,1,0,0,20260907,20261231
SAG_03431011839,1,1,1,1,1,0,0,20260907,20261231
SAG_03431011924,1,1,1,1,1,0,0,20260907,20261231
SAG_03440040755,1,1,1,1,1,0,0,20260907,20261231
SAG_03440040935,1,1,1,1,1,0,0,20260907,20261231
SAG_03440041115,1,1,1,1,1,0,0,20260907,20261231
SAG_03440041255,1,1,1,1,1,0,0,20260907,20261231
SAG_03440041640,1,1,1,1,1,0,0,20260907,20261231
SAG_03440041820,1,1,1,1,1,0,0,20260907,20261231
SAG_03440050855,1,1,1,1,1,0,0,20260907,20261231
SAG_03440051035,1,1,1,1,1,0,0,20260907,20261231
SAG_03440051215,1,1,1,1,1,0,0,20260907,20261231
SAG_03440051355,1,1,1,1,1,0,0,20260907,20271231
SAG_03440051600,1,1,1,1,1,0,0,20260907,20261231
SAG_03440051740,1,1,1,1,1,0,0,20260907,20261231
SAG_03441030825,1,1,1,1,1,0,0,20260907,20261231
SAG_03441031005,1,1,1,1,1,0,0,20260907,20261231
SAG_03441031145,1,1,1,1,1,0,0,20260907,20261231
SAG_03441031325,1,1,1,1,1,0,0,20260907,20261231
SAG_03441031710,1,1,1,1,1,0,0,20260907,20261231
SAG_03441031850,1,1,1,1,1,0,0,20260907,20261231
SAG_03441040915,1,1,1,1,1,0,0,20260907,20261231
SAG_03441041055,1,1,1,1,1,0,0,20260907,20261231
SAG_03441041235,1,1,1,1,1,0,0,20260907,20261231
SAG_03441041415,1,1,1,1,1,0,0,20260907,20271231
SAG_03441041620,1,1,1,1,1,0,0,20260907,20261231
SAG_03441041800,1,1,1,1,1,0,0,20260907,20261231
SAG_03450010640,1,1,1,1,1,0,0,20230904,20261231
SAG_03450010745,1,1,1,1,1,0,0,20200914,20261231
SAG_03450010850,1,1,1,1,1,0,0,20200914,20261231
SAG_03450010955,1,1,1,1,1,0,0,20200914,20261231
SAG_03450011100,1,1,1,1,1,0,0,20200914,20261231
SAG_03450011205,1,1,1,1,1,0,0,20200914,20261231
SAG_03450011310,1,1,1,1,1,0,0,20200914,20261231
SAG_03450011415,1,1,1,1,1,0,0,20200914,20261231
SAG_03450011520,1,1,1,1,1,0,0,20200914,20261231
SAG_03450011625,1,1,1,1,1,0,0,20200914,20261231
SAG_03450011730,1,1,1,1,1,0,0,20200914,20261231
SAG_03450011835,1,1,1,1,1,0,0,20200914,20261231
SAG_03450011940,1,1,1,1,1,0,0,20200914,20261231
SAG_03451010712,1,1,1,1,1,0,0,20230904,20261231
SAG_03451010817,1,1,1,1,1,0,0,20200914,20261231
SAG_03451010922,1,1,1,1,1,0,0,20200914,20261231
SAG_03451011027,1,1,1,1,1,0,0,20200914,20261231
SAG_03451011132,1,1,1,1,1,0,0,20200914,20261231
SAG_03451011237,1,1,1,1,1,0,0,20200914,20261231
SAG_03451011342,1,1,1,1,1,0,0,20200914,20261231
SAG_03451011447,1,1,1,1,1,0,0,20200914,20261231
SAG_03451011552,1,1,1,1,1,0,0,20200914,20261231
SAG_03451011657,1,1,1,1,1,0,0,20200914,20261231
SAG_03451011802,1,1,1,1,1,0,0,20200914,20261231
SAG_03451011907,1,1,1,1,1,0,0,20200914,20261231
SAG_03451012012,1,1,1,1,1,0,0,20200914,20261231
SAG_03460041435,1,1,1,1,1,0,0,20260907,20271231
SAG_03460050635,1,1,1,1,1,0,0,20260907,20271231
SAG_03461010712,1,1,1,1,1,0,0,20260907,20271231
SAG_03461021523,1,1,1,1,1,0,0,20260907,20271231
SAG_03470010007,0,0,0,1,0,0,0,20230701,20261231
SAG_03470010107,0,0,0,1,0,0,0,20230701,20261231
SAG_03470010207,0,0,0,1,0,0,0,20230701,20261231
SAG_03470010307,0,0,0,1,0,0,0,20230701,20261231
SAG_03470010407,0,0,0,1,0,0,0,20230701,20261231
SAG_03470010507,0,0,0,1,0,0,0,20230701,20261231
SAG_03480030700,1,1,1,1,1,0,0,20240916,20261231
SAG_03480030758,1,1,1,1,1,0,0,20240916,20261231
SAG_03480030900,1,1,1,1,1,0,0,20240916,20261231
SAG_03480031029,1,1,1,1,1,0,0,20240916,20261231
SAG_03480031131,1,1,1,1,1,0,0,20240916,20261231
SAG_03480031300,1,1,1,1,1,0,0,20240916,20261231
SAG_03480031530,1,1,1,1,1,0,0,20240916,20261231
SAG_03480031659,1,1,1,1,1,0,0,20240916,20261231
SAG_03480031801,1,1,1,1,1,0,0,20240916,20261231
SAG_03480031934,1,1,1,1,1,0,0,20240916,20261231
SAG_03481041332,1,1,1,1,1,0,0,20240916,20261231
SAG_03481050727,1,1,1,1,1,0,0,20240916,20261231
SAG_03481050829,1,1,1,1,1,0,0,20240916,20261231
SAG_03481051101,1,1,1,1,1,0,0,20240916,20261231
SAG_03481051731,1,1,1,1,1,0,0,20240916,20261231
SAG_03481051904,1,1,1,1,1,0,0,20240916,20261231
SAG_03481062005,1,1,1,1,1,0,0,20240916,20261231
SAG_03481071002,1,1,1,1,1,0,0,20240916,20261231
SAG_03481071233,1,1,1,1,1,0,0,20240916,20261231
SAG_03481071632,1,1,1,1,1,0,0,20240916,20261231
SAG_03490020808,0,0,0,0,0,1,1,20250331,20261231
SAG_03490021000,0,0,0,0,0,1,1,20250331,20261231
SAG_03490021200,0,0,0,0,0,1,1,20250331,20261231
SAG_03490021300,0,0,0,0,0,1,1,20250331,20261231
SAG_03490021700,0,0,0,0,0,1,1,20250331,20261231
SAG_03490021800,0,0,0,0,0,1,1,20250331,20261231
SAG_03490022000,0,0,0,0,0,1,1,20250331,20261231
SAG_03490022100,0,0,0,0,0,1,1,20250331,20261231
SAG_03490022200,0,0,0,0,0,1,1,20250331,20261231
SAG_03490032250,0,0,0,0,0,1,1,20250331,20261231
SAG_03491020831,0,0,0,0,0,1,1,20250331,20261231
SAG_03491021023,0,0,0,0,0,1,1,20250331,20261231
SAG_03491021223,0,0,0,0,0,1,1,20250331,20261231
SAG_03491021323,0,0,0,0,0,1,1,20250331,20261231
SAG_03491021723,0,0,0,0,0,1,1,20250331,20261231
SAG_03491021823,0,0,0,0,0,1,1,20250331,20261231
SAG_03491022023,0,0,0,0,0,1,1,20250331,20261231
SAG_03491022123,0,0,0,0,0,1,1,20250331,20261231
SAG_03491022223,0,0,0,0,0,1,1,20250331,20261231
SAG_03540020630,1,1,1,1,1,0,0,20260907,20271231
SAG_03540021430,1,1,1,1,1,0,0,20260907,20271231
SAG_03541010736,1,1,1,1,1,0,0,20260907,20271231
SAG_03541011536,1,1,1,1,1,0,0,20260907,20271231
SAG_03550010605,1,1,1,1,1,0,0,20210201,20261231
SAG_03550010735,1,1,1,1,1,1,1,20210201,20261231
SAG_03550010915,1,1,1,1,1,1,1,20210201,20261231
SAG_03550010955,1,1,1,1,1,0,0,20210201,20261231
SAG_03550011050,1,1,1,1,1,1,1,20210201,20261231
SAG_03550011145,1,1,1,1,1,0,0,20210201,20261231
SAG_03550011240,1,1,1,1,1,1,1,20210201,20261231
SAG_03550011420,1,1,1,1,1,1,1,20210201,20261231
SAG_03550011600,1,1,1,1,1,1,1,20210201,20261231
SAG_03550011740,1,1,1,1,1,1,1,20210201,20261231
SAG_03550011925,1,1,1,1,1,1,1,20210201,20261231
SAG_03550012105,1,1,1,1,1,1,1,20210201,20261231
SAG_03551010619,1,1,1,1,1,0,0,20251227,20261231
SAG_03551010749,1,1,1,1,1,1,1,20251227,20261231
SAG_03551010929,1,1,1,1,1,1,1,20251227,20261231
SAG_03551011009,1,1,1,1,1,0,0,20251227,20261231
SAG_03551011104,1,1,1,1,1,1,1,20251227,20261231
SAG_03551011159,1,1,1,1,1,0,0,20251227,20261231
SAG_03551011254,1,1,1,1,1,1,1,20251227,20261231
SAG_03551011434,1,1,1,1,1,1,1,20251227,20261231
SAG_03551011614,1,1,1,1,1,1,1,20251227,20261231
SAG_03551011754,1,1,1,1,1,1,1,20251227,20261231
SAG_03551011939,1,1,1,1,1,1,1,20251227,20261231
SAG_03551012119,1,1,1,1,1,1,1,20251227,20261231
SAG_03560010645,1,1,1,1,1,0,0,20210201,20261231
SAG_03560010820,1,1,1,1,1,1,1,20210201,20261231
SAG_03560010935,1,1,1,1,1,0,0,20210201,20261231
SAG_03560010955,0,0,0,0,0,1,1,20210201,20261231
SAG_03560011030,1,1,1,1,1,0,0,20210201,20261231
SAG_03560011125,1,1,1,1,1,0,0,20210201,20261231
SAG_03560011145,0,0,0,0,0,1,1,20210201,20261231
SAG_03560011220,1,1,1,1,1,0,0,20210201,20261231
SAG_03560011320,1,1,1,1,1,1,1,20210201,20261231
SAG_03560011505,1,1,1,1,1,1,1,20210201,20261231
SAG_03560011645,1,1,1,1,1,1,1,20210201,20261231
SAG_03560011830,1,1,1,1,1,1,1,20210201,20261231
SAG_03560012010,1,1,1,1,1,1,1,20210201,20261231
SAG_03560012145,1,1,1,1,1,0,0,20210201,20261231
SAG_03561010704,1,1,1,1,1,0,0,20251227,20261231
SAG_03561010839,1,1,1,1,1,1,1,20251227,20261231
SAG_03561010954,1,1,1,1,1,0,0,20251227,20261231
SAG_03561011014,0,0,0,0,0,1,1,20251227,20261231
SAG_03561011049,1,1,1,1,1,0,0,20251227,20261231
SAG_03561011144,1,1,1,1,1,0,0,20251227,20261231
SAG_03561011204,0,0,0,0,0,1,1,20251227,20261231
SAG_03561011239,1,1,1,1,1,0,0,20251227,20261231
SAG_03561011339,1,1,1,1,1,1,1,20251227,20261231
SAG_03561011524,1,1,1,1,1,1,1,20251227,20261231
SAG_03561011704,1,1,1,1,1,1,1,20251227,20261231
SAG_03561011848,1,1,1,1,1,1,1,20251227,20261231
SAG_03561012028,1,1,1,1,1,1,1,20251227,20261231
SAG_03561012203,1,1,1,1,1,0,0,20251227,20261231
SAG_03600100600,1,1,1,1,1,0,0,20210607,20261231
SAG_03600100945,0,0,0,0,0,1,0,20210607,20261231
SAG_03600101010,1,1,1,1,1,0,0,20210607,20261231
SAG_03600101300,0,0,0,0,0,1,0,20210607,20261231
SAG_03600101350,1,1,1,1,1,0,0,20210607,20261231
SAG_03600101930,1,1,1,1,1,0,0,20210607,20261231
SAG_03600102000,0,0,0,0,0,1,0,20210607,20261231
SAG_03600110945,0,0,0,0,0,0,1,20210607,20261231
SAG_03600111300,0,0,0,0,0,0,1,20210607,20261231
SAG_03600112000,0,0,0,0,0,0,1,20210607,20261231
SAG_03600120420,1,1,1,1,1,0,0,20210607,20261231
SAG_03600120500,1,1,1,1,1,0,0,20210607,20261231
SAG_03600120610,1,1,1,1,1,0,0,20210607,20261231
SAG_03600120700,0,0,0,0,0,1,0,20210607,20261231
SAG_03600120715,1,1,1,1,1,0,0,20210607,20261231
SAG_03600120840,1,1,1,1,1,0,0,20210607,20261231
SAG_03600120855,0,0,0,0,0,1,0,20210607,20261231
SAG_03600120955,1,1,1,1,1,0,0,20210607,20261231
SAG_03600121105,1,1,1,1,1,0,0,20210607,20261231
SAG_03600121115,0,0,0,0,0,1,0,20210607,20261231
SAG_03600121210,1,1,1,1,1,0,0,20210607,20261231
SAG_03600121245,1,1,1,1,1,0,0,20210607,20261231
SAG_03600121345,1,1,1,1,1,0,0,20210607,20261231
SAG_03600121500,0,0,0,0,0,1,0,20210607,20261231
SAG_03600121525,1,1,1,1,1,0,0,20210607,20261231
SAG_03600121615,1,1,1,1,1,0,0,20210607,20261231
SAG_03600121645,1,1,1,1,1,0,0,20210607,20261231
SAG_03600121715,0,0,0,0,0,1,0,20210607,20261231
SAG_03600121800,1,1,1,1,1,0,0,20210607,20261231
SAG_03600121930,1,1,1,1,1,0,0,20210607,20261231
SAG_03600122140,1,1,1,1,1,0,0,20210607,20261231
SAG_03600130700,0,0,0,0,0,0,1,20210607,20261231
SAG_03600131500,0,0,0,0,0,0,1,20210607,20261231
SAG_03600131715,0,0,0,0,0,0,1,20210607,20261231
SAG_03600140745,1,1,1,1,1,0,0,20210607,20261231
SAG_03600141330,1,1,1,1,1,0,0,20210607,20261231
SAG_03600150942,1,1,1,1,1,0,0,20210607,20261231
SAG_03600151517,1,1,1,1,1,0,0,20210607,20261231
SAG_03600151622,1,1,1,1,1,0,0,20210607,20261231
SAG_03600151742,1,1,1,1,1,0,0,20210607,20261231
SAG_03600151922,1,1,1,1,1,0,0,20210607,20261231
SAG_03600152052,1,1,1,1,1,0,0,20210607,20261231
SAG_03600162030,1,1,1,1,1,0,0,20210607,20261231
SAG_03601100800,0,0,0,0,0,1,0,20210607,20261231
SAG_03601100810,1,1,1,1,1,0,0,20210607,20261231
SAG_03601101120,0,0,0,0,0,1,0,20210607,20261231
SAG_03601101200,1,1,1,1,1,0,0,20210607,20261231
SAG_03601101735,1,1,1,1,1,0,0,20210607,20261231
SAG_03601101825,0,0,0,0,0,1,0,20210607,20261231
SAG_03601110800,0,0,0,0,0,0,1,20210607,20261231
SAG_03601111120,0,0,0,0,0,0,1,20210607,20261231
SAG_03601111825,0,0,0,0,0,0,1,20210607,20261231
SAG_03601120510,1,1,1,1,1,0,0,20210607,20261231
SAG_03601120555,1,1,1,1,1,0,0,20210607,20261231
SAG_03601120720,1,1,1,1,1,0,0,20210607,20261231
SAG_03601120840,1,1,1,1,1,0,0,20210607,20261231
SAG_03601120955,1,1,1,1,1,0,0,20210607,20261231
SAG_03601121005,0,0,0,0,0,1,0,20210607,20261231
SAG_03601121100,1,1,1,1,1,0,0,20210607,20261231
SAG_03601121225,1,1,1,1,1,0,0,20210607,20261231
SAG_03601121226,0,0,0,0,0,1,0,20210607,20261231
SAG_03601121325,1,1,1,1,1,0,0,20210607,20261231
SAG_03601121405,1,1,1,1,1,0,0,20210607,20261231
SAG_03601121430,0,0,0,0,0,1,0,20210607,20261231
SAG_03601121500,1,1,1,1,1,0,0,20210607,20261231
SAG_03601121535,1,1,1,1,1,0,0,20210607,20261231
SAG_03601121605,0,0,0,0,0,1,0,20210607,20261231
SAG_03601121630,1,1,1,1,1,0,0,20210607,20261231
SAG_03601121810,1,1,1,1,1,0,0,20210607,20261231
SAG_03601121925,1,1,1,1,1,0,0,20210607,20261231
SAG_03601122035,1,1,1,1,1,0,0,20210607,20261231
SAG_03601122110,1,1,1,1,1,0,0,20210607,20261231
SAG_03601122135,0,0,0,0,0,1,0,20210607,20261231
SAG_03601122230,1,1,1,1,1,0,0,20210607,20261231
SAG_03601131430,0,0,0,0,0,0,1,20210607,20261231
SAG_03601131605,0,0,0,0,0,0,1,20210607,20261231
SAG_03601132125,0,0,0,0,0,0,1,20210607,20261231
SAG_03601141025,1,1,1,1,1,0,0,20210607,20261231
SAG_03601142140,1,1,1,1,1,0,0,20210607,20261231
SAG_03601150910,1,1,1,1,1,0,0,20210607,20261231
SAG_03601151430,1,1,1,1,1,0,0,20210607,20261231
SAG_03601151550,1,1,1,1,1,0,0,20210607,20261231
SAG_03601151700,1,1,1,1,1,0,0,20210607,20261231
SAG_03601151840,1,1,1,1,1,0,0,20210607,20261231
SAG_03601152010,1,1,1,1,1,0,0,20210607,20261231
SAG_03601160530,1,1,1,1,1,0,0,20210607,20261231
SAG_03640021620,1,1,1,1,1,0,0,20230116,20271231
SAG_03641011925,1,1,1,1,1,0,0,20230116,20271231
SAG_03680020910,1,1,1,1,1,0,0,20250331,20261231
SAG_03680021110,1,1,1,1,1,0,0,20250331,20261231
SAG_03680021540,1,1,1,1,1,0,0,20250331,20261231
SAG_03680021740,1,1,1,1,1,0,0,20250331,20261231
SAG_03680021940,1,1,1,1,1,0,0,20250331,20261231
SAG_03680022140,1,1,1,1,1,0,0,20250331,20261231
SAG_03690010810,1,1,1,1,1,0,0,20200921,20261231
SAG_03690011010,1,1,1,1,1,0,0,20240929,20261231
SAG_03690011210,1,1,1,1,1,0,0,20240929,20261231
SAG_03690011440,1,1,1,1,1,0,0,20230701,20261231
SAG_03690011640,1,1,1,1,1,0,0,20230701,20261231
SAG_03690011840,1,1,1,1,1,0,0,20230701,20261231
SAG_03690012040,1,1,1,1,1,0,0,20230701,20261231
SAG_03700010610,1,1,1,1,1,0,0,20180101,20261231
SAG_03700010700,1,1,1,1,1,0,0,20180101,20261231
SAG_03700010745,1,1,1,1,1,0,0,20180101,20261231
SAG_03700010835,1,1,1,1,1,0,0,20180101,20261231
SAG_03700011320,1,1,1,1,1,0,0,20180101,20261231
SAG_03700011405,1,1,1,1,1,0,0,20180101,20261231
SAG_03700011450,1,1,1,1,1,0,0,20180101,20261231
SAG_03710010840,0,0,0,0,0,1,1,20230701,20261231
SAG_03710010940,0,0,0,0,0,1,1,20230701,20261231
SAG_03710011140,0,0,0,0,0,1,1,20230701,20261231
SAG_03710011240,0,0,0,0,0,1,1,20230701,20261231
SAG_03710011340,0,0,0,0,0,1,1,20230701,20261231
SAG_03710011640,0,0,0,0,0,1,1,20230701,20261231
SAG_03710011740,0,0,0,0,0,1,1,20230701,20261231
SAG_03710011840,0,0,0,0,0,1,1,20230701,20261231
SAG_03710012040,0,0,0,0,0,1,1,20230701,20261231
SAG_03710012140,0,0,0,0,0,1,1,20230701,20261231
SAG_03711010850,0,0,0,0,0,1,1,20200921,20261231
SAG_03711010950,0,0,0,0,0,1,1,20200921,20261231
SAG_03711011150,0,0,0,0,0,1,1,20200921,20261231
SAG_03711011250,0,0,0,0,0,1,1,20200921,20261231
SAG_03711011350,0,0,0,0,0,1,1,20200921,20261231
SAG_03711011650,0,0,0,0,0,1,1,20200921,20261231
SAG_03711011750,0,0,0,0,0,1,1,20200921,20261231
SAG_03711011850,0,0,0,0,0,1,1,20200921,20261231
SAG_03711012050,0,0,0,0,0,1,1,20200921,20261231
SAG_03711012150,0,0,0,0,0,1,1,20200921,20261231
SAG_03720010800,0,0,0,0,0,1,1,20250915,20261231
SAG_03720010900,0,0,0,0,0,1,1,20250915,20261231
SAG_03720011000,0,0,0,0,0,1,1,20250915,20261231
SAG_03720011100,0,0,0,0,0,1,1,20250915,20261231
SAG_03720011200,0,0,0,0,0,1,1,20250915,20261231
SAG_03720011300,0,0,0,0,0,1,1,20250915,20261231
SAG_03720011400,0,0,0,0,0,1,1,20250915,20261231
SAG_03720011600,0,0,0,0,0,1,1,20250915,20261231
SAG_03720011700,0,0,0,0,0,1,1,20250915,20261231
SAG_03720011800,0,0,0,0,0,1,1,20250915,20261231
SAG_03720011900,0,0,0,0,0,1,1,20250915,20261231
SAG_03720012000,0,0,0,0,0,1,1,20250915,20261231
SAG_03720012100,0,0,0,0,0,1,1,20250915,20261231
SAG_03721010819,0,0,0,0,0,1,1,20250915,20261231
SAG_03721010919,0,0,0,0,0,1,1,20250915,20261231
SAG_03721011019,0,0,0,0,0,1,1,20250915,20261231
SAG_03721011119,0,0,0,0,0,1,1,20250915,20261231
SAG_03721011219,0,0,0,0,0,1,1,20250915,20261231
SAG_03721011319,0,0,0,0,0,1,1,20250915,20261231
SAG_03721011419,0,0,0,0,0,1,1,20250915,20261231
SAG_03721011619,0,0,0,0,0,1,1,20250915,20261231
SAG_03721011719,0,0,0,0,0,1,1,20250915,20261231
SAG_03721011819,0,0,0,0,0,1,1,20250915,20261231
SAG_03721011919,0,0,0,0,0,1,1,20250915,20261231
SAG_03721012019,0,0,0,0,0,1,1,20250915,20261231
SAG_03721012119,0,0,0,0,0,1,1,20250915,20261231
SAG_03740010830,1,1,1,1,1,0,0,20230701,20261231
SAG_03740010930,1,1,1,1,1,0,0,20230701,20261231
SAG_03740011030,1,1,1,1,1,0,0,20230701,20261231
SAG_03740011130,1,1,1,1,1,0,0,20230701,20261231
SAG_03740011300,1,1,1,1,1,0,0,20230701,20261231
SAG_03740011400,1,1,1,1,1,0,0,20230701,20261231
SAG_03740011500,1,1,1,1,1,0,0,20230701,20261231
SAG_03740011600,1,1,1,1,1,0,0,20230701,20261231
SAG_03740011700,1,1,1,1,1,0,0,20230701,20261231
SAG_03740011800,1,1,1,1,1,0,0,20230701,20261231
SAG_03740011900,1,1,1,1,1,0,0,20230701,20261231
SAG_03740012000,1,1,1,1,1,0,0,20230701,20261231
SAG_03740012100,1,1,1,1,1,0,0,20230701,20261231
SAG_03741010846,1,1,1,1,1,0,0,20230701,20261231
SAG_03741010946,1,1,1,1,1,0,0,20230701,20261231
SAG_03741011046,1,1,1,1,1,0,0,20230701,20261231
SAG_03741011146,1,1,1,1,1,0,0,20230701,20261231
SAG_03741011316,1,1,1,1,1,0,0,20230701,20261231
SAG_03741011416,1,1,1,1,1,0,0,20230701,20261231
SAG_03741011516,1,1,1,1,1,0,0,20230701,20261231
SAG_03741011616,1,1,1,1,1,0,0,20230701,20261231
SAG_03741011716,1,1,1,1,1,0,0,20230701,20261231
SAG_03741011816,1,1,1,1,1,0,0,20230701,20261231
SAG_03741011916,1,1,1,1,1,0,0,20230701,20261231
SAG_03741012016,1,1,1,1,1,0,0,20230701,20261231
SAG_03741012116,1,1,1,1,1,0,0,20230701,20261231
SAG_03750010600,1,1,1,1,1,0,0,20180101,20261231
SAG_03750010655,1,1,1,1,1,0,0,20180101,20261231
SAG_03750010750,1,1,1,1,1,0,0,20180101,20261231
SAG_03750010835,1,1,1,1,1,0,0,20180101,20261231
SAG_03750011255,1,1,1,1,1,0,0,20180101,20261231
SAG_03750011355,1,1,1,1,1,0,0,20180101,20261231
SAG_03750011445,1,1,1,1,1,0,0,20180101,20261231
SAG_03750011530,1,1,1,1,1,0,0,20180101,20261231
SAG_03750011620,1,1,1,1,1,0,0,20180101,20261231
SAG_03750011700,1,1,1,1,1,0,0,20180101,20261231
SAG_03750011750,1,1,1,1,1,0,0,20180101,20261231
SAG_03750011835,1,1,1,1,1,0,0,20180101,20261231
SAG_03750011920,1,1,1,1,1,0,0,20180101,20261231
SAG_03750012120,1,1,1,1,1,0,0,20180101,20261231
SAG_03760020530,1,1,1,1,1,0,0,20180101,20261231
SAG_03760020830,1,1,1,1,1,0,0,20180101,20261231
SAG_03760021330,1,1,1,1,1,0,0,20180101,20261231
SAG_03760022130,1,1,1,1,1,0,0,20180101,20261231
SAG_03760030630,1,1,1,1,1,0,0,20180101,20261231
SAG_03760030700,1,1,1,1,1,0,0,20180101,20261231
SAG_03760030730,1,1,1,1,1,0,0,20180101,20261231
SAG_03760030800,1,1,1,1,1,0,0,20180101,20261231
SAG_03761020602,1,1,1,1,1,0,0,20180101,20261231
SAG_03761022158,1,1,1,1,1,0,0,20180101,20261231
SAG_03761031402,1,1,1,1,1,0,0,20180101,20261231
SAG_03761031432,1,1,1,1,1,0,0,20180101,20261231
SAG_03761031502,1,1,1,1,1,0,0,20180101,20261231
SAG_03761031532,1,1,1,1,1,0,0,20180101,20261231
SAG_03761031602,1,1,1,1,1,0,0,20180101,20261231
SAG_03761031632,1,1,1,1,1,0,0,20180101,20261231
SAG_03761031702,1,1,1,1,1,0,0,20180101,20261231
SAG_03761031732,1,1,1,1,1,0,0,20180101,20261231
SAG_03761031802,1,1,1,1,1,0,0,20180101,20261231
SAG_03770030710,1,1,1,1,1,0,0,20250101,20271231
SAG_03771031400,1,1,1,1,1,0,0,20250101,20271231
SAG_03780050600,1,1,1,1,1,1,1,20250331,20261231
SAG_03780050645,1,1,1,1,1,1,1,20250331,20261231
SAG_03780050730,1,1,1,1,1,1,1,20250331,20261231
SAG_03780050830,1,1,1,1,1,0,0,20250331,20261231
SAG_03780050900,0,0,0,0,0,1,1,20250331,20261231
SAG_03780050930,1,1,1,1,1,0,0,20250331,20261231
SAG_03780051030,1,1,1,1,1,0,0,20250331,20261231
SAG_03780051100,0,0,0,0,0,1,1,20250331,20261231
SAG_03780051130,1,1,1,1,1,0,0,20250331,20261231
SAG_03780051230,1,1,1,1,1,0,0,20250331,20261231
SAG_03780051310,1,1,1,1,1,0,0,20250331,20261231
SAG_03780051400,1,1,1,1,1,1,1,20250331,20261231
SAG_03780051500,1,1,1,1,1,1,1,20250331,20261231
SAG_03780051600,1,1,1,1,1,1,1,20250331,20261231
SAG_03780051700,1,1,1,1,1,0,0,20250331,20261231
SAG_03780051800,1,1,1,1,1,0,0,20250331,20261231
SAG_03780051900,1,1,1,1,1,1,1,20250331,20261231
SAG_03780052000,1,1,1,1,1,0,0,20250331,20261231
SAG_03780052055,1,1,1,1,1,0,0,20250331,20261231
SAG_03780052205,1,1,1,1,1,0,0,20250331,20261231
SAG_03780062240,1,1,1,1,1,0,0,20250331,20261231
SAG_03781060519,1,1,1,1,1,1,1,20240930,20261231
SAG_03781070616,1,1,1,1,1,1,1,20250331,20261231
SAG_03781070701,1,1,1,1,1,1,1,20250331,20261231
SAG_03781070746,1,1,1,1,1,1,1,20250331,20261231
SAG_03781070846,1,1,1,1,1,0,0,20250331,20261231
SAG_03781070916,0,0,0,0,0,1,1,20250331,20261231
SAG_03781070946,1,1,1,1,1,0,0,20250331,20261231
SAG_03781071046,1,1,1,1,1,0,0,20250331,20261231
SAG_03781071116,0,0,0,0,0,1,1,20250331,20261231
SAG_03781071146,1,1,1,1,1,0,0,20250331,20261231
SAG_03781071246,1,1,1,1,1,0,0,20250331,20261231
SAG_03781071326,1,1,1,1,1,0,0,20250331,20261231
SAG_03781071416,1,1,1,1,1,1,1,20250331,20261231
SAG_03781071516,1,1,1,1,1,1,1,20250331,20261231
SAG_03781071616,1,1,1,1,1,1,1,20250331,20261231
SAG_03781071716,1,1,1,1,1,0,0,20250331,20261231
SAG_03781071816,1,1,1,1,1,0,0,20250331,20261231
SAG_03781071916,1,1,1,1,1,1,1,20250331,20261231
SAG_03781072016,1,1,1,1,1,0,0,20250331,20261231
SAG_03781072111,1,1,1,1,1,0,0,20250331,20261231
SAG_03781072221,1,1,1,1,1,0,0,20250331,20261231
SAG_03790010730,1,1,1,1,1,0,0,20230701,20261231
SAG_03790011430,1,1,1,1,1,0,0,20230701,20261231
SAG_03800010110,1,1,1,1,1,0,0,20250428,20261231
SAG_03800010111,0,0,0,0,0,1,1,20250428,20261231
SAG_03800010210,1,1,1,1,1,0,0,20250428,20261231
SAG_03800010211,0,0,0,0,0,1,1,20250428,20261231
SAG_03800010315,1,1,1,1,1,0,0,20250428,20261231
SAG_03800010325,0,0,0,0,0,1,1,20250428,20261231
SAG_03800010415,1,1,1,1,1,0,0,20250428,20261231
SAG_03800010425,0,0,0,0,0,1,1,20250428,20261231
SAG_03800020030,0,0,0,0,0,1,1,20220601,20261231
SAG_03800020040,1,1,1,1,1,0,0,20220601,20261231
SAG_03800022330,0,0,0,0,1,1,0,20220601,20261231
SAG_03800022340,1,1,1,1,0,0,1,20220601,20261231
SAG_03811010001,1,1,1,1,1,0,0,20250428,20261231
SAG_03811010055,0,0,0,0,0,1,1,20250428,20261231
SAG_03811010101,1,1,1,1,1,0,0,20250428,20261231
SAG_03811010206,1,1,1,1,1,0,0,20250428,20261231
SAG_03811010210,0,0,0,0,0,1,1,20250428,20261231
SAG_03811010306,1,1,1,1,1,0,0,20250428,20261231
SAG_03811010310,0,0,0,0,0,1,1,20250428,20261231
SAG_03811012355,0,0,0,0,1,1,0,20250428,20261231
SAG_03811030411,1,1,1,1,1,0,0,20220601,20261231
SAG_03811030425,0,0,0,0,0,1,1,20220601,20261231
SAG_03811030511,1,1,1,1,1,0,0,20220601,20261231
SAG_03811030525,0,0,0,0,0,1,1,20220601,20261231
SAG_03820041435,1,1,1,1,1,0,0,20241104,20261231
SAG_03821040705,1,1,1,1,1,0,0,20260907,20271231
SAG_03830010535,1,1,1,1,1,0,0,20250122,20261231
SAG_03830010810,1,1,1,1,1,0,0,20250122,20271231
SAG_03830010940,1,1,1,1,1,0,0,20250122,20261231
SAG_03830011120,1,1,1,1,1,0,0,20250122,20261231
SAG_03830011310,1,1,1,1,1,0,0,20250122,20261231
SAG_03830011540,1,1,1,1,1,0,0,20250122,20261231
SAG_03830011715,1,1,1,1,1,0,0,20250122,20261231
SAG_03830011850,1,1,1,1,1,0,0,20250122,20261231
SAG_03831010830,1,1,1,1,1,0,0,20250122,20261231
SAG_03831010900,1,1,1,1,1,0,0,20250122,20271231
SAG_03831011030,1,1,1,1,1,0,0,20250122,20261231
SAG_03831011220,1,1,1,1,1,0,0,20250122,20261231
SAG_03831011630,1,1,1,1,1,0,0,20250122,20261231
SAG_03831011800,1,1,1,1,1,0,0,20250122,20261231
SAG_03831011940,1,1,1,1,1,0,0,20250122,20261231
SAG_03831020625,1,1,1,1,1,0,0,20250122,20271231
SAG_03850041710,1,1,1,1,1,0,0,20230116,20271231
SAG_03850041805,1,1,1,1,1,0,0,20230116,20271231
SAG_03850041900,1,1,1,1,1,0,0,20230116,20271231
SAG_03851041726,1,1,1,1,1,0,0,20230116,20271231
SAG_03851041821,1,1,1,1,1,0,0,20230116,20271231
SAG_03851041916,1,1,1,1,1,0,0,20230116,20271231
SAG_03890091945,1,1,1,1,1,0,0,20260907,20261231
SAG_03890092105,1,1,1,1,1,0,0,20260907,20261231
SAG_03891142030,1,1,1,1,1,0,0,20260907,20261231
SAG_03891142150,1,1,1,1,1,0,0,20260907,20261231
SAG_03900010715,1,1,1,1,1,0,0,20250224,20261231
SAG_03900010745,1,1,1,1,1,0,0,20200914,20261231
SAG_03900011215,1,1,1,1,1,0,0,20210531,20261231
SAG_03900011315,1,1,1,1,1,0,0,20210531,20261231
SAG_03900011345,1,1,1,1,1,0,0,20200914,20261231
SAG_03900011415,1,1,1,1,1,0,0,20200914,20261231
SAG_03900011630,1,1,1,1,1,0,0,20200914,20261231
SAG_03900011645,1,1,1,1,1,0,0,20210531,20261231
SAG_03900011700,1,1,1,1,1,0,0,20200914,20261231
SAG_03900020800,1,1,1,1,1,0,0,20200914,20261231
SAG_03900020830,1,1,1,1,1,0,0,20200914,20261231
SAG_03900021130,1,1,1,1,1,0,0,20200914,20261231
SAG_03900030730,1,1,1,1,1,0,0,20250224,20261231
SAG_03900030815,1,1,1,1,1,0,0,20200914,20261231
SAG_03900030845,1,1,1,1,1,0,0,20200914,20261231
SAG_03900030915,1,1,1,1,1,0,0,20200914,20261231
SAG_03900030945,1,1,1,1,1,0,0,20200914,20261231
SAG_03900031015,1,1,1,1,1,0,0,20200914,20261231
SAG_03900031045,1,1,1,1,1,0,0,20200914,20261231
SAG_03900031115,1,1,1,1,1,0,0,20200914,20261231
SAG_03900031145,1,1,1,1,1,0,0,20200914,20261231
SAG_03900031245,1,1,1,1,1,0,0,20200914,20261231
SAG_03900031445,1,1,1,1,1,0,0,20200914,20261231
SAG_03900031515,1,1,1,1,1,0,0,20200914,20261231
SAG_03900031545,1,1,1,1,1,0,0,20200914,20261231
SAG_03900031615,1,1,1,1,1,0,0,20200914,20261231
SAG_03900031715,1,1,1,1,1,0,0,20200914,20261231
SAG_03900031745,1,1,1,1,1,0,0,20200914,20261231
SAG_03900031815,1,1,1,1,1,0,0,20200914,20261231
SAG_03900031845,1,1,1,1,1,0,0,20200914,20261231
SAG_03900031915,1,1,1,1,1,0,0,20200914,20261231
SAG_03900032000,1,1,1,1,1,0,0,20200914,20261231
SAG_03900040900,1,1,1,1,1,0,0,20200914,20261231
SAG_03900040930,1,1,1,1,1,0,0,20200914,20261231
SAG_03900041000,1,1,1,1,1,0,0,20200914,20261231
SAG_03900041030,1,1,1,1,1,0,0,20200914,20261231
SAG_03900041100,1,1,1,1,1,0,0,20200914,20261231
SAG_03900041200,1,1,1,1,1,0,0,20200914,20261231
SAG_03900041230,1,1,1,1,1,0,0,20200914,20261231
SAG_03900041500,1,1,1,1,1,0,0,20240101,20261231
SAG_03900041530,1,1,1,1,1,0,0,20240101,20261231
SAG_03900041600,1,1,1,1,1,0,0,20240101,20261231
SAG_03900041730,1,1,1,1,1,0,0,20200914,20261231
SAG_03900041800,1,1,1,1,1,0,0,20200914,20261231
SAG_03900041830,1,1,1,1,1,0,0,20200914,20261231
SAG_03900041900,1,1,1,1,1,0,0,20200914,20261231
SAG_03900041930,1,1,1,1,1,0,0,20200914,20261231
SAG_03900050800,0,0,0,0,0,1,0,20200914,20261231
SAG_03900050830,0,0,0,0,0,1,0,20200914,20261231
SAG_03900050900,0,0,0,0,0,1,0,20200914,20261231
SAG_03900050930,0,0,0,0,0,1,0,20200914,20261231
SAG_03900051000,0,0,0,0,0,1,0,20200914,20261231
SAG_03900051030,0,0,0,0,0,1,0,20200914,20261231
SAG_03900051100,0,0,0,0,0,1,0,20200914,20261231
SAG_03900051130,0,0,0,0,0,1,0,20200914,20261231
SAG_03900051200,0,0,0,0,0,1,0,20200914,20261231
SAG_03900051230,0,0,0,0,0,1,0,20200914,20261231
SAG_03900051300,0,0,0,0,0,1,0,20200914,20261231
SAG_03900051530,0,0,0,0,0,1,0,20200914,20261231
SAG_03900051600,0,0,0,0,0,1,0,20200914,20261231
SAG_03900051630,0,0,0,0,0,1,0,20200914,20261231
SAG_03900051700,0,0,0,0,0,1,0,20200914,20261231
SAG_03900051730,0,0,0,0,0,1,0,20200914,20261231
SAG_03900051800,0,0,0,0,0,1,0,20200914,20261231
SAG_03900051830,0,0,0,0,0,1,0,20200914,20261231
SAG_03900051900,0,0,0,0,0,1,0,20200914,20261231
SAG_03900051930,0,0,0,0,0,1,0,20200914,20261231
SAG_03910020630,1,1,1,1,1,0,0,20200701,20261231
SAG_03910020700,1,1,1,1,1,0,0,20200701,20261231
SAG_03910020730,1,1,1,1,1,0,0,20200701,20261231
SAG_03910020800,1,1,1,1,1,0,0,20200701,20261231
SAG_03910020900,1,1,1,1,1,0,0,20200701,20261231
SAG_03910021000,1,1,1,1,1,0,0,20200701,20261231
SAG_03910021100,1,1,1,1,1,0,0,20200701,20261231
SAG_03910021230,1,1,1,1,1,0,0,20200701,20261231
SAG_03910021330,1,1,1,1,1,0,0,20200701,20261231
SAG_03910021530,1,1,1,1,1,0,0,20200701,20261231
SAG_03910021730,1,1,1,1,1,0,0,20200701,20261231
SAG_03910021830,1,1,1,1,1,0,0,20200701,20261231
SAG_03910021930,1,1,1,1,1,0,0,20200701,20261231
SAG_03910022030,1,1,1,1,1,0,0,20200701,20261231
SAG_03910022130,1,1,1,1,1,0,0,20200701,20261231
SAG_03910031630,1,1,1,1,1,0,0,20221114,20261231
SAG_03910041430,1,1,1,1,1,0,0,20240101,20261231
SAG_03930040700,1,1,1,1,1,0,0,20240930,20261231
SAG_03930040800,1,1,1,1,1,0,0,20240930,20261231
SAG_03930040900,1,1,1,1,1,0,0,20240930,20261231
SAG_03930041000,1,1,1,1,1,0,0,20240930,20261231
SAG_03930041100,1,1,1,1,1,0,0,20240930,20261231
SAG_03930041200,1,1,1,1,1,0,0,20240930,20261231
SAG_03930041330,1,1,1,1,1,0,0,20240930,20261231
SAG_03930041430,1,1,1,1,1,0,0,20240930,20261231
SAG_03930041530,1,1,1,1,1,0,0,20240930,20261231
SAG_03930041630,1,1,1,1,1,0,0,20240930,20261231
SAG_03930041730,1,1,1,1,1,0,0,20240930,20261231
SAG_03930041830,1,1,1,1,1,0,0,20240930,20261231
SAG_03930041930,1,1,1,1,1,0,0,20240930,20261231
SAG_03930042030,1,1,1,1,1,0,0,20240930,20261231
SAG_03930052130,1,1,1,1,1,0,0,20240930,20261231
SAG_03931050719,1,1,1,1,1,0,0,20240930,20261231
SAG_03931050819,1,1,1,1,1,0,0,20240930,20261231
SAG_03931050919,1,1,1,1,1,0,0,20240930,20261231
SAG_03931051019,1,1,1,1,1,0,0,20240930,20261231
SAG_03931051119,1,1,1,1,1,0,0,20240930,20261231
SAG_03931051219,1,1,1,1,1,0,0,20240930,20261231
SAG_03931051349,1,1,1,1,1,0,0,20240930,20261231
SAG_03931051449,1,1,1,1,1,0,0,20240930,20261231
SAG_03931051549,1,1,1,1,1,0,0,20240930,20261231
SAG_03931051649,1,1,1,1,1,0,0,20240930,20261231
SAG_03931051749,1,1,1,1,1,0,0,20240930,20261231
SAG_03931051849,1,1,1,1,1,0,0,20240930,20261231
SAG_03931051949,1,1,1,1,1,0,0,20240930,20261231
SAG_03931052049,1,1,1,1,1,0,0,20240930,20261231
SAG_03931060632,1,1,1,1,1,0,0,20240930,20261231
SAG_03950040600,1,1,1,1,1,0,0,20250915,20261231
SAG_03950040700,1,1,1,1,1,0,0,20250915,20261231
SAG_03950040800,1,1,1,1,1,0,0,20250915,20261231
SAG_03950040900,1,1,1,1,1,0,0,20250915,20261231
SAG_03950041000,1,1,1,1,1,0,0,20250915,20261231
SAG_03950041100,1,1,1,1,1,0,0,20250915,20261231
SAG_03950041230,1,1,1,1,1,0,0,20250915,20261231
SAG_03950041330,1,1,1,1,1,0,0,20250915,20261231
SAG_03950041530,1,1,1,1,1,0,0,20250915,20261231
SAG_03950041730,1,1,1,1,1,0,0,20250915,20261231
SAG_03950041830,1,1,1,1,1,0,0,20250915,20261231
SAG_03950041930,1,1,1,1,1,0,0,20250915,20261231
SAG_03950042030,1,1,1,1,1,0,0,20250915,20261231
SAG_03950042130,1,1,1,1,1,0,0,20250915,20261231
SAG_03950051630,1,1,1,1,1,0,0,20250915,20261231
SAG_03950061430,1,1,1,1,1,0,0,20250915,20261231
SAG_03951020623,1,1,1,1,1,0,0,20251117,20261231
SAG_03951020823,1,1,1,1,1,0,0,20251117,20261231
SAG_03951020923,1,1,1,1,1,0,0,20251117,20261231
SAG_03951021023,1,1,1,1,1,0,0,20251117,20261231
SAG_03951021123,1,1,1,1,1,0,0,20251117,20261231
SAG_03951021253,1,1,1,1,1,0,0,20251117,20261231
SAG_03951021353,1,1,1,1,1,0,0,20251117,20261231
SAG_03951021453,1,1,1,1,1,0,0,20251117,20261231
SAG_03951021553,1,1,1,1,1,0,0,20251117,20261231
SAG_03951021653,1,1,1,1,1,0,0,20251117,20261231
SAG_03951021753,1,1,1,1,1,0,0,20251117,20261231
SAG_03951021853,1,1,1,1,1,0,0,20251117,20261231
SAG_03951021953,1,1,1,1,1,0,0,20251117,20261231
SAG_03951022053,1,1,1,1,1,0,0,20251117,20261231
SAG_03951022153,1,1,1,1,1,0,0,20251117,20261231
SAG_03951030724,1,1,1,1,1,0,0,20230701,20261231
SAG_0396001110645,1,0,1,1,1,0,0,20260907,20261231
SAG_0396001110745,1,0,1,1,1,0,0,20260907,20261231
SAG_0396001110800,0,0,0,0,0,1,1,20260907,20261231
SAG_0396001110815,1,0,1,1,1,0,0,20260907,20261231
SAG_0396001110845,1,0,1,1,1,0,0,20260907,20261231
SAG_0396001110846,0,0,0,0,0,1,1,20260907,20261231
SAG_0396001110930,0,0,0,0,0,1,1,20260907,20261231
SAG_0396001110945,1,0,1,1,1,0,0,20260907,20261231
SAG_0396001111015,1,0,1,1,1,0,0,20260907,20261231
SAG_0396001111016,0,0,0,0,0,1,1,20260907,20261231
SAG_0396001111045,1,0,1,1,1,0,0,20260907,20261231
SAG_0396001111100,0,0,0,0,0,1,1,20260907,20261231
SAG_0396001111145,1,0,1,1,1,0,0,20260907,20261231
SAG_0396001111146,0,0,0,0,0,1,1,20260907,20261231
SAG_0396001111215,1,0,1,1,1,0,0,20260907,20261231
SAG_0396001111230,0,0,0,0,0,1,1,20260907,20261231
SAG_0396001111245,1,0,1,1,1,0,0,20260907,20261231
SAG_0396001111315,0,0,0,0,0,1,1,20260907,20261231
SAG_0396001111330,1,0,1,1,1,1,0,20260907,20261231
SAG_0396001111345,1,0,1,1,1,0,0,20260907,20261231
SAG_0396001111400,0,0,0,0,0,1,1,20260907,20261231
SAG_0396001111415,1,0,1,1,1,0,0,20260907,20261231
SAG_0396001111445,1,0,1,1,1,0,0,20260907,20261231
SAG_0396001111446,0,0,0,0,0,1,1,20260907,20261231
SAG_0396001111530,0,0,0,0,0,1,1,20260907,20261231
SAG_0396001111545,1,0,1,1,1,0,0,20260907,20261231
SAG_0396001111615,1,1,1,1,1,0,0,20260907,20261231
SAG_0396001111616,0,0,0,0,0,1,1,20260907,20261231
SAG_0396001111645,1,1,1,1,1,0,0,20260907,20261231
SAG_0396001111700,0,0,0,0,0,1,1,20260907,20261231
SAG_0396001111745,1,1,1,1,1,0,0,20260907,20261231
SAG_0396001111746,0,0,0,0,0,1,1,20260907,20261231
SAG_0396001111815,1,1,1,1,1,0,0,20260907,20261231
SAG_0396001111830,0,0,0,0,0,1,1,20260907,20261231
SAG_0396001111845,1,1,1,1,1,0,0,20260907,20261231
SAG_0396001111915,1,1,1,1,1,0,0,20260907,20261231
SAG_0396001111916,0,0,0,0,0,1,1,20260907,20261231
SAG_0396001112000,0,0,0,0,0,1,1,20260907,20261231
SAG_0396001112015,1,1,1,1,1,0,0,20260907,20261231
SAG_0396001112100,1,1,1,1,1,0,0,20260907,20261231
SAG_0396002220700,1,0,1,1,1,0,0,20260907,20261231
SAG_0396002220715,1,0,1,1,1,0,0,20260907,20261231
SAG_0396002220730,1,0,1,1,1,0,0,20260907,20261231
SAG_0396002220800,1,0,1,1,1,0,0,20260907,20261231
SAG_0396002220830,1,0,1,1,1,0,0,20260907,20261231
SAG_0396002220900,1,0,1,1,1,0,0,20260907,20261231
SAG_0396002220915,1,0,1,1,1,0,0,20260907,20261231
SAG_0396002220930,1,0,1,1,1,0,0,20260907,20261231
SAG_0396002221000,1,0,1,1,1,0,0,20260907,20261231
SAG_0396002221030,1,0,1,1,1,0,0,20260907,20261231
SAG_0396002221100,1,0,1,1,1,0,0,20260907,20261231
SAG_0396002221115,1,0,1,1,1,0,0,20260907,20261231
SAG_0396002221130,1,0,1,1,1,0,0,20260907,20261231
SAG_0396002221200,1,0,1,1,1,0,0,20260907,20261231
SAG_0396002221230,1,0,1,1,1,0,0,20260907,20261231
SAG_0396002221300,1,0,1,1,1,0,0,20260907,20261231
SAG_0396002221315,1,0,1,1,1,0,0,20260907,20261231
SAG_0396002221330,1,0,1,1,1,0,0,20260907,20261231
SAG_0396002221400,1,0,1,1,1,0,0,20260907,20261231
SAG_0396002221430,1,0,1,1,1,0,0,20260907,20261231
SAG_0396002221500,1,0,1,1,1,0,0,20260907,20261231
SAG_0396002221515,1,0,1,1,1,0,0,20260907,20261231
SAG_0396002221530,1,0,1,1,1,0,0,20260907,20261231
SAG_0396002221600,1,1,1,1,1,0,0,20260907,20261231
SAG_0396002221630,1,1,1,1,1,0,0,20260907,20261231
SAG_0396002221700,1,1,1,1,1,0,0,20260907,20261231
SAG_0396002221715,1,1,1,1,1,0,0,20260907,20261231
SAG_0396002221730,1,1,1,1,1,0,0,20260907,20261231
SAG_0396002221800,1,1,1,1,1,0,0,20260907,20261231
SAG_0396002221830,1,1,1,1,1,0,0,20260907,20261231
SAG_0396002221900,1,1,1,1,1,0,0,20260907,20261231
SAG_0396002221930,1,1,1,1,1,0,0,20260907,20261231
SAG_0396002221945,1,1,1,1,1,0,0,20260907,20261231
SAG_0396002222030,1,1,1,1,1,0,0,20260907,20261231
SAG_0396002222120,1,1,1,1,1,0,0,20260907,20261231
SAG_0396002222145,1,1,1,1,1,0,0,20260907,20261231
SAG_0396003330645,0,1,0,0,0,0,0,20260907,20261231
SAG_0396003330745,0,1,0,0,0,0,0,20260907,20261231
SAG_0396003330815,0,1,0,0,0,0,0,20260907,20261231
SAG_0396003330845,0,1,0,0,0,0,0,20260907,20261231
SAG_0396003330945,0,1,0,0,0,0,0,20260907,20261231
SAG_0396003331015,0,1,0,0,0,0,0,20260907,20261231
SAG_0396003331045,0,1,0,0,0,0,0,20260907,20261231
SAG_0396003331145,0,1,0,0,0,0,0,20260907,20261231
SAG_0396003331215,0,1,0,0,0,0,0,20260907,20261231
SAG_0396003331245,0,1,0,0,0,0,0,20260907,20261231
SAG_0396003331345,0,1,0,0,0,0,0,20260907,20261231
SAG_0396003331415,0,1,0,0,0,0,0,20260907,20261231
SAG_0396003331445,0,1,0,0,0,0,0,20260907,20261231
SAG_0396003331545,0,1,0,0,0,0,0,20260907,20261231
SAG_0396004440700,0,1,0,0,0,0,0,20260907,20261231
SAG_0396004440715,0,1,0,0,0,0,0,20260907,20261231
SAG_0396004440730,0,1,0,0,0,0,0,20260907,20261231
SAG_0396004440800,0,1,0,0,0,0,0,20260907,20261231
SAG_0396004440830,0,1,0,0,0,0,0,20260907,20261231
SAG_0396004440900,0,1,0,0,0,0,0,20260907,20261231
SAG_0396004440915,0,1,0,0,0,0,0,20260907,20261231
SAG_0396004440930,0,1,0,0,0,0,0,20260907,20261231
SAG_0396004441000,0,1,0,0,0,0,0,20260907,20261231
SAG_0396004441030,0,1,0,0,0,0,0,20260907,20261231
SAG_0396004441100,0,1,0,0,0,0,0,20260907,20261231
SAG_0396004441115,0,1,0,0,0,0,0,20260907,20261231
SAG_0396004441130,0,1,0,0,0,0,0,20260907,20261231
SAG_0396004441200,0,1,0,0,0,0,0,20260907,20261231
SAG_0396004441230,0,1,0,0,0,0,0,20260907,20261231
SAG_0396004441300,0,1,0,0,0,0,0,20260907,20261231
SAG_0396004441315,0,1,0,0,0,0,0,20260907,20261231
SAG_0396004441330,0,1,0,0,0,0,0,20260907,20261231
SAG_0396004441400,0,1,0,0,0,0,0,20260907,20261231
SAG_0396004441430,0,1,0,0,0,0,0,20260907,20261231
SAG_0396004441500,0,1,0,0,0,0,0,20260907,20261231
SAG_0396004441515,0,1,0,0,0,0,0,20260907,20261231
SAG_0396004441530,0,1,0,0,0,0,0,20260907,20261231
SAG_0396008880735,0,0,0,0,0,1,1,20260907,20261231
SAG_0396009990620,1,1,1,1,1,0,0,20260907,20261231
SAG_0396009990635,1,1,1,1,1,0,0,20260907,20261231
SAG_0396009990650,1,1,1,1,1,0,0,20260907,20261231
SAG_03960102000,1,1,1,1,1,0,0,20260907,20261231
SAG_03960102045,0,0,0,0,0,1,1,20260907,20261231
SAG_03960102205,1,1,1,1,1,0,0,20260907,20261231
SAG_03960102230,1,1,1,1,1,0,0,20260907,20261231
SAG_03970031640,1,1,1,1,1,0,0,20241104,20271231
SAG_03970031735,1,1,1,1,1,0,0,20241104,20271231
SAG_03970031830,1,1,1,1,1,0,0,20241104,20271231
SAG_04000030645,1,1,1,1,1,0,0,20200101,20261231
SAG_04000030720,1,1,1,1,1,0,0,20200101,20261231
SAG_04000030750,1,1,1,1,1,0,0,20200101,20261231
SAG_04000030751,0,0,0,0,0,1,0,20200318,20261231
SAG_04000030825,1,1,1,1,1,0,0,20200101,20261231
SAG_04000030850,1,1,1,1,1,1,0,20200101,20261231
SAG_04000030920,1,1,1,1,1,0,0,20200101,20261231
SAG_04000030950,0,0,0,0,0,1,1,20200318,20261231
SAG_04000031020,1,1,1,1,1,0,0,20210913,20261231
SAG_04000031050,1,1,1,1,1,1,1,20200101,20261231
SAG_04000031120,1,1,1,1,1,0,0,20210913,20261231
SAG_04000031150,1,1,1,1,1,1,1,20200914,20261231
SAG_04000031220,1,1,1,1,1,0,0,20210913,20261231
SAG_04000031250,1,1,1,1,1,1,1,20200101,20261231
SAG_04000031320,1,1,1,1,1,0,0,20210913,20261231
SAG_04000031350,1,1,1,1,1,1,1,20200101,20261231
SAG_04000031420,1,1,1,1,1,0,0,20210913,20261231
SAG_04000031450,1,1,1,1,1,1,1,20200101,20261231
SAG_04000031520,1,1,1,1,1,0,0,20210913,20261231
SAG_04000031550,1,1,1,1,1,1,1,20200101,20261231
SAG_04000031650,1,1,1,1,1,1,1,20200101,20261231
SAG_04000031720,1,1,1,1,1,0,0,20200101,20261231
SAG_04000031750,1,1,1,1,1,1,1,20200101,20261231
SAG_04000031820,1,1,1,1,1,0,0,20180101,20261231
SAG_04000031850,0,0,0,0,0,1,1,20200318,20261231
SAG_04000031855,1,1,1,1,1,0,0,20180101,20261231
SAG_04000031950,1,1,1,1,1,1,1,20200101,20261231
SAG_04000032020,1,1,1,1,1,0,0,20210913,20261231
SAG_04000032050,1,1,1,1,1,1,1,20200101,20261231
SAG_04000032120,1,1,1,1,1,0,0,20210913,20261231
SAG_04000032150,1,1,1,1,1,0,0,20200101,20261231
SAG_04000032220,1,1,1,1,1,0,0,20200101,20261231
SAG_04001030545,1,1,1,1,1,0,0,20200101,20261231
SAG_04001030615,1,1,1,1,1,0,0,20200101,20261231
SAG_04001030720,0,0,0,0,0,1,0,20200914,20261231
SAG_04001030820,0,0,0,0,0,1,0,20200101,20261231
SAG_04001030850,1,1,1,1,1,0,0,20200101,20261231
SAG_04001030920,1,1,1,1,1,1,1,20200101,20261231
SAG_04001030950,1,1,1,1,1,0,0,20210913,20261231
SAG_04001031020,1,1,1,1,1,1,1,20200101,20261231
SAG_04001031050,1,1,1,1,1,0,0,20210913,20261231
SAG_04001031120,1,1,1,1,1,1,1,20200101,20261231
SAG_04001031220,1,1,1,1,1,1,1,20200101,20261231
SAG_04001031250,1,1,1,1,1,0,0,20210913,20261231
SAG_04001031320,1,1,1,1,1,1,1,20200101,20261231
SAG_04001031350,1,1,1,1,1,0,0,20210913,20261231
SAG_04001031420,1,1,1,1,1,1,1,20200101,20261231
SAG_04001031450,1,1,1,1,1,0,0,20210913,20261231
SAG_04001031520,1,1,1,1,1,1,1,20200101,20261231
SAG_04001031550,1,1,1,1,1,0,0,20200101,20261231
SAG_04001031620,1,1,1,1,1,1,1,20200101,20261231
SAG_04001031650,1,1,1,1,1,0,0,20200101,20261231
SAG_04001031720,1,1,1,1,1,1,1,20200101,20261231
SAG_04001031750,1,1,1,1,1,0,0,20200318,20261231
SAG_04001031820,0,0,0,0,0,1,1,20200101,20261231
SAG_04001031850,1,1,1,1,1,0,0,20200318,20261231
SAG_04001031920,1,1,1,1,1,1,1,20200101,20261231
SAG_04001031950,1,1,1,1,1,0,0,20210913,20261231
SAG_04001032020,1,1,1,1,1,1,1,20200101,20261231
SAG_04001032050,1,1,1,1,1,0,0,20210913,20261231
SAG_04001032150,1,1,1,1,1,0,0,20200101,20261231
SAG_04001050645,1,1,1,1,1,0,0,20200101,20261231
SAG_04001050715,1,1,1,1,1,0,0,20200101,20261231
SAG_04001050750,1,1,1,1,1,0,0,20200101,20261231
SAG_04050040900,1,1,1,1,1,1,1,20220131,20261231
SAG_04050041000,1,1,1,1,1,1,1,20220131,20261231
SAG_04050041100,1,1,1,1,1,1,1,20220131,20261231
SAG_04050041200,1,1,1,1,1,1,1,20220131,20261231
SAG_04050041300,1,1,1,1,1,1,1,20220131,20261231
SAG_04050041400,0,0,0,0,1,1,1,20220131,20261231
SAG_04050041500,1,1,1,1,1,1,1,20220131,20261231
SAG_04050041600,1,1,1,1,1,1,1,20220131,20261231
SAG_04050041700,0,0,0,0,1,1,1,20220131,20261231
SAG_04050041800,1,1,1,1,1,1,1,20220131,20261231
SAG_04050041900,0,0,0,0,1,1,1,20220131,20261231
SAG_04050042000,1,1,1,1,1,1,1,20220131,20261231
SAG_04050042045,0,0,0,0,1,1,1,20220131,20261231
SAG_04050042145,1,1,1,1,1,1,1,20220131,20261231
SAG_04051040805,1,1,1,1,1,1,1,20220131,20261231
SAG_04051040905,1,1,1,1,1,1,1,20220131,20261231
SAG_04051040955,1,1,1,1,1,1,1,20220131,20261231
SAG_04051041055,1,1,1,1,1,1,1,20220131,20261231
SAG_04051041155,1,1,1,1,1,1,1,20220131,20261231
SAG_04051041255,0,0,0,0,1,1,1,20220131,20261231
SAG_04051041355,1,1,1,1,1,1,1,20220131,20261231
SAG_04051041455,1,1,1,1,1,1,1,20220131,20261231
SAG_04051041555,0,0,0,0,1,1,1,20220131,20261231
SAG_04051041655,1,1,1,1,1,1,1,20220131,20261231
SAG_04051041755,0,0,0,0,1,1,1,20220131,20261231
SAG_04051041855,1,1,1,1,1,1,1,20220131,20261231
SAG_04051041955,0,0,0,0,1,1,1,20220131,20261231
SAG_04051042055,1,1,1,1,1,1,1,20220131,20261231
SAG_04200030615,1,1,1,1,1,0,0,20200101,20261231
SAG_04201030700,1,1,1,1,1,0,0,20200101,20261231
SAG_04240020931,1,1,1,1,1,0,0,20240916,20261231
SAG_04240021202,1,1,1,1,1,0,0,20240916,20261231
SAG_04240021601,1,1,1,1,1,0,0,20240916,20261231
SAG_04240021832,1,1,1,1,1,0,0,20240916,20261231
SAG_04241020948,1,1,1,1,1,0,0,20240916,20261231
SAG_04241021219,1,1,1,1,1,0,0,20240916,20261231
SAG_04241021618,1,1,1,1,1,0,0,20240916,20261231
SAG_04241021849,1,1,1,1,1,0,0,20240916,20261231
SAG_04250010958,1,1,1,1,1,0,0,20201221,20271231
SAG_04251010945,1,1,1,1,1,0,0,20201221,20271231
SAG_04260011015,1,1,1,1,1,0,0,20201214,20271231
SAG_04261011030,1,1,1,1,1,0,0,20201214,20271231
SAG_04270010726,1,1,1,1,1,0,0,20251007,20261231
SAG_04270020541,1,1,1,1,1,0,0,20251007,20261231
SAG_04270020611,1,1,1,1,1,0,0,20251007,20261231
SAG_04270020641,1,1,1,1,1,0,0,20251007,20261231
SAG_04270020711,1,1,1,1,1,0,0,20251007,20261231
SAG_04270020811,1,1,1,1,1,0,0,20251007,20261231
SAG_04270021531,1,1,1,1,1,0,0,20251007,20261231
SAG_04270021603,1,1,1,1,1,0,0,20251007,20261231
SAG_04270021631,1,1,1,1,1,0,0,20251007,20261231
SAG_04270021703,1,1,1,1,1,0,0,20251007,20261231
SAG_04270021731,1,1,1,1,1,0,0,20251007,20261231
SAG_04270021803,1,1,1,1,1,0,0,20251007,20261231
SAG_04270021831,1,1,1,1,1,0,0,20251007,20261231
SAG_04270021903,1,1,1,1,1,0,0,20251007,20261231
SAG_04270021931,1,1,1,1,1,0,0,20251007,20261231
SAG_04270022003,1,1,1,1,1,0,0,20251007,20261231
SAG_04270022031,1,1,1,1,1,0,0,20251007,20261231
SAG_04270022103,1,1,1,1,1,0,0,20251007,20261231
SAG_04270030834,1,1,1,1,1,0,0,20251007,20261231
SAG_04270030904,1,1,1,1,1,0,0,20251007,20261231
SAG_04270030934,1,1,1,1,1,0,0,20251007,20261231
SAG_04270031004,1,1,1,1,1,0,0,20251007,20261231
SAG_04270031034,1,1,1,1,1,0,0,20251007,20261231
SAG_04270031104,1,1,1,1,1,0,0,20251007,20261231
SAG_04270031134,1,1,1,1,1,0,0,20251007,20261231
SAG_04270031204,1,1,1,1,1,0,0,20251007,20261231
SAG_04270031234,1,1,1,1,1,0,0,20251007,20261231
SAG_04270031304,1,1,1,1,1,0,0,20251007,20261231
SAG_04270031334,1,1,1,1,1,0,0,20251007,20261231
SAG_04270031404,1,1,1,1,1,0,0,20251007,20261231
SAG_04270031434,1,1,1,1,1,0,0,20251007,20261231
SAG_04270041514,1,1,1,1,1,0,0,20251007,20261231
SAG_04271011428,1,1,1,1,1,0,0,20251007,20261231
SAG_04271020609,1,1,1,1,1,0,0,20251007,20261231
SAG_04271020639,1,1,1,1,1,0,0,20251007,20261231
SAG_04271020739,1,1,1,1,1,0,0,20251007,20261231
SAG_04271020859,1,1,1,1,1,0,0,20251007,20261231
SAG_04271020929,1,1,1,1,1,0,0,20251007,20261231
SAG_04271021459,1,1,1,1,1,0,0,20251007,20261231
SAG_04271021531,1,1,1,1,1,0,0,20251007,20261231
SAG_04271021559,1,1,1,1,1,0,0,20251007,20261231
SAG_04271021631,1,1,1,1,1,0,0,20251007,20261231
SAG_04271021659,1,1,1,1,1,0,0,20251007,20261231
SAG_04271021731,1,1,1,1,1,0,0,20251007,20261231
SAG_04271021759,1,1,1,1,1,0,0,20251007,20261231
SAG_04271021831,1,1,1,1,1,0,0,20251007,20261231
SAG_04271021859,1,1,1,1,1,0,0,20251007,20261231
SAG_04271021931,1,1,1,1,1,0,0,20251007,20261231
SAG_04271021959,1,1,1,1,1,0,0,20251007,20261231
SAG_04271022031,1,1,1,1,1,0,0,20251007,20261231
SAG_04271022059,1,1,1,1,1,0,0,20251007,20261231
SAG_04271022131,1,1,1,1,1,0,0,20251007,20261231
SAG_04271030809,1,1,1,1,1,0,0,20251007,20261231
SAG_04271030839,1,1,1,1,1,0,0,20251007,20261231
SAG_04271031008,1,1,1,1,1,0,0,20251007,20261231
SAG_04271031038,1,1,1,1,1,0,0,20251007,20261231
SAG_04271031108,1,1,1,1,1,0,0,20251007,20261231
SAG_04271031138,1,1,1,1,1,0,0,20251007,20261231
SAG_04271031208,1,1,1,1,1,0,0,20251007,20261231
SAG_04271031238,1,1,1,1,1,0,0,20251007,20261231
SAG_04271031308,1,1,1,1,1,0,0,20251007,20261231
SAG_04271031338,1,1,1,1,1,0,0,20251007,20261231
SAG_04271031408,1,1,1,1,1,0,0,20251007,20261231
SAG_04271040709,1,1,1,1,1,0,0,20251007,20261231
SAG_04280010513,1,1,1,1,1,0,0,20251007,20261231
SAG_04280010543,1,1,1,1,1,0,0,20251007,20261231
SAG_04280010613,1,1,1,1,1,0,0,20251007,20261231
SAG_04280010641,1,1,1,1,1,0,0,20251007,20261231
SAG_04280010701,0,0,0,0,0,1,0,20251007,20261231
SAG_04280010711,1,1,1,1,1,0,0,20251007,20261231
SAG_04280010741,1,1,1,1,1,0,0,20251007,20261231
SAG_04280010746,0,0,0,0,0,1,1,20251007,20261231
SAG_04280010811,1,1,1,1,1,0,0,20251007,20261231
SAG_04280010831,0,0,0,0,0,1,1,20251007,20261231
SAG_04280010841,1,1,1,1,1,0,0,20251007,20261231
SAG_04280010911,1,1,1,1,1,0,0,20251007,20261231
SAG_04280010916,0,0,0,0,0,1,1,20251007,20261231
SAG_04280010941,1,1,1,1,1,0,0,20251007,20261231
SAG_04280011001,0,0,0,0,0,1,1,20251007,20261231
SAG_04280011011,1,1,1,1,1,0,0,20251007,20261231
SAG_04280011041,1,1,1,1,1,0,0,20251007,20261231
SAG_04280011046,0,0,0,0,0,1,1,20251007,20261231
SAG_04280011111,1,1,1,1,1,0,0,20251007,20261231
SAG_04280011131,0,0,0,0,0,1,1,20251007,20261231
SAG_04280011141,1,1,1,1,1,0,0,20251007,20261231
SAG_04280011216,0,0,0,0,0,1,1,20251007,20261231
SAG_04280011227,1,1,1,1,1,0,0,20251007,20261231
SAG_04280011257,1,1,1,1,1,0,0,20251007,20261231
SAG_04280011301,0,0,0,0,0,1,1,20251007,20261231
SAG_04280011327,1,1,1,1,1,0,0,20251007,20261231
SAG_04280011346,0,0,0,0,0,1,1,20251007,20261231
SAG_04280011357,1,1,1,1,1,0,0,20251007,20261231
SAG_04280011427,1,1,1,1,1,0,0,20251007,20261231
SAG_04280011431,0,0,0,0,0,1,1,20251007,20261231
SAG_04280011457,1,1,1,1,1,0,0,20251007,20261231
SAG_04280011516,0,0,0,0,0,1,1,20251007,20261231
SAG_04280011527,1,1,1,1,1,0,0,20251007,20261231
SAG_04280011557,1,1,1,1,1,0,0,20251007,20261231
SAG_04280011601,0,0,0,0,0,1,1,20251007,20261231
SAG_04280011627,1,1,1,1,1,0,0,20251007,20261231
SAG_04280011646,0,0,0,0,0,1,1,20251007,20261231
SAG_04280011657,1,1,1,1,1,0,0,20251007,20261231
SAG_04280011727,1,1,1,1,1,0,0,20251007,20261231
SAG_04280011731,0,0,0,0,0,1,1,20251007,20261231
SAG_04280011757,1,1,1,1,1,0,0,20251007,20261231
SAG_04280011816,0,0,0,0,0,1,1,20251007,20261231
SAG_04280011827,1,1,1,1,1,0,0,20251007,20261231
SAG_04280011857,1,1,1,1,1,0,0,20251007,20261231
SAG_04280011901,0,0,0,0,0,1,1,20251007,20261231
SAG_04280011927,1,1,1,1,1,0,0,20251007,20261231
SAG_04280011946,0,0,0,0,0,1,1,20251007,20261231
SAG_04280011957,1,1,1,1,1,0,0,20251007,20261231
SAG_04280012027,1,1,1,1,1,0,0,20251007,20261231
SAG_04280012031,0,0,0,0,0,1,1,20251007,20261231
SAG_04280012057,1,1,1,1,1,0,0,20251007,20261231
SAG_04280012116,0,0,0,0,0,1,1,20251007,20261231
SAG_04280012127,1,1,1,1,1,0,0,20251007,20261231
SAG_04280012157,1,1,1,1,1,0,0,20251007,20261231
SAG_04280012201,0,0,0,0,0,1,1,20251007,20261231
SAG_04280012227,1,1,1,1,1,0,0,20251007,20261231
SAG_04281010555,1,1,1,1,1,0,0,20251007,20261231
SAG_04281010625,1,1,1,1,1,0,0,20251007,20261231
SAG_04281010655,1,1,1,1,1,0,0,20251007,20261231
SAG_04281010725,1,1,1,1,1,0,0,20251007,20261231
SAG_04281010742,0,0,0,0,0,1,0,20251007,20261231
SAG_04281010755,1,1,1,1,1,0,0,20251007,20261231
SAG_04281010825,1,1,1,1,1,0,0,20251007,20261231
SAG_04281010827,0,0,0,0,0,1,1,20251007,20261231
SAG_04281010855,1,1,1,1,1,0,0,20251007,20261231
SAG_04281010912,0,0,0,0,0,1,1,20251007,20261231
SAG_04281010925,1,1,1,1,1,0,0,20251007,20261231
SAG_04281010955,1,1,1,1,1,0,0,20251007,20261231
SAG_04281010957,0,0,0,0,0,1,1,20251007,20261231
SAG_04281011025,1,1,1,1,1,0,0,20251007,20261231
SAG_04281011042,0,0,0,0,0,1,1,20251007,20261231
SAG_04281011055,1,1,1,1,1,0,0,20251007,20261231
SAG_04281011125,1,1,1,1,1,0,0,20251007,20261231
SAG_04281011127,0,0,0,0,0,1,1,20251007,20261231
SAG_04281011155,1,1,1,1,1,0,0,20251007,20261231
SAG_04281011212,0,0,0,0,0,1,1,20251007,20261231
SAG_04281011225,1,1,1,1,1,0,0,20251007,20261231
SAG_04281011257,0,0,0,0,0,1,1,20251007,20261231
SAG_04281011309,1,1,1,1,1,0,0,20251007,20261231
SAG_04281011339,1,1,1,1,1,0,0,20251007,20261231
SAG_04281011342,0,0,0,0,0,1,1,20251007,20261231
SAG_04281011409,1,1,1,1,1,0,0,20251007,20261231
SAG_04281011427,0,0,0,0,0,1,1,20251007,20261231
SAG_04281011439,1,1,1,1,1,0,0,20251007,20261231
SAG_04281011509,1,1,1,1,1,0,0,20251007,20261231
SAG_04281011512,0,0,0,0,0,1,1,20251007,20261231
SAG_04281011539,1,1,1,1,1,0,0,20251007,20261231
SAG_04281011557,0,0,0,0,0,1,1,20251007,20261231
SAG_04281011609,1,1,1,1,1,0,0,20251007,20261231
SAG_04281011639,1,1,1,1,1,0,0,20251007,20261231
SAG_04281011642,0,0,0,0,0,1,1,20251007,20261231
SAG_04281011709,1,1,1,1,1,0,0,20251007,20261231
SAG_04281011727,0,0,0,0,0,1,1,20251007,20261231
SAG_04281011739,1,1,1,1,1,0,0,20251007,20261231
SAG_04281011809,1,1,1,1,1,0,0,20251007,20261231
SAG_04281011812,0,0,0,0,0,1,1,20251007,20261231
SAG_04281011839,1,1,1,1,1,0,0,20251007,20261231
SAG_04281011857,0,0,0,0,0,1,1,20251007,20261231
SAG_04281011909,1,1,1,1,1,0,0,20251007,20261231
SAG_04281011939,1,1,1,1,1,0,0,20251007,20261231
SAG_04281011942,0,0,0,0,0,1,1,20251007,20261231
SAG_04281012009,1,1,1,1,1,0,0,20251007,20261231
SAG_04281012027,0,0,0,0,0,1,1,20251007,20261231
SAG_04281012039,1,1,1,1,1,0,0,20251007,20261231
SAG_04281012109,1,1,1,1,1,0,0,20251007,20261231
SAG_04281012112,0,0,0,0,0,1,1,20251007,20261231
SAG_04281012139,1,1,1,1,1,0,0,20251007,20261231
SAG_04281020438,1,1,1,1,1,0,0,20251007,20261231
SAG_04281020508,1,1,1,1,1,0,0,20251007,20261231
SAG_04281020538,1,1,1,1,1,0,0,20251007,20261231
SAG_04281020621,0,0,0,0,0,1,0,20251007,20261231
SAG_04281020706,0,0,0,0,0,1,1,20251007,20261231
SAG_04281020751,0,0,0,0,0,0,1,20251007,20261231
SAG_04290010515,1,1,1,1,1,0,0,20251007,20261231
SAG_04290010545,1,1,1,1,1,0,0,20251007,20261231
SAG_04290010615,1,1,1,1,1,0,0,20251007,20261231
SAG_04290010645,1,1,1,1,1,0,0,20251007,20261231
SAG_04290010715,1,1,1,1,1,0,0,20251007,20261231
SAG_04290010717,0,0,0,0,0,1,1,20251007,20261231
SAG_04290010745,1,1,1,1,1,0,0,20251007,20261231
SAG_04290010801,0,0,0,0,0,1,1,20251007,20261231
SAG_04290010815,1,1,1,1,1,0,0,20251007,20261231
SAG_04290010845,1,1,1,1,1,0,0,20251007,20261231
SAG_04290010846,0,0,0,0,0,1,1,20251007,20261231
SAG_04290010915,1,1,1,1,1,0,0,20251007,20261231
SAG_04290010931,0,0,0,0,0,1,1,20251007,20261231
SAG_04290010945,1,1,1,1,1,0,0,20251007,20261231
SAG_04290011015,1,1,1,1,1,0,0,20251007,20261231
SAG_04290011016,0,0,0,0,0,1,1,20251007,20261231
SAG_04290011045,1,1,1,1,1,0,0,20251007,20261231
SAG_04290011101,0,0,0,0,0,1,1,20251007,20261231
SAG_04290011115,1,1,1,1,1,0,0,20251007,20261231
SAG_04290011145,1,1,1,1,1,0,0,20251007,20261231
SAG_04290011147,0,0,0,0,0,1,1,20251007,20261231
SAG_04290011215,1,1,1,1,1,0,0,20251007,20261231
SAG_04290011231,0,0,0,0,0,1,1,20251007,20261231
SAG_04290011245,1,1,1,1,1,0,0,20251007,20261231
SAG_04290011315,1,1,1,1,1,0,0,20251007,20261231
SAG_04290011317,0,0,0,0,0,1,1,20251007,20261231
SAG_04290011345,1,1,1,1,1,0,0,20251007,20261231
SAG_04290011401,0,0,0,0,0,1,1,20251007,20261231
SAG_04290011415,1,1,1,1,1,0,0,20251007,20261231
SAG_04290011445,1,1,1,1,1,0,0,20251007,20261231
SAG_04290011447,0,0,0,0,0,1,1,20251007,20261231
SAG_04290011515,1,1,1,1,1,0,0,20251007,20261231
SAG_04290011531,0,0,0,0,0,1,1,20251007,20261231
SAG_04290011545,1,1,1,1,1,0,0,20251007,20261231
SAG_04290011615,1,1,1,1,1,0,0,20251007,20261231
SAG_04290011617,0,0,0,0,0,1,1,20251007,20261231
SAG_04290011645,1,1,1,1,1,0,0,20251007,20261231
SAG_04290011701,0,0,0,0,0,1,1,20251007,20261231
SAG_04290011715,1,1,1,1,1,0,0,20251007,20261231
SAG_04290011745,1,1,1,1,1,0,0,20251007,20261231
SAG_04290011747,0,0,0,0,0,1,1,20251007,20261231
SAG_04290011815,1,1,1,1,1,0,0,20251007,20261231
SAG_04290011831,0,0,0,0,0,1,1,20251007,20261231
SAG_04290011845,1,1,1,1,1,0,0,20251007,20261231
SAG_04290011915,1,1,1,1,1,0,0,20251007,20261231
SAG_04290011917,0,0,0,0,0,1,1,20251007,20261231
SAG_04290011945,1,1,1,1,1,0,0,20251007,20261231
SAG_04290012001,0,0,0,0,0,1,1,20251007,20261231
SAG_04290012015,1,1,1,1,1,0,0,20251007,20261231
SAG_04290012045,1,1,1,1,1,0,0,20251007,20261231
SAG_04290012047,0,0,0,0,0,1,1,20251007,20261231
SAG_04290012115,1,1,1,1,1,0,0,20251007,20261231
SAG_04290012131,0,0,0,0,0,1,1,20251007,20261231
SAG_04291010557,1,1,1,1,1,0,0,20251007,20261231
SAG_04291010627,1,1,1,1,1,0,0,20251007,20261231
SAG_04291010657,1,1,1,1,1,0,0,20251007,20261231
SAG_04291010727,1,1,1,1,1,0,0,20251007,20261231
SAG_04291010756,1,1,1,1,1,0,0,20251007,20261231
SAG_04291010758,0,0,0,0,0,1,1,20251007,20261231
SAG_04291010826,1,1,1,1,1,0,0,20251007,20261231
SAG_04291010843,0,0,0,0,0,1,1,20251007,20261231
SAG_04291010856,1,1,1,1,1,0,0,20251007,20261231
SAG_04291010926,1,1,1,1,1,0,0,20251007,20261231
SAG_04291010928,0,0,0,0,0,1,1,20251007,20261231
SAG_04291010956,1,1,1,1,1,0,0,20251007,20261231
SAG_04291011011,0,0,0,0,0,1,1,20251007,20261231
SAG_04291011026,1,1,1,1,1,0,0,20251007,20261231
SAG_04291011056,1,1,1,1,1,0,0,20251007,20261231
SAG_04291011058,0,0,0,0,0,1,1,20251007,20261231
SAG_04291011126,1,1,1,1,1,0,0,20251007,20261231
SAG_04291011141,0,0,0,0,0,1,1,20251007,20261231
SAG_04291011156,1,1,1,1,1,0,0,20251007,20261231
SAG_04291011226,1,1,1,1,1,0,0,20251007,20261231
SAG_04291011228,0,0,0,0,0,1,1,20251007,20261231
SAG_04291011256,1,1,1,1,1,0,0,20251007,20261231
SAG_04291011311,0,0,0,0,0,1,1,20251007,20261231
SAG_04291011326,1,1,1,1,1,0,0,20251007,20261231
SAG_04291011356,1,1,1,1,1,0,0,20251007,20261231
SAG_04291011358,0,0,0,0,0,1,1,20251007,20261231
SAG_04291011426,1,1,1,1,1,0,0,20251007,20261231
SAG_04291011441,0,0,0,0,0,1,1,20251007,20261231
SAG_04291011456,1,1,1,1,1,0,0,20251007,20261231
SAG_04291011526,1,1,1,1,1,0,0,20251007,20261231
SAG_04291011528,0,0,0,0,0,1,1,20251007,20261231
SAG_04291011556,1,1,1,1,1,0,0,20251007,20261231
SAG_04291011611,0,0,0,0,0,1,1,20251007,20261231
SAG_04291011626,1,1,1,1,1,0,0,20251007,20261231
SAG_04291011656,1,1,1,1,1,0,0,20251007,20261231
SAG_04291011658,0,0,0,0,0,1,1,20251007,20261231
SAG_04291011726,1,1,1,1,1,0,0,20251007,20261231
SAG_04291011741,0,0,0,0,0,1,1,20251007,20261231
SAG_04291011756,1,1,1,1,1,0,0,20251007,20261231
SAG_04291011826,1,1,1,1,1,0,0,20251007,20261231
SAG_04291011828,0,0,0,0,0,1,1,20251007,20261231
SAG_04291011856,1,1,1,1,1,0,0,20251007,20261231
SAG_04291011911,0,0,0,0,0,1,1,20251007,20261231
SAG_04291011926,1,1,1,1,1,0,0,20251007,20261231
SAG_04291011956,1,1,1,1,1,0,0,20251007,20261231
SAG_04291011958,0,0,0,0,0,1,1,20251007,20261231
SAG_04291012026,1,1,1,1,1,0,0,20251007,20261231
SAG_04291012041,0,0,0,0,0,1,1,20251007,20261231
SAG_04291012056,1,1,1,1,1,0,0,20251007,20261231
SAG_04291012126,1,1,1,1,1,0,0,20251007,20261231
SAG_04291012128,0,0,0,0,0,1,1,20251007,20261231
SAG_04291012156,1,1,1,1,1,0,0,20251007,20261231
SAG_04291012211,0,0,0,0,0,1,1,20251007,20261231
SAG_04300010735,0,0,0,0,0,1,1,20200530,20261231
SAG_04300010915,0,0,0,0,0,1,1,20200530,20261231
SAG_04300011030,0,0,0,0,0,1,1,20200530,20261231
SAG_04300011330,0,0,0,0,1,1,1,20200530,20261231
SAG_04300011445,0,0,0,0,1,1,1,20200530,20261231
SAG_04300011730,0,0,0,0,1,1,1,20200530,20261231
SAG_04300020825,0,0,0,0,1,0,0,20180101,20261231
SAG_04300021040,0,0,0,0,1,0,0,20180101,20261231
SAG_04300021355,1,1,1,1,0,0,0,20180101,20261231
SAG_04300021740,1,1,1,1,0,0,0,20180101,20261231
SAG_04301011000,0,0,0,0,0,1,1,20200530,20261231
SAG_04301011130,0,0,0,0,0,1,1,20200530,20261231
SAG_04301011245,0,0,0,0,0,1,1,20200530,20261231
SAG_04301011415,0,0,0,0,0,1,1,20200530,20261231
SAG_04301011700,0,0,0,0,1,1,1,20200530,20261231
SAG_04301011830,0,0,0,0,1,1,1,20200530,20261231
SAG_04301012030,0,0,0,0,1,1,1,20200530,20261231
SAG_04301021115,0,0,0,0,1,0,0,20180101,20261231
SAG_04301021330,0,0,0,0,1,0,0,20180101,20261231
SAG_04301021815,1,1,1,1,0,0,0,20180101,20261231
SAG_04301022030,1,1,1,1,0,0,0,20180101,20261231
SAG_04800030430,0,0,0,0,0,1,1,20250428,20261231
SAG_04800040020,0,0,0,0,0,1,1,20250428,20261231
SAG_04800040045,1,1,1,1,1,0,0,20250428,20261231
SAG_04800040150,0,0,0,0,0,1,1,20250428,20261231
SAG_04800050305,0,0,0,0,0,1,1,20250428,20261231
SAG_04800050315,1,1,1,1,0,0,0,20250428,20261231
SAG_04800060001,0,0,0,0,0,1,1,20250428,20261231
SAG_04800072310,0,0,0,0,1,1,0,20250428,20261231
SAG_04800072338,1,1,1,1,0,0,0,20250428,20261231
SAG_05000011930,1,1,1,1,1,0,0,20240902,20261231
SAG_05000020645,1,1,1,1,1,0,0,20240902,20261231
SAG_05000020845,1,1,1,1,1,0,0,20240902,20261231
SAG_05000020915,0,0,0,0,0,1,0,20240902,20261231
SAG_05000020935,0,0,0,0,0,0,1,20240902,20261231
SAG_05000021605,1,1,1,1,1,1,0,20240902,20261231
SAG_05000021820,0,0,0,0,0,0,1,20240902,20261231
SAG_05001011815,1,1,1,1,1,0,0,20240902,20261231
SAG_05001020550,1,1,1,1,1,0,0,20240902,20261231
SAG_05001020815,0,0,0,0,0,1,0,20240902,20261231
SAG_05001020830,0,0,0,0,0,0,1,20240902,20261231
SAG_05001041457,1,1,1,1,1,1,0,20240902,20261231
SAG_05001041715,0,0,0,0,0,0,1,20240902,20261231
SAG_05001050745,1,1,1,1,1,0,0,20240902,20261231
SAG_05010030800,1,1,1,1,1,0,0,20250428,20261231
SAG_05010031400,1,1,1,1,1,0,0,20250428,20261231
SAG_05010031900,1,1,1,1,1,0,0,20250428,20261231
SAG_05011030715,1,1,1,1,1,0,0,20250428,20261231
SAG_05011031315,1,1,1,1,1,0,0,20250428,20261231
SAG_05011031815,1,1,1,1,1,0,0,20250428,20261231
SAG_05020010615,0,0,0,0,1,0,0,20241202,20261231
SAG_05020010950,0,0,0,0,1,0,0,20241202,20261231
SAG_05020020615,1,1,1,1,0,0,0,20241202,20261231
SAG_05020020950,1,1,1,1,0,0,0,20241202,20261231
SAG_05020021620,1,1,1,1,1,0,0,20241202,20261231
SAG_05020021920,1,1,1,1,1,0,0,20241202,20261231
SAG_05021011100,0,0,0,0,1,0,0,20241202,20261231
SAG_05021040740,0,0,0,0,1,0,0,20241202,20261231
SAG_05021050740,1,1,1,1,0,0,0,20241202,20261231
SAG_05021061100,1,1,1,1,0,0,0,20241202,20261231
SAG_05021061730,1,1,1,1,1,0,0,20241202,20261231
SAG_05021062030,1,1,1,1,1,0,0,20241202,20261231
SAG_05220100700,1,1,1,1,1,0,0,20220613,20261231
SAG_05220111425,1,1,1,1,1,0,0,20220613,20261231
SAG_05220120805,1,1,1,1,1,0,0,20220613,20261231
SAG_05220120935,1,1,1,1,1,0,0,20220613,20261231
SAG_05220121225,1,1,1,1,1,0,0,20220613,20261231
SAG_05220121525,1,1,1,1,1,0,0,20220613,20261231
SAG_05220121655,1,1,1,1,1,0,0,20220613,20261231
SAG_05220121825,1,1,1,1,1,0,0,20220613,20261231
SAG_05221010713,1,1,1,1,1,0,0,20220613,20261231
SAG_05221021448,1,1,1,1,1,0,0,20220613,20261231
SAG_05221030822,1,1,1,1,1,0,0,20220613,20261231
SAG_05221030952,1,1,1,1,1,0,0,20220613,20261231
SAG_05221031242,1,1,1,1,1,0,0,20220613,20261231
SAG_05221031542,1,1,1,1,1,0,0,20220613,20261231
SAG_05221031712,1,1,1,1,1,0,0,20220613,20261231
SAG_05221031842,1,1,1,1,1,0,0,20220613,20261231
SAG_05230020855,1,1,1,1,1,0,0,20220613,20261231
SAG_05230021305,1,1,1,1,1,0,0,20220613,20261231
SAG_05230021605,1,1,1,1,1,0,0,20220613,20261231
SAG_05230021735,1,1,1,1,1,0,0,20220613,20261231
SAG_05231010909,1,1,1,1,1,0,0,20220613,20261231
SAG_05231011319,1,1,1,1,1,0,0,20220613,20261231
SAG_05231011619,1,1,1,1,1,0,0,20220613,20261231
SAG_05231011749,1,1,1,1,1,0,0,20220613,20261231
SAG_05820020622,1,1,1,1,1,0,0,20260103,20261231
SAG_05820020811,1,1,1,1,1,1,1,20260103,20261231
SAG_05820020938,1,1,1,1,1,0,0,20260103,20261231
SAG_05820020950,0,0,0,0,0,1,1,20260103,20261231
SAG_05820021105,1,1,1,1,1,0,0,20260103,20261231
SAG_05820021120,0,0,0,0,0,1,1,20260103,20261231
SAG_05820021129,1,1,1,1,1,0,0,20260103,20261231
SAG_05820021220,0,0,0,0,0,1,1,20260103,20261231
SAG_05820021237,1,1,1,1,1,0,0,20260103,20261231
SAG_05820021320,0,0,0,0,0,1,1,20260103,20261231
SAG_05820021336,1,1,1,1,1,0,0,20260103,20261231
SAG_05820021429,1,1,1,1,1,0,0,20260103,20261231
SAG_05820021529,1,1,1,1,1,0,0,20260103,20261231
SAG_05820021629,1,1,1,1,1,0,0,20260103,20261231
SAG_05820021729,1,1,1,1,1,0,0,20260103,20261231
SAG_05820021820,0,0,0,0,0,1,1,20260103,20261231
SAG_05820021829,1,1,1,1,1,0,0,20260103,20261231
SAG_05820021920,0,0,0,0,0,1,1,20260103,20261231
SAG_05820021929,1,1,1,1,1,0,0,20260103,20261231
SAG_05820022020,0,0,0,0,0,1,1,20260103,20261231
SAG_05820022029,1,1,1,1,1,0,0,20260103,20261231
SAG_05821020632,1,1,1,1,1,0,0,20260103,20261231
SAG_05821020821,1,1,1,1,1,1,1,20260103,20261231
SAG_05821020955,1,1,1,1,1,0,0,20260103,20261231
SAG_05821021000,0,0,0,0,0,1,1,20260103,20261231
SAG_05821021115,1,1,1,1,1,0,0,20260103,20261231
SAG_05821021130,0,0,0,0,0,1,1,20260103,20261231
SAG_05821021155,1,1,1,1,1,0,0,20260103,20261231
SAG_05821021230,0,0,0,0,0,1,1,20260103,20261231
SAG_05821021255,1,1,1,1,1,0,0,20260103,20261231
SAG_05821021330,0,0,0,0,0,1,1,20260103,20261231
SAG_05821021346,1,1,1,1,1,0,0,20260103,20261231
SAG_05821021446,1,1,1,1,1,0,0,20260103,20261231
SAG_05821021544,1,1,1,1,1,0,0,20260103,20261231
SAG_05821021644,1,1,1,1,1,0,0,20260103,20261231
SAG_05821021744,1,1,1,1,1,0,0,20260103,20261231
SAG_05821021830,0,0,0,0,0,1,1,20260103,20261231
SAG_05821021844,1,1,1,1,1,0,0,20260103,20261231
SAG_05821021930,0,0,0,0,0,1,1,20260103,20261231
SAG_05821021944,1,1,1,1,1,0,0,20260103,20261231
SAG_05821022030,0,0,0,0,0,1,1,20260103,20261231
SAG_05821022039,1,1,1,1,1,0,0,20260103,20261231
SAG_05830060642,1,1,1,1,1,1,1,20260103,20261231
SAG_05830060710,1,1,1,1,1,1,1,20260103,20261231
SAG_05830060742,1,1,1,1,1,1,1,20260103,20261231
SAG_05830060833,1,1,1,1,1,0,0,20260103,20261231
SAG_05830060840,0,0,0,0,0,1,1,20260103,20261231
SAG_05830060908,1,1,1,1,1,1,1,20260103,20261231
SAG_05830061020,0,0,0,0,0,1,1,20260103,20261231
SAG_05830061030,1,1,1,1,1,0,0,20260103,20261231
SAG_05830061050,0,0,0,0,0,1,1,20260103,20261231
SAG_05830061150,0,0,0,0,0,1,1,20260103,20261231
SAG_05830061207,1,1,1,1,1,0,0,20260103,20261231
SAG_05830061250,0,0,0,0,0,1,1,20260103,20261231
SAG_05830061307,1,1,1,1,1,0,0,20260103,20261231
SAG_05830061350,0,0,0,0,0,1,1,20260103,20261231
SAG_05830061358,1,1,1,1,1,0,0,20260103,20261231
SAG_05830061458,1,1,1,1,1,0,0,20260103,20261231
SAG_05830061558,1,1,1,1,1,0,0,20260103,20261231
SAG_05830061658,1,1,1,1,1,0,0,20260103,20261231
SAG_05830061750,0,0,0,0,0,1,1,20260103,20261231
SAG_05830061758,1,1,1,1,1,0,0,20260103,20261231
SAG_05830061850,0,0,0,0,0,1,1,20260103,20261231
SAG_05830061858,1,1,1,1,1,0,0,20260103,20261231
SAG_05830061950,0,0,0,0,0,1,1,20260103,20261231
SAG_05830061958,1,1,1,1,1,0,0,20260103,20261231
SAG_05830062041,0,0,0,0,0,1,1,20260103,20261231
SAG_05830062052,1,1,1,1,1,0,0,20260103,20261231
SAG_05830062128,1,1,1,1,1,0,0,20260103,20261231
SAG_05831060655,1,1,1,1,1,1,1,20260103,20261231
SAG_05831060723,1,1,1,1,1,1,1,20260103,20261231
SAG_05831060755,1,1,1,1,1,1,1,20260103,20261231
SAG_05831060853,1,1,1,1,1,1,1,20260103,20261231
SAG_05831060921,0,0,0,0,0,1,1,20260103,20261231
SAG_05831060923,1,1,1,1,1,0,0,20260103,20261231
SAG_05831061033,0,0,0,0,0,1,1,20260103,20261231
SAG_05831061050,1,1,1,1,1,0,0,20260103,20261231
SAG_05831061103,0,0,0,0,0,1,1,20260103,20261231
SAG_05831061203,0,0,0,0,0,1,1,20260103,20261231
SAG_05831061220,1,1,1,1,1,0,0,20260103,20261231
SAG_05831061303,0,0,0,0,0,1,1,20260103,20261231
SAG_05831061320,1,1,1,1,1,0,0,20260103,20261231
SAG_05831061403,0,0,0,0,0,1,1,20260103,20261231
SAG_05831061414,1,1,1,1,1,0,0,20260103,20261231
SAG_05831061514,1,1,1,1,1,0,0,20260103,20261231
SAG_05831061614,1,1,1,1,1,0,0,20260103,20261231
SAG_05831061714,1,1,1,1,1,0,0,20260103,20261231
SAG_05831061803,0,0,0,0,0,1,1,20260103,20261231
SAG_05831061814,1,1,1,1,1,0,0,20260103,20261231
SAG_05831061903,0,0,0,0,0,1,1,20260103,20261231
SAG_05831061914,1,1,1,1,1,0,0,20260103,20261231
SAG_05831062003,0,0,0,0,0,1,1,20260103,20261231
SAG_05831062014,1,1,1,1,1,0,0,20260103,20261231
SAG_05831062054,0,0,0,0,0,1,1,20260103,20261231
SAG_05831062105,1,1,1,1,1,0,0,20260103,20261231
SAG_05831062141,1,1,1,1,1,0,0,20260103,20261231
SAG_05910070712,1,1,1,1,1,0,0,20240909,20261231
SAG_05910071950,1,1,1,1,1,0,0,20240909,20261231
SAG_05910150745,1,1,1,1,1,0,0,20240909,20261231
SAG_05910150850,1,1,1,1,1,0,0,20240909,20261231
SAG_05910150950,1,1,1,1,1,0,0,20240909,20261231
SAG_05910151050,1,1,1,1,1,0,0,20240909,20261231
SAG_05910151150,1,1,1,1,1,0,0,20240909,20261231
SAG_05910151250,1,1,1,1,1,0,0,20240909,20261231
SAG_05910151350,1,1,1,1,1,0,0,20240909,20261231
SAG_05910151420,1,1,1,1,1,0,0,20240909,20261231
SAG_05910151550,1,1,1,1,1,0,0,20240909,20261231
SAG_05910151650,1,1,1,1,1,0,0,20240909,20261231
SAG_05910151750,1,1,1,1,1,0,0,20240909,20261231
SAG_05910151850,1,1,1,1,1,0,0,20240909,20261231
SAG_05910160820,1,1,1,1,1,0,0,20240909,20261231
SAG_05910160920,1,1,1,1,1,0,0,20240909,20261231
SAG_05910161020,1,1,1,1,1,0,0,20240909,20261231
SAG_05910161120,1,1,1,1,1,0,0,20240909,20261231
SAG_05910161220,1,1,1,1,1,0,0,20240909,20261231
SAG_05910161320,1,1,1,1,1,0,0,20240909,20261231
SAG_05910161453,1,1,1,1,1,0,0,20240909,20261231
SAG_05910161620,1,1,1,1,1,0,0,20240909,20261231
SAG_05910161720,1,1,1,1,1,0,0,20240909,20261231
SAG_05910161820,1,1,1,1,1,0,0,20240909,20261231
SAG_05910161920,1,1,1,1,1,0,0,20240909,20261231
SAG_05910171523,1,1,1,1,1,0,0,20240909,20261231
SAG_05910190736,1,1,1,1,1,0,0,20240909,20271231
SAG_05960090745,0,0,0,0,0,1,1,20220905,20261231
SAG_05960091250,1,1,1,1,1,0,0,20220905,20261231
SAG_05960091251,0,0,0,0,0,1,1,20220905,20261231
SAG_05960100720,1,1,1,1,1,0,0,20220905,20261231
SAG_05960110814,1,1,1,1,1,0,0,20220905,20261231
SAG_05960120950,1,1,1,1,1,1,1,20220905,20261231
SAG_05960121650,1,1,1,1,1,1,0,20220905,20261231
SAG_05960121950,1,1,1,1,1,1,0,20220905,20261231
SAG_05960141050,1,1,1,1,1,1,1,20220905,20261231
SAG_05960141505,1,1,1,1,1,0,0,20220905,20261231
SAG_05960141550,0,0,0,0,0,1,0,20220905,20261231
SAG_05960141750,1,1,1,1,1,1,0,20220905,20261231
SAG_05960160630,1,1,1,1,1,0,0,20220905,20261231
SAG_05960160850,1,1,1,1,1,0,0,20220905,20261231
SAG_05960161150,1,1,1,1,1,1,1,20220905,20261231
SAG_05960161450,0,0,0,0,0,1,1,20220905,20261231
SAG_05960161600,1,1,1,1,1,0,0,20220905,20261231
SAG_05960161850,0,0,0,0,0,1,0,20220905,20261231
SAG_05960162050,0,0,0,0,0,1,0,20220905,20261231
SAG_05960230845,0,0,0,0,0,1,1,20220905,20261231
SAG_05960231345,0,0,0,0,0,1,1,20220905,20261231
SAG_05960231350,1,1,1,1,1,0,0,20220905,20261231
SAG_05960231845,1,1,1,1,1,0,0,20220905,20261231
SAG_05960232045,1,1,1,1,1,0,0,20220905,20261231
SAG_05961011420,0,0,0,0,0,1,1,20220905,20261231
SAG_05961011920,1,1,1,1,1,0,0,20220905,20261231
SAG_05961011921,0,0,0,0,0,1,0,20220905,20261231
SAG_05961030747,1,1,1,1,1,0,0,20220905,20261231
SAG_05961040837,1,1,1,1,1,0,0,20220905,20261231
SAG_05961060920,1,1,1,1,1,0,0,20220905,20261231
SAG_05961060921,0,0,0,0,0,1,1,20220905,20261231
SAG_05961061120,1,1,1,1,1,0,0,20220905,20261231
SAG_05961061121,0,0,0,0,0,1,1,20220905,20261231
SAG_05961061720,1,1,1,1,1,0,0,20220905,20261231
SAG_05961061721,0,0,0,0,0,1,0,20220905,20261231
SAG_05961070820,0,0,0,0,0,1,1,20220905,20261231
SAG_05961071320,0,0,0,0,0,1,1,20220905,20261231
SAG_05961071325,1,1,1,1,1,0,0,20220905,20261231
SAG_05961071820,1,1,1,1,1,0,0,20220905,20261231
SAG_05961072020,1,1,1,1,1,0,0,20220905,20261231
SAG_05961161525,0,0,0,0,0,1,0,20220905,20261231
SAG_05961161526,0,0,0,0,0,0,1,20220905,20261231
SAG_05961161535,1,1,1,1,1,0,0,20220905,20261231
SAG_05961161820,0,0,0,0,0,1,0,20220905,20261231
SAG_05961162020,0,0,0,0,0,1,0,20220905,20261231
SAG_05961162120,1,1,1,1,1,1,0,20220905,20261231
SAG_05961220650,1,1,1,1,1,0,0,20220905,20261231
SAG_05961221020,1,1,1,1,1,0,0,20220905,20261231
SAG_05961221021,0,0,0,0,0,1,1,20220905,20261231
SAG_05961221220,1,1,1,1,1,0,0,20220905,20261231
SAG_05961221221,0,0,0,0,0,1,1,20220905,20261231
SAG_05961221620,1,1,1,1,1,0,0,20220905,20261231
SAG_05961221621,0,0,0,0,0,1,0,20220905,20261231
SAG_05961241435,1,1,1,1,1,0,0,20220905,20261231
SAG_06400010705,1,1,1,1,1,0,0,20251006,20261231
SAG_06400010715,1,1,1,1,1,0,0,20251006,20261231
SAG_06400010730,1,1,1,1,1,0,0,20251006,20261231
SAG_06400010735,0,0,0,0,0,1,1,20251006,20261231
SAG_06400010740,1,1,1,1,1,0,0,20251006,20261231
SAG_06400010755,1,1,1,1,1,0,0,20251006,20261231
SAG_06400010825,1,1,1,1,1,0,0,20251006,20261231
SAG_06400010835,1,1,1,1,1,1,1,20251006,20261231
SAG_06400010845,1,1,1,1,1,0,0,20251006,20261231
SAG_06400010935,0,0,0,0,0,1,1,20251006,20261231
SAG_06400010940,1,1,1,1,1,0,0,20251006,20261231
SAG_06400011005,1,1,1,1,1,0,0,20251006,20261231
SAG_06400011035,0,0,0,0,0,1,1,20251006,20261231
SAG_06400011040,1,1,1,1,1,0,0,20251006,20261231
SAG_06400011110,1,1,1,1,1,0,0,20251006,20261231
SAG_06400011135,0,0,0,0,0,1,1,20251006,20261231
SAG_06400011205,0,0,0,0,0,1,1,20251006,20261231
SAG_06400011210,1,1,1,1,1,0,0,20251006,20261231
SAG_06400011240,1,1,1,1,1,0,0,20251006,20261231
SAG_06400011305,0,0,0,0,0,1,1,20251006,20261231
SAG_06400011405,1,1,1,1,1,0,0,20251006,20261231
SAG_06400011406,0,0,0,0,0,1,1,20251006,20261231
SAG_06400011435,1,1,1,1,1,0,0,20251006,20261231
SAG_06400011505,1,1,1,1,1,0,0,20251006,20261231
SAG_06400011506,0,0,0,0,0,1,1,20251006,20261231
SAG_06400011535,1,1,1,1,1,0,0,20251006,20261231
SAG_06400011605,0,0,0,0,0,1,1,20251006,20261231
SAG_06400011620,1,1,1,1,1,0,0,20251006,20261231
SAG_06400011635,1,1,1,1,1,0,0,20251006,20261231
SAG_06400011705,1,1,1,1,1,0,0,20251006,20261231
SAG_06400011706,0,0,0,0,0,1,1,20251006,20261231
SAG_06400011720,1,1,1,1,1,0,0,20251006,20261231
SAG_06400011735,1,1,1,1,1,0,0,20251006,20261231
SAG_06400011805,1,1,1,1,1,0,0,20251006,20261231
SAG_06400011806,0,0,0,0,0,1,1,20251006,20261231
SAG_06400011820,1,1,1,1,1,0,0,20251006,20261231
SAG_06400011905,1,1,1,1,1,0,0,20251006,20261231
SAG_06400011906,0,0,0,0,0,1,1,20251006,20261231
SAG_06400011935,1,1,1,1,1,0,0,20251006,20261231
SAG_06400012020,1,1,1,1,1,0,0,20251006,20261231
SAG_06400012035,1,1,1,1,1,0,0,20251006,20261231
SAG_06400012135,1,1,1,1,1,0,0,20251006,20261231
SAG_06401010700,0,0,0,0,0,1,1,20251006,20261231
SAG_06401010735,1,1,1,1,1,0,0,20251006,20261231
SAG_06401010750,1,1,1,1,1,0,0,20251006,20261231
SAG_06401010800,1,1,1,1,1,1,1,20251006,20261231
SAG_06401010810,1,1,1,1,1,0,0,20251006,20261231
SAG_06401010825,1,1,1,1,1,0,0,20251006,20261231
SAG_06401010850,1,1,1,1,1,0,0,20251006,20261231
SAG_06401010900,0,0,0,0,0,1,1,20251006,20261231
SAG_06401010905,1,1,1,1,1,0,0,20251006,20261231
SAG_06401010915,1,1,1,1,1,0,0,20251006,20261231
SAG_06401011000,0,0,0,0,0,1,1,20251006,20261231
SAG_06401011005,1,1,1,1,1,0,0,20251006,20261231
SAG_06401011035,1,1,1,1,1,0,0,20251006,20261231
SAG_06401011100,0,0,0,0,0,1,1,20251006,20261231
SAG_06401011105,1,1,1,1,1,0,0,20251006,20261231
SAG_06401011135,1,1,1,1,1,0,0,20251006,20261231
SAG_06401011200,0,0,0,0,0,1,1,20251006,20261231
SAG_06401011230,0,0,0,0,0,1,1,20251006,20261231
SAG_06401011235,1,1,1,1,1,0,0,20251006,20261231
SAG_06401011305,1,1,1,1,1,0,0,20251006,20261231
SAG_06401011330,0,0,0,0,0,1,1,20251006,20261231
SAG_06401011430,1,1,1,1,1,0,0,20251006,20261231
SAG_06401011431,0,0,0,0,0,1,1,20251006,20261231
SAG_06401011500,1,1,1,1,1,0,0,20251006,20261231
SAG_06401011530,1,1,1,1,1,0,0,20251006,20261231
SAG_06401011531,0,0,0,0,0,1,1,20251006,20261231
SAG_06401011600,1,1,1,1,1,0,0,20251006,20261231
SAG_06401011630,0,0,0,0,0,1,1,20251006,20261231
SAG_06401011645,1,1,1,1,1,0,0,20251006,20261231
SAG_06401011700,1,1,1,1,1,0,0,20251006,20261231
SAG_06401011730,1,1,1,1,1,0,0,20251006,20261231
SAG_06401011731,0,0,0,0,0,1,1,20251006,20261231
SAG_06401011745,1,1,1,1,1,0,0,20251006,20261231
SAG_06401011800,1,1,1,1,1,0,0,20251006,20261231
SAG_06401011830,1,1,1,1,1,0,0,20251006,20261231
SAG_06401011831,0,0,0,0,0,1,1,20251006,20261231
SAG_06401011845,1,1,1,1,1,0,0,20251006,20261231
SAG_06401011930,1,1,1,1,1,0,0,20251006,20261231
SAG_06401011931,0,0,0,0,0,1,1,20251006,20261231
SAG_06401012000,1,1,1,1,1,0,0,20251006,20261231
SAG_06401012045,1,1,1,1,1,0,0,20251006,20261231
SAG_06401012100,1,1,1,1,1,0,0,20251006,20261231
SAG_06401012200,1,1,1,1,1,0,0,20251006,20261231
SAG_06410010930,0,0,0,1,0,0,0,20180101,20261231
SAG_06411011200,0,0,0,1,0,0,0,20180101,20261231
SAG_06420050805,0,0,0,0,0,1,1,20251006,20261231
SAG_06420050810,1,1,1,1,1,0,0,20251006,20261231
SAG_06420050900,1,1,1,1,1,0,0,20251006,20261231
SAG_06420050925,1,1,1,1,1,0,0,20251006,20261231
SAG_06420050950,1,1,1,1,1,0,0,20251006,20261231
SAG_06420051005,0,0,0,0,0,1,1,20251006,20261231
SAG_06420051055,1,1,1,1,1,0,0,20251006,20261231
SAG_06420051140,1,1,1,1,1,0,0,20251006,20261231
SAG_06420051235,0,0,0,0,0,1,1,20251006,20261231
SAG_06420051310,1,1,1,1,1,0,0,20251006,20261231
SAG_06420051340,1,1,1,1,1,0,0,20251006,20261231
SAG_06420051435,0,0,0,0,0,1,1,20251006,20261231
SAG_06420051522,1,1,1,1,1,0,0,20251006,20261231
SAG_06420051605,1,1,1,1,1,0,0,20251006,20261231
SAG_06420051635,0,0,0,0,0,1,1,20251006,20261231
SAG_06420051750,1,1,1,1,1,0,0,20251006,20261231
SAG_06420051835,1,1,1,1,1,0,0,20251006,20261231
SAG_06420051836,0,0,0,0,0,1,1,20251006,20261231
SAG_06420051920,1,1,1,1,1,0,0,20251006,20261231
SAG_06420052005,1,1,1,1,1,0,0,20251006,20261231
SAG_06420052006,0,0,0,0,0,1,1,20251006,20261231
SAG_06420052035,0,0,0,0,0,1,1,20251006,20261231
SAG_06420052105,1,1,1,1,1,0,0,20251006,20261231
SAG_06420052120,1,1,1,1,1,0,0,20251006,20261231
SAG_06420052235,1,1,1,1,1,0,0,20251006,20261231
SAG_06421050608,1,1,1,1,1,0,0,20251006,20261231
SAG_06421050618,1,1,1,1,1,0,0,20251006,20261231
SAG_06421050628,1,1,1,1,1,0,0,20251006,20261231
SAG_06421050643,1,1,1,1,1,0,0,20251006,20261231
SAG_06421050658,1,1,1,1,1,0,0,20251006,20261231
SAG_06421050708,0,0,0,0,0,1,1,20251006,20261231
SAG_06421050908,1,1,1,1,1,0,0,20251006,20261231
SAG_06421050909,0,0,0,0,0,1,1,20251006,20261231
SAG_06421050958,1,1,1,1,1,0,0,20251006,20261231
SAG_06421051108,0,0,0,0,0,1,1,20251006,20261231
SAG_06421051143,1,1,1,1,1,0,0,20251006,20261231
SAG_06421051308,1,1,1,1,1,0,0,20251006,20261231
SAG_06421051338,1,1,1,1,1,0,0,20251006,20261231
SAG_06421051339,0,0,0,0,0,1,1,20251006,20261231
SAG_06421051425,1,1,1,1,1,0,0,20251006,20261231
SAG_06421051523,1,1,1,1,1,0,0,20251006,20261231
SAG_06421051538,0,0,0,0,0,1,1,20251006,20261231
SAG_06421051608,1,1,1,1,1,0,0,20251006,20261231
SAG_06421051653,1,1,1,1,1,0,0,20251006,20261231
SAG_06421051738,0,0,0,0,0,1,1,20251006,20261231
SAG_06421051838,1,1,1,1,1,0,0,20251006,20261231
SAG_06421051923,1,1,1,1,1,0,0,20251006,20261231
SAG_06421051938,0,0,0,0,0,1,1,20251006,20261231
SAG_06421052008,1,1,1,1,1,0,0,20251006,20261231
SAG_06440022258,1,1,1,1,1,0,0,20251006,20261231
SAG_06441022205,1,1,1,1,1,0,0,20251006,20261231
SAG_06460010730,1,1,1,1,1,0,0,20210104,20261231
SAG_06460010830,1,1,1,1,1,0,0,20210104,20261231
SAG_06460010930,1,1,1,1,1,0,0,20210104,20261231
SAG_06460011030,1,1,1,1,1,0,0,20210104,20261231
SAG_06460011130,1,1,1,1,1,0,0,20220905,20261231
SAG_06460011230,1,1,1,1,1,0,0,20220905,20261231
SAG_06460011330,1,1,1,1,1,0,0,20220905,20261231
SAG_06460011430,1,1,1,1,1,0,0,20220905,20261231
SAG_06460011515,1,1,1,1,1,0,0,20220905,20261231
SAG_06460011715,1,1,1,1,1,0,0,20220905,20261231
SAG_06460011915,1,1,1,1,1,0,0,20220905,20261231
SAG_06460012115,1,1,1,1,1,0,0,20220905,20261231
SAG_06460020640,1,1,1,1,1,0,0,20210104,20261231
SAG_06480010715,1,1,1,1,1,0,0,20250701,20261231
SAG_06480010730,1,1,1,1,1,0,0,20250701,20261231
SAG_06480010755,1,1,1,1,1,0,0,20250701,20261231
SAG_06480010815,1,1,1,1,1,0,0,20250701,20261231
SAG_06480010830,1,1,1,1,1,0,0,20250701,20261231
SAG_06480010845,1,1,1,1,1,0,0,20250701,20261231
SAG_06480010900,1,1,1,1,1,0,0,20250701,20261231
SAG_06480010925,1,1,1,1,1,0,0,20250701,20261231
SAG_06480010945,1,1,1,1,1,0,0,20250701,20261231
SAG_06480010946,0,0,0,0,0,1,0,20220307,20261231
SAG_06480011000,1,1,1,1,1,0,0,20250701,20261231
SAG_06480011015,1,1,1,1,1,0,0,20250701,20261231
SAG_06480011100,1,1,1,1,1,0,0,20250701,20261231
SAG_06480011115,0,0,0,0,0,1,0,20220307,20261231
SAG_06480011145,1,1,1,1,1,0,0,20250701,20261231
SAG_06480011230,1,1,1,1,1,0,0,20250701,20261231
SAG_06480011315,1,1,1,1,1,0,0,20250701,20261231
SAG_06480011345,1,1,1,1,1,0,0,20250701,20261231
SAG_06480011415,1,1,1,1,1,0,0,20250701,20261231
SAG_06480011445,1,1,1,1,1,0,0,20250701,20261231
SAG_06480011515,1,1,1,1,1,0,0,20250701,20261231
SAG_06480011545,1,1,1,1,1,0,0,20250701,20261231
SAG_06480011615,1,1,1,1,1,0,0,20250701,20261231
SAG_06480011645,1,1,1,1,1,0,0,20250701,20261231
SAG_06480011715,1,1,1,1,1,0,0,20250701,20261231
SAG_06480011745,1,1,1,1,1,0,0,20250701,20261231
SAG_06480011746,0,0,0,0,0,1,0,20220307,20261231
SAG_06480011815,1,1,1,1,1,0,0,20250701,20261231
SAG_06480011845,1,1,1,1,1,0,0,20250701,20261231
SAG_06480011915,1,1,1,1,1,0,0,20250701,20261231
SAG_06480011916,0,0,0,0,0,1,0,20220307,20261231
SAG_06480011945,1,1,1,1,1,0,0,20250701,20261231
SAG_06480012015,1,1,1,1,1,0,0,20250701,20261231
SAG_06480012045,0,0,0,0,0,1,0,20220307,20261231
SAG_06480012100,1,1,1,1,1,0,0,20250701,20261231
SAG_06480012145,1,1,1,1,1,0,0,20250701,20261231
SAG_06481010630,1,1,1,1,1,0,0,20250701,20261231
SAG_06481010645,1,1,1,1,1,0,0,20250701,20261231
SAG_06481010710,1,1,1,1,1,0,0,20250701,20261231
SAG_06481010730,1,1,1,1,1,0,0,20250701,20261231
SAG_06481010745,1,1,1,1,1,0,0,20250701,20261231
SAG_06481010800,1,1,1,1,1,0,0,20250701,20261231
SAG_06481010815,1,1,1,1,1,0,0,20250701,20261231
SAG_06481010840,1,1,1,1,1,0,0,20250701,20261231
SAG_06481010900,1,1,1,1,1,0,0,20250701,20261231
SAG_06481010901,0,0,0,0,0,1,0,20220307,20261231
SAG_06481010915,1,1,1,1,1,0,0,20250701,20261231
SAG_06481010930,1,1,1,1,1,0,0,20250701,20261231
SAG_06481011015,1,1,1,1,1,0,0,20250701,20261231
SAG_06481011030,0,0,0,0,0,1,0,20220307,20261231
SAG_06481011100,1,1,1,1,1,0,0,20250701,20261231
SAG_06481011145,1,1,1,1,1,0,0,20250701,20261231
SAG_06481011230,1,1,1,1,1,0,0,20250701,20261231
SAG_06481011300,1,1,1,1,1,0,0,20250701,20261231
SAG_06481011330,1,1,1,1,1,0,0,20250701,20261231
SAG_06481011400,1,1,1,1,1,0,0,20250701,20261231
SAG_06481011430,1,1,1,1,1,0,0,20250701,20261231
SAG_06481011500,1,1,1,1,1,0,0,20250701,20261231
SAG_06481011530,1,1,1,1,1,0,0,20250701,20261231
SAG_06481011600,1,1,1,1,1,0,0,20250701,20261231
SAG_06481011630,1,1,1,1,1,0,0,20250701,20261231
SAG_06481011700,1,1,1,1,1,0,0,20250701,20261231
SAG_06481011701,0,0,0,0,0,1,0,20220307,20261231
SAG_06481011730,1,1,1,1,1,0,0,20250701,20261231
SAG_06481011800,1,1,1,1,1,0,0,20250701,20261231
SAG_06481011830,0,0,0,0,0,1,0,20220307,20261231
SAG_06481011831,1,1,1,1,1,0,0,20250701,20261231
SAG_06481011900,1,1,1,1,1,0,0,20250701,20261231
SAG_06481011930,1,1,1,1,1,0,0,20250701,20261231
SAG_06481012000,0,0,0,0,0,1,0,20220307,20261231
SAG_06481012015,1,1,1,1,1,0,0,20250701,20261231
SAG_06481012100,1,1,1,1,1,0,0,20250701,20261231
SAG_06490020700,1,1,1,1,1,0,0,20241104,20261231
SAG_06490020845,1,1,1,1,1,0,0,20241104,20261231
SAG_06490021030,1,1,1,1,1,0,0,20241104,20261231
SAG_06490021215,1,1,1,1,1,0,0,20241104,20261231
SAG_06490021400,1,1,1,1,1,0,0,20241104,20261231
SAG_06490021545,1,1,1,1,1,0,0,20241104,20261231
SAG_06490021730,1,1,1,1,1,0,0,20241104,20261231
SAG_06900010715,1,1,1,1,1,0,0,20180101,20261231
SAG_06900010745,1,1,1,1,1,0,0,20180101,20261231
SAG_06900010815,1,1,1,1,1,1,0,20180101,20261231
SAG_06900010845,1,1,1,1,1,1,0,20180101,20261231
SAG_06900010915,1,1,1,1,1,1,0,20180101,20261231
SAG_06900010945,1,1,1,1,1,1,0,20180101,20261231
SAG_06900011015,1,1,1,1,1,1,0,20180101,20261231
SAG_06900011045,1,1,1,1,1,1,0,20180101,20261231
SAG_06900011115,1,1,1,1,1,1,0,20180101,20261231
SAG_06900011145,1,1,1,1,1,1,0,20180101,20261231
SAG_06900011215,1,1,1,1,1,1,0,20180101,20261231
SAG_06900011245,1,1,1,1,1,1,0,20180101,20261231
SAG_06900011315,1,1,1,1,1,1,0,20180101,20261231
SAG_06900011345,1,1,1,1,1,1,0,20180101,20261231
SAG_06900011415,1,1,1,1,1,0,0,20180101,20261231
SAG_06900011445,1,1,1,1,1,0,0,20180101,20261231
SAG_06900011530,1,1,1,1,1,0,0,20180101,20261231
SAG_06900011615,1,1,1,1,1,0,0,20180101,20261231
SAG_06900011645,1,1,1,1,1,0,0,20180101,20261231
SAG_06900011815,1,1,1,1,1,0,0,20180101,20261231
SAG_06900011845,1,1,1,1,1,0,0,20180101,20261231
SAG_06900012015,1,1,1,1,1,0,0,20180101,20261231
SAG_06900012045,1,1,1,1,1,0,0,20180101,20261231
SAG_06901010700,1,1,1,1,1,0,0,20180101,20261231
SAG_06901010730,1,1,1,1,1,0,0,20180101,20261231
SAG_06901010800,1,1,1,1,1,1,0,20180101,20261231
SAG_06901010830,1,1,1,1,1,1,0,20180101,20261231
SAG_06901010900,1,1,1,1,1,1,0,20180101,20261231
SAG_06901010930,1,1,1,1,1,1,0,20180101,20261231
SAG_06901011000,1,1,1,1,1,1,0,20180101,20261231
SAG_06901011030,1,1,1,1,1,1,0,20180101,20261231
SAG_06901011100,1,1,1,1,1,1,0,20180101,20261231
SAG_06901011130,1,1,1,1,1,1,0,20180101,20261231
SAG_06901011200,1,1,1,1,1,1,0,20180101,20261231
SAG_06901011230,1,1,1,1,1,1,0,20180101,20261231
SAG_06901011300,1,1,1,1,1,1,0,20180101,20261231
SAG_06901011330,1,1,1,1,1,1,0,20180101,20261231
SAG_06901011400,1,1,1,1,1,0,0,20180101,20261231
SAG_06901011430,1,1,1,1,1,0,0,20180101,20261231
SAG_06901011500,1,1,1,1,1,0,0,20180101,20261231
SAG_06901011545,1,1,1,1,1,0,0,20180101,20261231
SAG_06901011630,1,1,1,1,1,0,0,20180101,20261231
SAG_06901011700,1,1,1,1,1,0,0,20180101,20261231
SAG_06901011830,1,1,1,1,1,0,0,20180101,20261231
SAG_06901011900,1,1,1,1,1,0,0,20180101,20261231
SAG_06901012030,1,1,1,1,1,0,0,20180101,20261231
SAG_06901012100,1,1,1,1,1,0,0,20180101,20261231
SUR_1,1,1,1,1,1,0,0,20260827,20271231
SUR_2,0,0,0,0,0,1,0,20260827,20271231
SUR_3,1,1,1,1,1,1,0,20270623,20270905
TAR_2195_0,0,0,0,1,1,1,1,20250929,20261231
TAR_2195_1,0,0,0,1,1,1,1,20250929,20261231
TAR_2195_2,0,0,0,1,1,1,1,20250929,20261231
TAR_2196_0,0,0,0,1,1,1,1,20250929,20261231
TAR_2196_1,0,0,0,1,1,1,1,20250929,20261231
TAR_2196_2,0,0,0,1,1,1,1,20250929,20261231
TAR_2197_0,0,0,0,1,1,1,1,20250929,20261231
TAR_2197_1,0,0,0,1,1,1,1,20250929,20261231
TAR_2197_2,0,0,0,1,1,1,1,20250929,20261231
TAR_2198_0,1,1,1,1,1,0,0,20250908,20261231
TAR_2198_1,0,0,0,0,0,1,0,20250908,20261231
TAR_2198_2,0,0,0,0,0,0,1,20250908,20261231
TAR_2239_0,1,1,1,1,1,0,0,20250922,20261231
TAR_2239_1,0,0,0,0,0,1,0,20250922,20261231
TAR_2239_2,0,0,0,0,0,0,1,20250922,20261231
TAR_2240_0,1,1,1,1,1,0,0,20251222,20261231
TAR_2240_1,0,0,0,0,0,1,0,20251222,20261231
TAR_2240_2,0,0,0,0,0,0,1,20251222,20261231
TAR_2247_0,1,1,1,1,1,0,0,20251226,20261231
TAR_2247_1,0,0,0,0,0,1,0,20251226,20261231
TAR_2247_2,0,0,0,0,0,0,1,20251226,20261231
TAR_2254_0,1,1,1,1,1,0,0,20251226,20261231
TAR_2254_1,0,0,0,0,0,1,0,20251226,20261231
TAR_2254_2,0,0,0,0,0,0,1,20251226,20261231
TAR_2260_0,1,1,1,1,1,0,0,20251226,20261231
TAR_2260_1,0,0,0,0,0,1,0,20251226,20261231
TAR_2260_2,0,0,0,0,0,0,1,20251226,20261231
TAR_2267_0,1,1,1,1,1,0,0,20251226,20261231
TAR_2267_1,0,0,0,0,0,1,0,20251226,20261231
TAR_2267_2,0,0,0,0,0,0,1,20251226,20261231
TAR_2274_0,1,1,1,1,1,0,0,20251226,20261231
TAR_2274_1,0,0,0,0,0,1,0,20251226,20261231
TAR_2274_2,0,0,0,0,0,0,1,20251226,20261231
TAR_2280_0,1,1,1,1,1,0,0,20251226,20261231
TAR_2280_1,0,0,0,0,0,1,0,20251226,20261231
TAR_2280_2,0,0,0,0,0,0,1,20251226,20261231
TAR_2285_0,1,1,1,1,1,0,0,20251226,20261231
TAR_2285_1,0,0,0,0,0,1,0,20251226,20261231
TAR_2285_2,0,0,0,0,0,0,1,20251226,20261231
TAR_2290_0,1,1,1,1,1,0,0,20251226,20261231
TAR_2290_1,0,0,0,0,0,1,0,20251226,20261231
TAR_2290_2,0,0,0,0,0,0,1,20251226,20261231
TAR_2296_0,1,1,1,1,1,0,0,20251226,20261231
TAR_2296_1,0,0,0,0,0,1,0,20251226,20261231
TAR_2296_2,0,0,0,0,0,0,1,20251226,20261231
TAR_2302_0,1,1,1,1,1,0,0,20251226,20261231
TAR_2302_1,0,0,0,0,0,1,0,20251226,20261231
TAR_2302_2,0,0,0,0,0,0,1,20251226,20261231
TAR_2308_0,1,1,1,1,1,0,0,20251226,20261231
TAR_2308_1,0,0,0,0,0,1,0,20251226,20261231
TAR_2308_2,0,0,0,0,0,0,1,20251226,20261231
TAR_2312_0,1,1,1,1,1,0,0,20251225,20261231
TAR_2312_1,0,0,0,0,0,1,0,20251225,20261231
TAR_2312_2,0,0,0,0,0,0,1,20251225,20261231
TAR_2321_0,1,1,1,1,1,0,0,20251226,20261231
TAR_2321_1,0,0,0,0,0,1,0,20251226,20261231
TAR_2321_2,0,0,0,0,0,0,1,20251226,20261231
TAR_2326_0,1,1,1,1,1,0,0,20251226,20261231
TAR_2326_1,0,0,0,0,0,1,0,20251226,20261231
TAR_2326_2,0,0,0,0,0,0,1,20251226,20261231
TAR_2332_0,1,1,1,1,1,0,0,20251226,20261231
TAR_2332_1,0,0,0,0,0,1,0,20251226,20261231
TAR_2332_2,0,0,0,0,0,0,1,20251226,20261231
TGO_C6_LMMJV_ALL,1,1,1,1,1,0,0,20260801,20270731
TGO_D-M3,0,0,0,0,0,0,1,20260801,20270731
TGO_DD,0,0,0,0,0,1,1,20260801,20270731
TGO_DF,0,0,0,0,0,0,1,20260801,20270731
TGO_L59A_ESPECIAL,0,0,0,0,1,0,0,20270326,20270326
TGO_L59_LMXJV_FEIN,1,1,1,1,1,0,0,20260801,20270731
TGO_L66_LMMJV,1,1,1,1,1,0,0,20260901,20270731
TGO_L67_LMMJV,1,1,1,1,1,0,0,20260801,20270731
TGO_L67_SD,0,0,0,0,0,1,1,20260801,20270731
TGO_LMXJV,1,1,1,1,1,0,0,20260801,20270731
TGO_LMXJV-A,1,1,1,1,1,0,0,20260801,20260831
TGO_LMXJV-EE,1,1,1,1,1,0,0,20260907,20270621
TGO_LMXJV-J,1,1,1,1,1,0,0,20270709,20270731
TGO_LMXJV-M3,1,1,1,1,1,0,0,20260901,20270731
TGO_LMXJV-M3-Agost,1,1,1,1,1,0,0,20260801,20260831
TGO_LMXJV-NL-Abr,1,1,1,1,1,0,0,20270322,20270329
TGO_LMXJV-NL-Dec,1,1,1,1,1,0,0,20261223,20270108
TGO_LMXJV-NL-Estiu,1,1,1,1,1,0,0,20270622,20270731
TGO_LMXJV-NL-Set,1,1,1,1,1,0,0,20260901,20260906
TGO_LMXJV-SJ,1,1,1,1,1,0,0,20260901,20270731
TGO_LMXJVS,1,1,1,1,1,1,0,20260801,20270731
TGO_LMXJVSD,1,1,1,1,1,1,1,20260801,20270731
TGO_LMXJVS_JA,1,1,1,1,1,1,0,20270701,20270831
TGO_M1-LMXJV,1,1,1,1,1,0,0,20260901,20270708
TGO_M1-LMXJV-ENU-Abr,1,1,1,1,1,0,0,20270322,20270329
TGO_M1-LMXJV-ENU-Dec,1,1,1,1,1,0,0,20261223,20270106
TGO_M1-LMXJV-ENU-Set,1,1,1,1,1,0,0,20260901,20260906
TGO_M1-LMXJV-EU,1,1,1,1,1,0,0,20260907,20270708
TGO_M1-LMXJV-NL,0,0,0,0,0,0,0,20260901,20270630
TGO_M12-LMXJV,1,1,1,1,1,0,0,20260801,20270731
TGO_M2-LMXJV,1,1,1,1,1,0,0,20260801,20270731
TGO_M2-S,0,0,0,0,0,1,0,20260801,20270731
TGO_M6-LMXJV,1,1,1,1,1,0,0,20260801,20270731
TGO_M6-LMXJV-EE,1,1,1,1,1,0,0,20260907,20270621
TGO_M6-LMXJV-Estiu,1,1,1,1,1,0,0,20260801,20260906
TGO_M6-LMXJV-NL,0,0,0,0,0,0,0,20260901,20270621
TGO_M6-LMXJVS,1,1,1,1,1,1,0,20260801,20270731
TGO_M6-S,0,0,0,0,0,1,0,20260901,20270831
TGO_M7-LMXJVS_SJ,1,1,1,1,1,1,0,20260901,20270630
TGO_S-M3,0,0,0,0,0,1,0,20260801,20270731
TMB_1.9900.146,1,1,1,1,1,0,0,20261101,20270327
TMB_1.9900.147,0,0,0,0,0,1,1,20261101,20270327
TMB_1.9900.64,1,1,1,1,1,0,0,20260921,20261031
TMB_1.9900.65,0,0,0,0,0,1,1,20260921,20261031
TOR_1,1,1,1,1,1,1,1,20241017,20261231
TOR_2,1,1,1,1,1,0,0,20241017,20261231
TOR_3,0,1,0,1,0,0,0,20241017,20261231
TOR_4,1,1,1,1,1,1,1,20241017,20261231
TOR_5,1,1,1,1,1,1,1,20241017,20261231
TOR_6,1,0,1,0,1,0,0,20241017,20261231
TRD_Dilluns a divendres (estiu 2025),1,1,1,1,1,0,0,20250806,20250930
TRD_Dilluns a divendres (estiu 2026),1,1,1,1,1,0,0,20260601,20260930
TRD_Dilluns a divendres (laborables),1,1,1,1,1,0,0,20250806,20261231
TTS_1,1,1,1,1,1,1,1,20260825,20270831
TTS_2,1,1,1,1,1,0,0,20260825,20270831
TTS_3,1,1,1,1,1,0,0,20260825,20270831
TTS_4,0,0,0,0,0,1,0,20260825,20270831
TTS_5,0,0,0,0,0,1,0,20260825,20270831
TTS_6,1,1,1,1,1,1,1,20260825,20270831
VAL_1,1,1,1,1,1,0,0,20251217,20261231
VAL_2,0,0,0,0,0,1,0,20251217,20261231
VAL_3,1,1,1,1,1,0,0,20251217,20261231
VAL_4,1,1,1,1,1,0,0,20251217,20261231
VFP_dg,0,0,0,0,0,0,1,20211101,20220401
VFP_diss,0,0,0,0,0,1,0,20260219,20261231
VFP_feiner,1,1,1,1,1,0,0,20260219,20261231
VHI_1,1,1,1,1,1,0,0,20241104,20261231
VHI_2,0,0,0,0,0,1,0,20241104,20261231
VIC_09710010620,1,1,1,1,1,1,0,20250908,20261231
VIC_09710010700,1,1,1,1,1,1,0,20250908,20261231
VIC_09710010740,1,1,1,1,1,1,0,20250908,20261231
VIC_09710010820,1,1,1,1,1,1,0,20250908,20261231
VIC_09710010900,1,1,1,1,1,1,0,20250908,20261231
VIC_09710010940,1,1,1,1,1,1,0,20250908,20261231
VIC_09710011020,1,1,1,1,1,1,0,20250908,20261231
VIC_09710011100,1,1,1,1,1,1,0,20250908,20261231
VIC_09710011140,1,1,1,1,1,1,0,20250908,20261231
VIC_09710011220,1,1,1,1,1,1,0,20250908,20261231
VIC_09710011300,1,1,1,1,1,1,0,20250908,20261231
VIC_09710011340,1,1,1,1,1,1,0,20250908,20261231
VIC_09710011420,1,1,1,1,1,1,0,20250908,20261231
VIC_09710011500,1,1,1,1,1,1,0,20250908,20261231
VIC_09710011540,1,1,1,1,1,1,0,20250908,20261231
VIC_09710011620,1,1,1,1,1,1,0,20250908,20261231
VIC_09710011700,1,1,1,1,1,1,0,20250908,20261231
VIC_09710011740,1,1,1,1,1,1,0,20250908,20261231
VIC_09710011820,1,1,1,1,1,1,0,20250908,20261231
VIC_09710011900,1,1,1,1,1,1,0,20250908,20261231
VIC_09710011940,1,1,1,1,1,1,0,20250908,20261231
VIC_09710012020,1,1,1,1,1,1,0,20250908,20261231
VIC_09710012100,1,1,1,1,1,1,0,20250908,20261231
VIC_09720010620,1,1,1,1,1,1,0,20250908,20261231
VIC_09720010700,1,1,1,1,1,1,0,20250908,20261231
VIC_09720010740,1,1,1,1,1,1,0,20250908,20261231
VIC_09720010820,1,1,1,1,1,1,0,20250908,20261231
VIC_09720010900,1,1,1,1,1,1,0,20250908,20261231
VIC_09720010940,1,1,1,1,1,1,0,20250908,20261231
VIC_09720011020,1,1,1,1,1,1,0,20250908,20261231
VIC_09720011100,1,1,1,1,1,1,0,20250908,20261231
VIC_09720011140,1,1,1,1,1,1,0,20250908,20261231
VIC_09720011220,1,1,1,1,1,1,0,20250908,20261231
VIC_09720011300,1,1,1,1,1,1,0,20250908,20261231
VIC_09720011340,1,1,1,1,1,1,0,20250908,20261231
VIC_09720011420,1,1,1,1,1,1,0,20250908,20261231
VIC_09720011500,1,1,1,1,1,1,0,20250908,20261231
VIC_09720011540,1,1,1,1,1,1,0,20250908,20261231
VIC_09720011620,1,1,1,1,1,1,0,20250908,20261231
VIC_09720011700,1,1,1,1,1,1,0,20250908,20261231
VIC_09720011740,1,1,1,1,1,1,0,20250908,20261231
VIC_09720011820,1,1,1,1,1,1,0,20250908,20261231
VIC_09720011900,1,1,1,1,1,1,0,20250908,20261231
VIC_09720011940,1,1,1,1,1,1,0,20250908,20261231
VIC_09720012020,1,1,1,1,1,1,0,20250908,20261231
VIC_09720012100,1,1,1,1,1,1,0,20250908,20261231
VIC_09730010620,1,1,1,1,1,1,0,20250908,20261231
VIC_09730010700,1,1,1,1,1,1,0,20250908,20261231
VIC_09730010740,1,1,1,1,1,1,0,20250908,20261231
VIC_09730010820,1,1,1,1,1,1,0,20250908,20261231
VIC_09730010900,1,1,1,1,1,1,0,20250908,20261231
VIC_09730010940,1,1,1,1,1,1,0,20250908,20261231
VIC_09730011020,1,1,1,1,1,1,0,20250908,20261231
VIC_09730011100,1,1,1,1,1,1,0,20250908,20261231
VIC_09730011140,1,1,1,1,1,1,0,20250908,20261231
VIC_09730011220,1,1,1,1,1,1,0,20250908,20261231
VIC_09730011300,1,1,1,1,1,1,0,20250908,20261231
VIC_09730011340,1,1,1,1,1,1,0,20250908,20261231
VIC_09730011500,1,1,1,1,1,1,0,20250908,20261231
VIC_09730011540,1,1,1,1,1,1,0,20250908,20261231
VIC_09730011620,1,1,1,1,1,1,0,20250908,20261231
VIC_09730011700,1,1,1,1,1,1,0,20250908,20261231
VIC_09730011740,1,1,1,1,1,1,0,20250908,20261231
VIC_09730011820,1,1,1,1,1,1,0,20250908,20261231
VIC_09730011900,1,1,1,1,1,1,0,20250908,20261231
VIC_09730011940,1,1,1,1,1,1,0,20250908,20261231
VIC_09730012020,1,1,1,1,1,1,0,20250908,20261231
VIC_09730012100,1,1,1,1,1,1,0,20250908,20261231
VIC_09730021420,1,1,1,1,1,0,0,20250908,20271231
VIC_09740010625,1,1,1,1,1,1,0,20250908,20261231
VIC_09740010705,1,1,1,1,1,1,0,20250908,20261231
VIC_09740010805,1,1,1,1,1,1,0,20250908,20261231
VIC_09740010905,1,1,1,1,1,1,0,20250908,20261231
VIC_09740011005,1,1,1,1,1,1,0,20250908,20261231
VIC_09740011105,1,1,1,1,1,1,0,20250908,20261231
VIC_09740011205,1,1,1,1,1,1,0,20250908,20261231
VIC_09740011305,1,1,1,1,1,1,0,20250908,20261231
VIC_09740011510,1,1,1,1,1,1,0,20250908,20261231
VIC_09740011610,1,1,1,1,1,1,0,20250908,20261231
VIC_09740011735,1,1,1,1,1,1,0,20250908,20261231
VIC_09740011835,1,1,1,1,1,1,0,20250908,20261231
VIC_09740011935,1,1,1,1,1,1,0,20250908,20261231
VIC_09740012035,1,1,1,1,1,1,0,20250908,20261231
VIC_09760010945,0,0,0,0,0,1,0,20200914,20261231
VIC_09760011115,1,1,1,1,1,0,0,20210101,20261231
VIC_09760011215,1,1,1,1,1,0,0,20210101,20261231
VIC_09760011615,1,1,1,1,1,0,0,20210101,20261231
VIC_09760011630,0,0,0,0,0,1,0,20200914,20261231
VIC_09760011755,0,0,0,0,0,1,0,20200914,20261231
VIC_09760011815,1,1,1,1,1,0,0,20200318,20261231
VIC_09770010945,1,1,1,1,1,1,0,20250908,20261231
VIC_09770011430,1,1,1,1,1,1,0,20250908,20261231
VIC_09770011650,1,1,1,1,1,1,0,20250908,20261231
VIC_09770011815,1,1,1,1,1,1,0,20250908,20261231
VIC_09770011915,1,1,1,1,1,1,0,20250908,20261231
VIC_09770012015,1,1,1,1,1,1,0,20250908,20261231
VIC_09770012115,1,1,1,1,1,1,0,20250908,20261231
VIC_09780010745,1,1,1,1,1,1,0,20250908,20261231
VIC_09780010845,1,1,1,1,1,1,0,20250908,20261231
VIC_09780011045,1,1,1,1,1,1,0,20250908,20261231
VIC_09780011145,1,1,1,1,1,1,0,20250908,20261231
VIC_09780011245,1,1,1,1,1,1,0,20250908,20261231
VIC_09780011345,1,1,1,1,1,1,0,20250908,20261231
VIC_09780011405,1,1,1,1,1,1,0,20250908,20261231
VIC_09780011450,1,1,1,1,1,1,0,20250908,20261231
VIC_09780011550,1,1,1,1,1,1,0,20250908,20261231
VIC_09780011715,1,1,1,1,1,1,0,20250908,20261231
